ISO-10303-21;
HEADER;
/* Generated by software containing ST-Developer
 * from STEP Tools, Inc. (www.steptools.com) 
 */

FILE_DESCRIPTION(
/* description */ (''),
/* implementation_level */ '2;1');

FILE_NAME(
/* name */ 'Component157.step',
/* time_stamp */ '2025-11-05T16:05:15+09:00',
/* author */ (''),
/* organization */ (''),
/* preprocessor_version */ 'ST-DEVELOPER v20.1',
/* originating_system */ 'Autodesk Translation Framework v14.17.0.0',
/* authorisation */ '');

FILE_SCHEMA (('AUTOMOTIVE_DESIGN { 1 0 10303 214 3 1 1 }'));
ENDSEC;

DATA;
#10=MECHANICAL_DESIGN_GEOMETRIC_PRESENTATION_REPRESENTATION('',(#13),#6190);
#11=SHAPE_REPRESENTATION_RELATIONSHIP('SRR','None',#6197,#12);
#12=ADVANCED_BREP_SHAPE_REPRESENTATION('',(#14),#6189);
#13=STYLED_ITEM('',(#6207),#14);
#14=MANIFOLD_SOLID_BREP('\X2\30DC30C730A3\X0\17 (1)',#3309);
#15=FACE_BOUND('',#345,.T.);
#16=FACE_BOUND('',#346,.T.);
#17=FACE_BOUND('',#347,.T.);
#18=FACE_BOUND('',#348,.T.);
#19=FACE_BOUND('',#349,.T.);
#20=FACE_BOUND('',#350,.T.);
#21=FACE_BOUND('',#351,.T.);
#22=FACE_BOUND('',#352,.T.);
#23=FACE_BOUND('',#353,.T.);
#24=FACE_BOUND('',#391,.T.);
#25=FACE_BOUND('',#392,.T.);
#26=FACE_BOUND('',#393,.T.);
#27=FACE_BOUND('',#394,.T.);
#28=FACE_BOUND('',#395,.T.);
#29=FACE_BOUND('',#396,.T.);
#30=FACE_BOUND('',#397,.T.);
#31=FACE_BOUND('',#398,.T.);
#32=FACE_BOUND('',#400,.T.);
#33=FACE_BOUND('',#404,.T.);
#34=FACE_BOUND('',#408,.T.);
#35=FACE_BOUND('',#412,.T.);
#36=FACE_BOUND('',#416,.T.);
#37=FACE_BOUND('',#420,.T.);
#38=FACE_BOUND('',#424,.T.);
#39=FACE_BOUND('',#428,.T.);
#40=FACE_BOUND('',#503,.T.);
#41=PLANE('',#3337);
#42=PLANE('',#3339);
#43=PLANE('',#3388);
#44=PLANE('',#3389);
#45=PLANE('',#3396);
#46=PLANE('',#3422);
#47=PLANE('',#3426);
#48=PLANE('',#3442);
#49=PLANE('',#3452);
#50=PLANE('',#3453);
#51=PLANE('',#3478);
#52=PLANE('',#3483);
#53=PLANE('',#3488);
#54=PLANE('',#3493);
#55=PLANE('',#3498);
#56=PLANE('',#3503);
#57=PLANE('',#3508);
#58=PLANE('',#3513);
#59=PLANE('',#3584);
#60=PLANE('',#3586);
#61=PLANE('',#3588);
#62=PLANE('',#3590);
#63=PLANE('',#3592);
#64=PLANE('',#3666);
#65=PLANE('',#3668);
#66=PLANE('',#3670);
#67=PLANE('',#3674);
#68=PLANE('',#3676);
#69=PLANE('',#3678);
#70=PLANE('',#3679);
#71=PLANE('',#3692);
#72=PLANE('',#3696);
#73=PLANE('',#3700);
#74=PLANE('',#3701);
#75=PLANE('',#3702);
#76=PLANE('',#3703);
#77=PLANE('',#3704);
#78=PLANE('',#3707);
#79=PLANE('',#3710);
#80=PLANE('',#3712);
#81=PLANE('',#3714);
#82=PLANE('',#3716);
#83=PLANE('',#3718);
#84=PLANE('',#3720);
#85=PLANE('',#3722);
#86=PLANE('',#3724);
#87=PLANE('',#3726);
#88=PLANE('',#3728);
#89=PLANE('',#3730);
#90=PLANE('',#3733);
#91=PLANE('',#3734);
#92=PLANE('',#3736);
#93=PLANE('',#3738);
#94=PLANE('',#3740);
#95=PLANE('',#3743);
#96=TOROIDAL_SURFACE('',#3328,4.20026035358507,0.300000000000005);
#97=TOROIDAL_SURFACE('',#3334,4.20026035358507,0.300000000000005);
#98=TOROIDAL_SURFACE('',#3371,4.20026035358508,0.300000000000005);
#99=TOROIDAL_SURFACE('',#3374,4.20026035358508,0.300000000000005);
#100=TOROIDAL_SURFACE('',#3376,4.20026035358508,0.300000000000005);
#101=TOROIDAL_SURFACE('',#3384,4.20026035358508,0.300000000000005);
#102=TOROIDAL_SURFACE('',#3391,4.20026008745977,0.299999999999998);
#103=TOROIDAL_SURFACE('',#3406,4.20026008745978,0.299999999999998);
#104=TOROIDAL_SURFACE('',#3413,4.20026008745977,0.299999999999998);
#105=TOROIDAL_SURFACE('',#3415,4.20026008745978,0.299999999999998);
#106=TOROIDAL_SURFACE('',#3430,4.20026035358507,0.300000000000005);
#107=TOROIDAL_SURFACE('',#3431,4.20026035358507,0.300000000000005);
#108=TOROIDAL_SURFACE('',#3432,4.20026035358507,0.300000000000005);
#109=TOROIDAL_SURFACE('',#3434,4.20026035358507,0.300000000000005);
#110=TOROIDAL_SURFACE('',#3444,4.20026035358509,0.299999999999994);
#111=TOROIDAL_SURFACE('',#3445,4.20026035358509,0.299999999999994);
#112=TOROIDAL_SURFACE('',#3521,6.17499999999994,1.27);
#113=TOROIDAL_SURFACE('',#3526,6.17499999999999,1.27);
#114=TOROIDAL_SURFACE('',#3531,2.81000000000007,1.27);
#115=TOROIDAL_SURFACE('',#3536,4.27000000000006,1.27);
#116=TOROIDAL_SURFACE('',#3541,4.27000000000011,1.27);
#117=TOROIDAL_SURFACE('',#3546,2.81000000000007,1.27);
#118=TOROIDAL_SURFACE('',#3554,2.81,1.27);
#119=TOROIDAL_SURFACE('',#3559,4.27000000000013,1.27);
#120=TOROIDAL_SURFACE('',#3564,4.27000000000002,1.27);
#121=TOROIDAL_SURFACE('',#3569,2.81,1.27);
#122=TOROIDAL_SURFACE('',#3574,6.175,1.27);
#123=TOROIDAL_SURFACE('',#3579,6.175,1.27);
#124=TOROIDAL_SURFACE('',#3596,4.27000000000001,1.27);
#125=TOROIDAL_SURFACE('',#3602,4.27000000000013,1.27);
#126=TOROIDAL_SURFACE('',#3608,2.81000000000007,1.27);
#127=TOROIDAL_SURFACE('',#3614,2.81000000000007,1.27);
#128=TOROIDAL_SURFACE('',#3620,4.27000000000002,1.27);
#129=TOROIDAL_SURFACE('',#3626,4.27000000000002,1.27);
#130=TOROIDAL_SURFACE('',#3632,2.81,1.27);
#131=TOROIDAL_SURFACE('',#3638,6.175,1.27);
#132=TOROIDAL_SURFACE('',#3644,6.17499999999998,1.27);
#133=TOROIDAL_SURFACE('',#3650,6.175,1.27);
#134=TOROIDAL_SURFACE('',#3656,6.175,1.27);
#135=TOROIDAL_SURFACE('',#3662,2.81,1.27);
#136=ELLIPSE('',#3326,0.424264068711941,0.300000000000005);
#137=ELLIPSE('',#3327,0.424264068711935,0.300000000000005);
#138=ELLIPSE('',#3382,0.424264100570973,0.300000000000004);
#139=ELLIPSE('',#3383,0.424264100570973,0.300000000000005);
#140=ELLIPSE('',#3400,0.424264068711926,0.299999999999985);
#141=ELLIPSE('',#3401,0.424264068711937,0.300000000000005);
#142=ELLIPSE('',#3403,0.424264068711926,0.299999999999985);
#143=ELLIPSE('',#3404,0.424264068711926,0.299999999999985);
#144=ELLIPSE('',#3409,0.424264132429921,0.299999999999944);
#145=ELLIPSE('',#3410,0.424264132429934,0.299999999999944);
#146=ELLIPSE('',#3421,0.424264068711942,0.300000000000005);
#147=ELLIPSE('',#3438,0.424264068711919,0.299999999999994);
#148=ELLIPSE('',#3439,0.424264068711919,0.299999999999994);
#149=ELLIPSE('',#3449,0.424264062240553,0.299999999999994);
#150=ELLIPSE('',#3450,0.424264062240553,0.299999999999994);
#151=FACE_OUTER_BOUND('',#338,.T.);
#152=FACE_OUTER_BOUND('',#339,.T.);
#153=FACE_OUTER_BOUND('',#340,.T.);
#154=FACE_OUTER_BOUND('',#341,.T.);
#155=FACE_OUTER_BOUND('',#342,.T.);
#156=FACE_OUTER_BOUND('',#343,.T.);
#157=FACE_OUTER_BOUND('',#344,.T.);
#158=FACE_OUTER_BOUND('',#354,.T.);
#159=FACE_OUTER_BOUND('',#355,.T.);
#160=FACE_OUTER_BOUND('',#356,.T.);
#161=FACE_OUTER_BOUND('',#357,.T.);
#162=FACE_OUTER_BOUND('',#358,.T.);
#163=FACE_OUTER_BOUND('',#359,.T.);
#164=FACE_OUTER_BOUND('',#360,.T.);
#165=FACE_OUTER_BOUND('',#361,.T.);
#166=FACE_OUTER_BOUND('',#362,.T.);
#167=FACE_OUTER_BOUND('',#363,.T.);
#168=FACE_OUTER_BOUND('',#364,.T.);
#169=FACE_OUTER_BOUND('',#365,.T.);
#170=FACE_OUTER_BOUND('',#366,.T.);
#171=FACE_OUTER_BOUND('',#367,.T.);
#172=FACE_OUTER_BOUND('',#368,.T.);
#173=FACE_OUTER_BOUND('',#369,.T.);
#174=FACE_OUTER_BOUND('',#370,.T.);
#175=FACE_OUTER_BOUND('',#371,.T.);
#176=FACE_OUTER_BOUND('',#372,.T.);
#177=FACE_OUTER_BOUND('',#373,.T.);
#178=FACE_OUTER_BOUND('',#374,.T.);
#179=FACE_OUTER_BOUND('',#375,.T.);
#180=FACE_OUTER_BOUND('',#376,.T.);
#181=FACE_OUTER_BOUND('',#377,.T.);
#182=FACE_OUTER_BOUND('',#378,.T.);
#183=FACE_OUTER_BOUND('',#379,.T.);
#184=FACE_OUTER_BOUND('',#380,.T.);
#185=FACE_OUTER_BOUND('',#381,.T.);
#186=FACE_OUTER_BOUND('',#382,.T.);
#187=FACE_OUTER_BOUND('',#383,.T.);
#188=FACE_OUTER_BOUND('',#384,.T.);
#189=FACE_OUTER_BOUND('',#385,.T.);
#190=FACE_OUTER_BOUND('',#386,.T.);
#191=FACE_OUTER_BOUND('',#387,.T.);
#192=FACE_OUTER_BOUND('',#388,.T.);
#193=FACE_OUTER_BOUND('',#389,.T.);
#194=FACE_OUTER_BOUND('',#390,.T.);
#195=FACE_OUTER_BOUND('',#399,.T.);
#196=FACE_OUTER_BOUND('',#401,.T.);
#197=FACE_OUTER_BOUND('',#402,.T.);
#198=FACE_OUTER_BOUND('',#403,.T.);
#199=FACE_OUTER_BOUND('',#405,.T.);
#200=FACE_OUTER_BOUND('',#406,.T.);
#201=FACE_OUTER_BOUND('',#407,.T.);
#202=FACE_OUTER_BOUND('',#409,.T.);
#203=FACE_OUTER_BOUND('',#410,.T.);
#204=FACE_OUTER_BOUND('',#411,.T.);
#205=FACE_OUTER_BOUND('',#413,.T.);
#206=FACE_OUTER_BOUND('',#414,.T.);
#207=FACE_OUTER_BOUND('',#415,.T.);
#208=FACE_OUTER_BOUND('',#417,.T.);
#209=FACE_OUTER_BOUND('',#418,.T.);
#210=FACE_OUTER_BOUND('',#419,.T.);
#211=FACE_OUTER_BOUND('',#421,.T.);
#212=FACE_OUTER_BOUND('',#422,.T.);
#213=FACE_OUTER_BOUND('',#423,.T.);
#214=FACE_OUTER_BOUND('',#425,.T.);
#215=FACE_OUTER_BOUND('',#426,.T.);
#216=FACE_OUTER_BOUND('',#427,.T.);
#217=FACE_OUTER_BOUND('',#429,.T.);
#218=FACE_OUTER_BOUND('',#430,.T.);
#219=FACE_OUTER_BOUND('',#431,.T.);
#220=FACE_OUTER_BOUND('',#432,.T.);
#221=FACE_OUTER_BOUND('',#433,.T.);
#222=FACE_OUTER_BOUND('',#434,.T.);
#223=FACE_OUTER_BOUND('',#435,.T.);
#224=FACE_OUTER_BOUND('',#436,.T.);
#225=FACE_OUTER_BOUND('',#437,.T.);
#226=FACE_OUTER_BOUND('',#438,.T.);
#227=FACE_OUTER_BOUND('',#439,.T.);
#228=FACE_OUTER_BOUND('',#440,.T.);
#229=FACE_OUTER_BOUND('',#441,.T.);
#230=FACE_OUTER_BOUND('',#442,.T.);
#231=FACE_OUTER_BOUND('',#443,.T.);
#232=FACE_OUTER_BOUND('',#444,.T.);
#233=FACE_OUTER_BOUND('',#445,.T.);
#234=FACE_OUTER_BOUND('',#446,.T.);
#235=FACE_OUTER_BOUND('',#447,.T.);
#236=FACE_OUTER_BOUND('',#448,.T.);
#237=FACE_OUTER_BOUND('',#449,.T.);
#238=FACE_OUTER_BOUND('',#450,.T.);
#239=FACE_OUTER_BOUND('',#451,.T.);
#240=FACE_OUTER_BOUND('',#452,.T.);
#241=FACE_OUTER_BOUND('',#453,.T.);
#242=FACE_OUTER_BOUND('',#454,.T.);
#243=FACE_OUTER_BOUND('',#455,.T.);
#244=FACE_OUTER_BOUND('',#456,.T.);
#245=FACE_OUTER_BOUND('',#457,.T.);
#246=FACE_OUTER_BOUND('',#458,.T.);
#247=FACE_OUTER_BOUND('',#459,.T.);
#248=FACE_OUTER_BOUND('',#460,.T.);
#249=FACE_OUTER_BOUND('',#461,.T.);
#250=FACE_OUTER_BOUND('',#462,.T.);
#251=FACE_OUTER_BOUND('',#463,.T.);
#252=FACE_OUTER_BOUND('',#464,.T.);
#253=FACE_OUTER_BOUND('',#465,.T.);
#254=FACE_OUTER_BOUND('',#466,.T.);
#255=FACE_OUTER_BOUND('',#467,.T.);
#256=FACE_OUTER_BOUND('',#468,.T.);
#257=FACE_OUTER_BOUND('',#469,.T.);
#258=FACE_OUTER_BOUND('',#470,.T.);
#259=FACE_OUTER_BOUND('',#471,.T.);
#260=FACE_OUTER_BOUND('',#472,.T.);
#261=FACE_OUTER_BOUND('',#473,.T.);
#262=FACE_OUTER_BOUND('',#474,.T.);
#263=FACE_OUTER_BOUND('',#475,.T.);
#264=FACE_OUTER_BOUND('',#476,.T.);
#265=FACE_OUTER_BOUND('',#477,.T.);
#266=FACE_OUTER_BOUND('',#478,.T.);
#267=FACE_OUTER_BOUND('',#479,.T.);
#268=FACE_OUTER_BOUND('',#480,.T.);
#269=FACE_OUTER_BOUND('',#481,.T.);
#270=FACE_OUTER_BOUND('',#482,.T.);
#271=FACE_OUTER_BOUND('',#483,.T.);
#272=FACE_OUTER_BOUND('',#484,.T.);
#273=FACE_OUTER_BOUND('',#485,.T.);
#274=FACE_OUTER_BOUND('',#486,.T.);
#275=FACE_OUTER_BOUND('',#487,.T.);
#276=FACE_OUTER_BOUND('',#488,.T.);
#277=FACE_OUTER_BOUND('',#489,.T.);
#278=FACE_OUTER_BOUND('',#490,.T.);
#279=FACE_OUTER_BOUND('',#491,.T.);
#280=FACE_OUTER_BOUND('',#492,.T.);
#281=FACE_OUTER_BOUND('',#493,.T.);
#282=FACE_OUTER_BOUND('',#494,.T.);
#283=FACE_OUTER_BOUND('',#495,.T.);
#284=FACE_OUTER_BOUND('',#496,.T.);
#285=FACE_OUTER_BOUND('',#497,.T.);
#286=FACE_OUTER_BOUND('',#498,.T.);
#287=FACE_OUTER_BOUND('',#499,.T.);
#288=FACE_OUTER_BOUND('',#500,.T.);
#289=FACE_OUTER_BOUND('',#501,.T.);
#290=FACE_OUTER_BOUND('',#502,.T.);
#291=FACE_OUTER_BOUND('',#504,.T.);
#292=FACE_OUTER_BOUND('',#505,.T.);
#293=FACE_OUTER_BOUND('',#506,.T.);
#294=FACE_OUTER_BOUND('',#507,.T.);
#295=FACE_OUTER_BOUND('',#508,.T.);
#296=FACE_OUTER_BOUND('',#509,.T.);
#297=FACE_OUTER_BOUND('',#510,.T.);
#298=FACE_OUTER_BOUND('',#511,.T.);
#299=FACE_OUTER_BOUND('',#512,.T.);
#300=FACE_OUTER_BOUND('',#513,.T.);
#301=FACE_OUTER_BOUND('',#514,.T.);
#302=FACE_OUTER_BOUND('',#515,.T.);
#303=FACE_OUTER_BOUND('',#516,.T.);
#304=FACE_OUTER_BOUND('',#517,.T.);
#305=FACE_OUTER_BOUND('',#518,.T.);
#306=FACE_OUTER_BOUND('',#519,.T.);
#307=FACE_OUTER_BOUND('',#520,.T.);
#308=FACE_OUTER_BOUND('',#521,.T.);
#309=FACE_OUTER_BOUND('',#522,.T.);
#310=FACE_OUTER_BOUND('',#523,.T.);
#311=FACE_OUTER_BOUND('',#524,.T.);
#312=FACE_OUTER_BOUND('',#525,.T.);
#313=FACE_OUTER_BOUND('',#526,.T.);
#314=FACE_OUTER_BOUND('',#527,.T.);
#315=FACE_OUTER_BOUND('',#528,.T.);
#316=FACE_OUTER_BOUND('',#529,.T.);
#317=FACE_OUTER_BOUND('',#530,.T.);
#318=FACE_OUTER_BOUND('',#531,.T.);
#319=FACE_OUTER_BOUND('',#532,.T.);
#320=FACE_OUTER_BOUND('',#533,.T.);
#321=FACE_OUTER_BOUND('',#534,.T.);
#322=FACE_OUTER_BOUND('',#535,.T.);
#323=FACE_OUTER_BOUND('',#536,.T.);
#324=FACE_OUTER_BOUND('',#537,.T.);
#325=FACE_OUTER_BOUND('',#538,.T.);
#326=FACE_OUTER_BOUND('',#539,.T.);
#327=FACE_OUTER_BOUND('',#540,.T.);
#328=FACE_OUTER_BOUND('',#541,.T.);
#329=FACE_OUTER_BOUND('',#542,.T.);
#330=FACE_OUTER_BOUND('',#543,.T.);
#331=FACE_OUTER_BOUND('',#544,.T.);
#332=FACE_OUTER_BOUND('',#545,.T.);
#333=FACE_OUTER_BOUND('',#546,.T.);
#334=FACE_OUTER_BOUND('',#547,.T.);
#335=FACE_OUTER_BOUND('',#548,.T.);
#336=FACE_OUTER_BOUND('',#549,.T.);
#337=FACE_OUTER_BOUND('',#550,.T.);
#338=EDGE_LOOP('',(#2050,#2051,#2052,#2053,#2054));
#339=EDGE_LOOP('',(#2055,#2056,#2057,#2058,#2059));
#340=EDGE_LOOP('',(#2060,#2061,#2062,#2063,#2064,#2065));
#341=EDGE_LOOP('',(#2066,#2067,#2068,#2069,#2070,#2071,#2072));
#342=EDGE_LOOP('',(#2073,#2074,#2075,#2076,#2077));
#343=EDGE_LOOP('',(#2078,#2079,#2080));
#344=EDGE_LOOP('',(#2081,#2082,#2083,#2084,#2085,#2086,#2087,#2088,#2089,
#2090,#2091,#2092,#2093,#2094,#2095,#2096,#2097,#2098,#2099,#2100,#2101,
#2102,#2103,#2104,#2105,#2106,#2107,#2108,#2109,#2110,#2111,#2112,#2113,
#2114,#2115,#2116));
#345=EDGE_LOOP('',(#2117,#2118,#2119,#2120,#2121,#2122,#2123,#2124,#2125,
#2126,#2127,#2128,#2129,#2130,#2131,#2132,#2133,#2134,#2135,#2136));
#346=EDGE_LOOP('',(#2137));
#347=EDGE_LOOP('',(#2138));
#348=EDGE_LOOP('',(#2139));
#349=EDGE_LOOP('',(#2140));
#350=EDGE_LOOP('',(#2141));
#351=EDGE_LOOP('',(#2142));
#352=EDGE_LOOP('',(#2143));
#353=EDGE_LOOP('',(#2144));
#354=EDGE_LOOP('',(#2145,#2146,#2147,#2148,#2149));
#355=EDGE_LOOP('',(#2150,#2151,#2152,#2153,#2154,#2155,#2156));
#356=EDGE_LOOP('',(#2157,#2158,#2159,#2160,#2161,#2162));
#357=EDGE_LOOP('',(#2163,#2164,#2165,#2166,#2167,#2168));
#358=EDGE_LOOP('',(#2169,#2170,#2171,#2172,#2173));
#359=EDGE_LOOP('',(#2174,#2175,#2176,#2177,#2178,#2179,#2180));
#360=EDGE_LOOP('',(#2181,#2182,#2183,#2184,#2185,#2186));
#361=EDGE_LOOP('',(#2187,#2188,#2189));
#362=EDGE_LOOP('',(#2190,#2191,#2192,#2193,#2194,#2195,#2196));
#363=EDGE_LOOP('',(#2197,#2198,#2199,#2200,#2201));
#364=EDGE_LOOP('',(#2202,#2203,#2204,#2205,#2206));
#365=EDGE_LOOP('',(#2207,#2208,#2209,#2210,#2211,#2212,#2213,#2214,#2215));
#366=EDGE_LOOP('',(#2216,#2217,#2218,#2219,#2220));
#367=EDGE_LOOP('',(#2221,#2222,#2223,#2224,#2225));
#368=EDGE_LOOP('',(#2226,#2227,#2228,#2229,#2230));
#369=EDGE_LOOP('',(#2231,#2232,#2233,#2234,#2235,#2236));
#370=EDGE_LOOP('',(#2237,#2238,#2239,#2240,#2241));
#371=EDGE_LOOP('',(#2242,#2243,#2244,#2245,#2246,#2247));
#372=EDGE_LOOP('',(#2248,#2249,#2250,#2251,#2252));
#373=EDGE_LOOP('',(#2253,#2254,#2255,#2256));
#374=EDGE_LOOP('',(#2257,#2258,#2259,#2260,#2261));
#375=EDGE_LOOP('',(#2262,#2263,#2264,#2265));
#376=EDGE_LOOP('',(#2266,#2267,#2268,#2269,#2270,#2271,#2272,#2273,#2274));
#377=EDGE_LOOP('',(#2275,#2276,#2277,#2278,#2279,#2280,#2281));
#378=EDGE_LOOP('',(#2282,#2283,#2284,#2285,#2286,#2287));
#379=EDGE_LOOP('',(#2288,#2289,#2290,#2291,#2292,#2293));
#380=EDGE_LOOP('',(#2294,#2295,#2296,#2297,#2298));
#381=EDGE_LOOP('',(#2299,#2300,#2301,#2302,#2303,#2304,#2305));
#382=EDGE_LOOP('',(#2306,#2307,#2308,#2309,#2310));
#383=EDGE_LOOP('',(#2311,#2312,#2313,#2314,#2315));
#384=EDGE_LOOP('',(#2316,#2317,#2318));
#385=EDGE_LOOP('',(#2319,#2320,#2321,#2322,#2323));
#386=EDGE_LOOP('',(#2324,#2325,#2326,#2327,#2328));
#387=EDGE_LOOP('',(#2329,#2330,#2331,#2332,#2333));
#388=EDGE_LOOP('',(#2334,#2335,#2336,#2337,#2338,#2339,#2340));
#389=EDGE_LOOP('',(#2341,#2342,#2343,#2344));
#390=EDGE_LOOP('',(#2345,#2346,#2347,#2348,#2349,#2350,#2351,#2352,#2353,
#2354,#2355,#2356,#2357,#2358,#2359,#2360,#2361,#2362,#2363,#2364,#2365,
#2366,#2367,#2368,#2369,#2370,#2371,#2372,#2373,#2374,#2375,#2376,#2377,
#2378,#2379,#2380,#2381,#2382));
#391=EDGE_LOOP('',(#2383));
#392=EDGE_LOOP('',(#2384));
#393=EDGE_LOOP('',(#2385));
#394=EDGE_LOOP('',(#2386));
#395=EDGE_LOOP('',(#2387));
#396=EDGE_LOOP('',(#2388));
#397=EDGE_LOOP('',(#2389));
#398=EDGE_LOOP('',(#2390));
#399=EDGE_LOOP('',(#2391));
#400=EDGE_LOOP('',(#2392));
#401=EDGE_LOOP('',(#2393,#2394,#2395,#2396));
#402=EDGE_LOOP('',(#2397,#2398,#2399,#2400));
#403=EDGE_LOOP('',(#2401));
#404=EDGE_LOOP('',(#2402));
#405=EDGE_LOOP('',(#2403,#2404,#2405,#2406));
#406=EDGE_LOOP('',(#2407,#2408,#2409,#2410));
#407=EDGE_LOOP('',(#2411));
#408=EDGE_LOOP('',(#2412));
#409=EDGE_LOOP('',(#2413,#2414,#2415,#2416));
#410=EDGE_LOOP('',(#2417,#2418,#2419,#2420));
#411=EDGE_LOOP('',(#2421));
#412=EDGE_LOOP('',(#2422));
#413=EDGE_LOOP('',(#2423,#2424,#2425,#2426));
#414=EDGE_LOOP('',(#2427,#2428,#2429,#2430));
#415=EDGE_LOOP('',(#2431));
#416=EDGE_LOOP('',(#2432));
#417=EDGE_LOOP('',(#2433,#2434,#2435,#2436));
#418=EDGE_LOOP('',(#2437,#2438,#2439,#2440));
#419=EDGE_LOOP('',(#2441));
#420=EDGE_LOOP('',(#2442));
#421=EDGE_LOOP('',(#2443,#2444,#2445,#2446));
#422=EDGE_LOOP('',(#2447,#2448,#2449,#2450));
#423=EDGE_LOOP('',(#2451));
#424=EDGE_LOOP('',(#2452));
#425=EDGE_LOOP('',(#2453,#2454,#2455,#2456));
#426=EDGE_LOOP('',(#2457,#2458,#2459,#2460));
#427=EDGE_LOOP('',(#2461));
#428=EDGE_LOOP('',(#2462));
#429=EDGE_LOOP('',(#2463,#2464,#2465,#2466));
#430=EDGE_LOOP('',(#2467,#2468,#2469,#2470));
#431=EDGE_LOOP('',(#2471,#2472,#2473,#2474));
#432=EDGE_LOOP('',(#2475,#2476,#2477,#2478));
#433=EDGE_LOOP('',(#2479,#2480,#2481,#2482));
#434=EDGE_LOOP('',(#2483,#2484,#2485,#2486));
#435=EDGE_LOOP('',(#2487,#2488,#2489,#2490));
#436=EDGE_LOOP('',(#2491,#2492,#2493,#2494));
#437=EDGE_LOOP('',(#2495,#2496,#2497,#2498));
#438=EDGE_LOOP('',(#2499,#2500,#2501,#2502));
#439=EDGE_LOOP('',(#2503,#2504,#2505,#2506));
#440=EDGE_LOOP('',(#2507,#2508,#2509,#2510));
#441=EDGE_LOOP('',(#2511,#2512,#2513,#2514));
#442=EDGE_LOOP('',(#2515,#2516,#2517,#2518));
#443=EDGE_LOOP('',(#2519,#2520,#2521,#2522));
#444=EDGE_LOOP('',(#2523,#2524,#2525,#2526));
#445=EDGE_LOOP('',(#2527,#2528,#2529,#2530));
#446=EDGE_LOOP('',(#2531,#2532,#2533,#2534));
#447=EDGE_LOOP('',(#2535,#2536,#2537,#2538));
#448=EDGE_LOOP('',(#2539,#2540,#2541,#2542));
#449=EDGE_LOOP('',(#2543,#2544,#2545,#2546));
#450=EDGE_LOOP('',(#2547,#2548,#2549,#2550));
#451=EDGE_LOOP('',(#2551,#2552,#2553,#2554));
#452=EDGE_LOOP('',(#2555,#2556,#2557,#2558));
#453=EDGE_LOOP('',(#2559,#2560,#2561,#2562));
#454=EDGE_LOOP('',(#2563,#2564,#2565,#2566));
#455=EDGE_LOOP('',(#2567,#2568,#2569,#2570));
#456=EDGE_LOOP('',(#2571,#2572,#2573,#2574));
#457=EDGE_LOOP('',(#2575,#2576,#2577,#2578,#2579));
#458=EDGE_LOOP('',(#2580,#2581,#2582,#2583));
#459=EDGE_LOOP('',(#2584,#2585,#2586,#2587));
#460=EDGE_LOOP('',(#2588,#2589,#2590,#2591));
#461=EDGE_LOOP('',(#2592,#2593,#2594,#2595,#2596));
#462=EDGE_LOOP('',(#2597,#2598,#2599,#2600));
#463=EDGE_LOOP('',(#2601,#2602,#2603,#2604));
#464=EDGE_LOOP('',(#2605,#2606,#2607,#2608));
#465=EDGE_LOOP('',(#2609,#2610,#2611,#2612,#2613,#2614));
#466=EDGE_LOOP('',(#2615,#2616,#2617,#2618));
#467=EDGE_LOOP('',(#2619,#2620,#2621,#2622));
#468=EDGE_LOOP('',(#2623,#2624,#2625,#2626));
#469=EDGE_LOOP('',(#2627,#2628,#2629,#2630));
#470=EDGE_LOOP('',(#2631,#2632,#2633,#2634));
#471=EDGE_LOOP('',(#2635,#2636,#2637,#2638));
#472=EDGE_LOOP('',(#2639,#2640,#2641,#2642));
#473=EDGE_LOOP('',(#2643,#2644,#2645,#2646));
#474=EDGE_LOOP('',(#2647,#2648,#2649,#2650));
#475=EDGE_LOOP('',(#2651,#2652,#2653,#2654));
#476=EDGE_LOOP('',(#2655,#2656,#2657,#2658));
#477=EDGE_LOOP('',(#2659,#2660,#2661,#2662));
#478=EDGE_LOOP('',(#2663,#2664,#2665,#2666));
#479=EDGE_LOOP('',(#2667,#2668,#2669,#2670));
#480=EDGE_LOOP('',(#2671,#2672,#2673,#2674));
#481=EDGE_LOOP('',(#2675,#2676,#2677,#2678));
#482=EDGE_LOOP('',(#2679,#2680,#2681,#2682));
#483=EDGE_LOOP('',(#2683,#2684,#2685,#2686));
#484=EDGE_LOOP('',(#2687,#2688,#2689,#2690));
#485=EDGE_LOOP('',(#2691,#2692,#2693,#2694));
#486=EDGE_LOOP('',(#2695,#2696,#2697,#2698));
#487=EDGE_LOOP('',(#2699,#2700,#2701,#2702));
#488=EDGE_LOOP('',(#2703,#2704,#2705,#2706));
#489=EDGE_LOOP('',(#2707,#2708,#2709,#2710));
#490=EDGE_LOOP('',(#2711,#2712,#2713,#2714));
#491=EDGE_LOOP('',(#2715,#2716,#2717,#2718));
#492=EDGE_LOOP('',(#2719,#2720,#2721,#2722));
#493=EDGE_LOOP('',(#2723,#2724,#2725,#2726));
#494=EDGE_LOOP('',(#2727,#2728,#2729,#2730));
#495=EDGE_LOOP('',(#2731,#2732,#2733,#2734,#2735,#2736,#2737,#2738,#2739,
#2740,#2741,#2742,#2743,#2744));
#496=EDGE_LOOP('',(#2745,#2746,#2747,#2748));
#497=EDGE_LOOP('',(#2749,#2750,#2751,#2752));
#498=EDGE_LOOP('',(#2753,#2754,#2755,#2756));
#499=EDGE_LOOP('',(#2757,#2758,#2759,#2760));
#500=EDGE_LOOP('',(#2761,#2762,#2763,#2764));
#501=EDGE_LOOP('',(#2765,#2766,#2767,#2768));
#502=EDGE_LOOP('',(#2769,#2770,#2771,#2772,#2773,#2774,#2775,#2776,#2777,
#2778,#2779,#2780,#2781,#2782,#2783,#2784,#2785,#2786,#2787,#2788,#2789,
#2790,#2791,#2792));
#503=EDGE_LOOP('',(#2793,#2794,#2795,#2796,#2797,#2798,#2799,#2800,#2801,
#2802,#2803,#2804,#2805,#2806,#2807,#2808,#2809,#2810,#2811,#2812,#2813,
#2814,#2815,#2816));
#504=EDGE_LOOP('',(#2817,#2818,#2819,#2820,#2821,#2822,#2823));
#505=EDGE_LOOP('',(#2824,#2825,#2826,#2827));
#506=EDGE_LOOP('',(#2828,#2829,#2830,#2831));
#507=EDGE_LOOP('',(#2832,#2833,#2834,#2835));
#508=EDGE_LOOP('',(#2836,#2837,#2838,#2839,#2840,#2841,#2842));
#509=EDGE_LOOP('',(#2843,#2844,#2845,#2846));
#510=EDGE_LOOP('',(#2847,#2848,#2849,#2850,#2851,#2852,#2853,#2854,#2855,
#2856));
#511=EDGE_LOOP('',(#2857,#2858,#2859,#2860));
#512=EDGE_LOOP('',(#2861,#2862,#2863,#2864));
#513=EDGE_LOOP('',(#2865,#2866,#2867,#2868));
#514=EDGE_LOOP('',(#2869,#2870,#2871,#2872));
#515=EDGE_LOOP('',(#2873,#2874,#2875,#2876));
#516=EDGE_LOOP('',(#2877,#2878,#2879,#2880,#2881,#2882,#2883,#2884,#2885,
#2886,#2887));
#517=EDGE_LOOP('',(#2888,#2889,#2890,#2891));
#518=EDGE_LOOP('',(#2892,#2893,#2894,#2895));
#519=EDGE_LOOP('',(#2896,#2897,#2898,#2899));
#520=EDGE_LOOP('',(#2900,#2901,#2902,#2903));
#521=EDGE_LOOP('',(#2904,#2905,#2906,#2907));
#522=EDGE_LOOP('',(#2908,#2909,#2910,#2911));
#523=EDGE_LOOP('',(#2912,#2913,#2914,#2915));
#524=EDGE_LOOP('',(#2916,#2917,#2918,#2919));
#525=EDGE_LOOP('',(#2920,#2921,#2922,#2923));
#526=EDGE_LOOP('',(#2924,#2925,#2926,#2927,#2928,#2929,#2930,#2931,#2932,
#2933));
#527=EDGE_LOOP('',(#2934,#2935,#2936,#2937));
#528=EDGE_LOOP('',(#2938,#2939,#2940,#2941));
#529=EDGE_LOOP('',(#2942,#2943,#2944,#2945));
#530=EDGE_LOOP('',(#2946,#2947,#2948,#2949));
#531=EDGE_LOOP('',(#2950,#2951,#2952,#2953));
#532=EDGE_LOOP('',(#2954,#2955,#2956,#2957));
#533=EDGE_LOOP('',(#2958,#2959,#2960,#2961));
#534=EDGE_LOOP('',(#2962,#2963,#2964,#2965));
#535=EDGE_LOOP('',(#2966,#2967,#2968,#2969));
#536=EDGE_LOOP('',(#2970,#2971,#2972,#2973));
#537=EDGE_LOOP('',(#2974,#2975,#2976,#2977));
#538=EDGE_LOOP('',(#2978,#2979,#2980,#2981));
#539=EDGE_LOOP('',(#2982,#2983,#2984,#2985));
#540=EDGE_LOOP('',(#2986,#2987,#2988,#2989));
#541=EDGE_LOOP('',(#2990,#2991,#2992,#2993));
#542=EDGE_LOOP('',(#2994,#2995,#2996,#2997));
#543=EDGE_LOOP('',(#2998,#2999,#3000,#3001));
#544=EDGE_LOOP('',(#3002,#3003,#3004,#3005));
#545=EDGE_LOOP('',(#3006,#3007,#3008,#3009));
#546=EDGE_LOOP('',(#3010,#3011,#3012,#3013));
#547=EDGE_LOOP('',(#3014,#3015,#3016,#3017));
#548=EDGE_LOOP('',(#3018,#3019,#3020,#3021));
#549=EDGE_LOOP('',(#3022,#3023,#3024,#3025));
#550=EDGE_LOOP('',(#3026,#3027,#3028,#3029));
#551=B_SPLINE_CURVE_WITH_KNOTS('',3,(#4824,#4825,#4826,#4827,#4828,#4829,
#4830,#4831,#4832,#4833,#4834,#4835,#4836,#4837),.UNSPECIFIED.,.F.,.F.,
(4,2,2,2,2,2,4),(-0.0620701085096793,-0.0616942029472388,-0.0443280806478467,
-0.0280358485652115,-0.0155812514976673,-0.00711321383204604,-5.34978079072546E-7),
 .UNSPECIFIED.);
#552=B_SPLINE_CURVE_WITH_KNOTS('',3,(#4838,#4839,#4840,#4841,#4842,#4843,
#4844,#4845,#4846,#4847,#4848,#4849,#4850,#4851),.UNSPECIFIED.,.F.,.F.,
(4,2,2,2,2,2,4),(-0.0544818833545671,-0.0454526686086958,-0.0353139220102387,
-0.0223616287578132,-0.0113306025792677,3.08786202857236E-9,0.00031391644874823),
 .UNSPECIFIED.);
#553=B_SPLINE_CURVE_WITH_KNOTS('',3,(#4854,#4855,#4856,#4857,#4858,#4859),
 .UNSPECIFIED.,.F.,.F.,(4,2,4),(-0.00572924027120376,0.,0.00031386110950596),
 .UNSPECIFIED.);
#554=B_SPLINE_CURVE_WITH_KNOTS('',3,(#4866,#4867,#4868,#4869,#4870,#4871,
#4872,#4873,#4874,#4875,#4876,#4877,#4878,#4879),.UNSPECIFIED.,.F.,.F.,
(4,2,2,2,2,2,4),(-0.0602469464937692,-0.059870668924686,-0.0441985351146665,
-0.0296888484267828,-0.0170603570102438,-0.00791030565550466,-5.34978079030912E-7),
 .UNSPECIFIED.);
#555=B_SPLINE_CURVE_WITH_KNOTS('',3,(#4885,#4886,#4887,#4888,#4889,#4890,
#4891,#4892,#4893,#4894,#4895,#4896,#4897,#4898),.UNSPECIFIED.,.F.,.F.,
(4,2,2,2,2,2,4),(-0.000406194685337473,-3.43795283691203E-9,0.0183947904799941,
0.0352603629946582,0.0478533082481881,0.0564538513059355,0.0636971932161815),
 .UNSPECIFIED.);
#556=B_SPLINE_CURVE_WITH_KNOTS('',3,(#4900,#4901,#4902,#4903,#4904,#4905,
#4906,#4907,#4908,#4909,#4910,#4911,#4912,#4913),.UNSPECIFIED.,.F.,.F.,
(4,2,2,2,2,2,4),(5.34978078958791E-7,0.00460284032277993,0.0146463157015153,
0.0260836447224062,0.0388499584681493,0.0522807443881406,0.052584313170122),
 .UNSPECIFIED.);
#557=B_SPLINE_CURVE_WITH_KNOTS('',3,(#4921,#4922,#4923,#4924,#4925,#4926,
#4927,#4928,#4929,#4930,#4931,#4932,#4933,#4934),.UNSPECIFIED.,.F.,.F.,
(4,2,2,2,2,2,4),(-0.259270187912959,-0.254962428236375,-0.250422216646294,
-0.24003885376035,-0.204996756952669,-0.112809718447785,-0.0361123222013774),
 .UNSPECIFIED.);
#558=B_SPLINE_CURVE_WITH_KNOTS('',3,(#4940,#4941,#4942,#4943,#4944,#4945,
#4946,#4947,#4948,#4949,#4950,#4951,#4952,#4953),.UNSPECIFIED.,.F.,.F.,
(4,2,2,2,2,2,4),(-0.000406197161607652,-3.4379755694874E-9,0.0183905646969817,
0.0352569067705252,0.0478522379759373,0.0564536984024934,0.0636971961784802),
 .UNSPECIFIED.);
#559=B_SPLINE_CURVE_WITH_KNOTS('',3,(#4955,#4956,#4957,#4958,#4959,#4960,
#4961,#4962,#4963,#4964,#4965,#4966,#4967,#4968),.UNSPECIFIED.,.F.,.F.,
(4,2,2,2,2,2,4),(5.34978078963944E-7,0.00516261687092183,0.0146562189579677,
0.0262223357343985,0.039529834906426,0.0533042229962056,0.0536077653518414),
 .UNSPECIFIED.);
#560=B_SPLINE_CURVE_WITH_KNOTS('',3,(#5102,#5103,#5104,#5105,#5106,#5107,
#5108,#5109,#5110,#5111,#5112,#5113,#5114,#5115),.UNSPECIFIED.,.F.,.F.,
(4,2,2,2,2,2,4),(-0.000380645237834708,0.,0.015853460827815,0.030531093877292,
0.043306497356882,0.0525629052021346,0.0605645014803517),.UNSPECIFIED.);
#561=B_SPLINE_CURVE_WITH_KNOTS('',3,(#5117,#5118,#5119,#5120,#5121,#5122,
#5123,#5124,#5125,#5126,#5127,#5128,#5129,#5130),.UNSPECIFIED.,.F.,.F.,
(4,2,2,2,2,2,4),(0.,0.00896180791396082,0.0190249653882797,0.0318807571696217,
0.0428289872161806,0.0540745221437096,0.0543860915013961),.UNSPECIFIED.);
#562=B_SPLINE_CURVE_WITH_KNOTS('',3,(#5143,#5144,#5145,#5146,#5147,#5148,
#5149,#5150,#5151,#5152,#5153,#5154,#5155,#5156),.UNSPECIFIED.,.F.,.F.,
(4,2,2,2,2,2,4),(-0.054386092200667,-0.0540745228332378,-0.0428289873393364,
-0.0318807567301917,-0.0190249649721822,-0.00896180768709287,0.),
 .UNSPECIFIED.);
#563=B_SPLINE_CURVE_WITH_KNOTS('',3,(#5157,#5158,#5159,#5160,#5161,#5162,
#5163,#5164,#5165,#5166,#5167,#5168,#5169,#5170),.UNSPECIFIED.,.F.,.F.,
(4,2,2,2,2,2,4),(-0.0624950341197179,-0.055289884482216,-0.0467115895100624,
-0.0340946705102767,-0.0175911948046666,0.,0.000380791890895718),
 .UNSPECIFIED.);
#564=B_SPLINE_CURVE_WITH_KNOTS('',3,(#5176,#5177,#5178,#5179,#5180,#5181),
 .UNSPECIFIED.,.F.,.F.,(4,2,4),(-0.0537531094287945,-0.0534414923127148,
-0.0477532122301721),.UNSPECIFIED.);
#565=B_SPLINE_CURVE_WITH_KNOTS('',3,(#5182,#5183,#5184,#5185,#5186,#5187,
#5188,#5189,#5190,#5191,#5192,#5193,#5194,#5195),.UNSPECIFIED.,.F.,.F.,
(4,2,2,2,2,2,4),(-0.0605644988536326,-0.0525629025505153,-0.0433064947580371,
-0.0305310916013186,-0.0158534595544543,0.,0.000380645194238429),
 .UNSPECIFIED.);
#566=B_SPLINE_CURVE_WITH_KNOTS('',3,(#5199,#5200,#5201,#5202,#5203,#5204,
#5205,#5206,#5207,#5208,#5209,#5210,#5211,#5212),.UNSPECIFIED.,.F.,.F.,
(4,2,2,2,2,2,4),(-0.000380791890343281,0.,0.017591195462588,0.0340946715202659,
0.046711590170033,0.0552898847303235,0.0624950339562419),.UNSPECIFIED.);
#567=B_SPLINE_CURVE_WITH_KNOTS('',3,(#5214,#5215,#5216,#5217,#5218,#5219),
 .UNSPECIFIED.,.F.,.F.,(4,2,4),(0.0477533281302005,0.0534414916932718,0.0537531088127747),
 .UNSPECIFIED.);
#568=B_SPLINE_CURVE_WITH_KNOTS('',3,(#5221,#5222,#5223,#5224,#5225,#5226,
#5227,#5228,#5229,#5230,#5231,#5232,#5233,#5234),.UNSPECIFIED.,.F.,.F.,
(4,2,2,2,2,2,4),(0.,0.00310599710402204,0.00701678114347453,0.0137310476912098,
0.0287916749089179,0.0756948592193146,0.101363687463865),.UNSPECIFIED.);
#569=B_SPLINE_CURVE_WITH_KNOTS('',3,(#5239,#5240,#5241,#5242,#5243,#5244,
#5245,#5246,#5247,#5248,#5249,#5250,#5251,#5252),.UNSPECIFIED.,.F.,.F.,
(4,2,2,2,2,2,4),(-0.102686360088128,-0.0745604028135218,-0.029896053892177,
-0.0139325073477923,-0.00705440931590727,-0.0031104236437793,0.),
 .UNSPECIFIED.);
#570=B_SPLINE_CURVE_WITH_KNOTS('',3,(#5295,#5296,#5297,#5298,#5299,#5300,
#5301,#5302,#5303,#5304,#5305,#5306,#5307,#5308),.UNSPECIFIED.,.F.,.F.,
(4,2,2,2,2,2,4),(-0.000304401679794921,-3.09543902614123E-9,0.0098403580521171,
0.019382237089203,0.0320833251844547,0.0427720347628833,0.0526385592545334),
 .UNSPECIFIED.);
#571=B_SPLINE_CURVE_WITH_KNOTS('',3,(#5309,#5310,#5311,#5312,#5313,#5314,
#5315,#5316,#5317,#5318,#5319,#5320,#5321,#5322),.UNSPECIFIED.,.F.,.F.,
(4,2,2,2,2,2,4),(5.34978079096137E-7,0.00714077282565609,0.0156090907506476,
0.0279861920872812,0.0446711908514021,0.06281254073863,0.0632071655991659),
 .UNSPECIFIED.);
#572=B_SPLINE_CURVE_WITH_KNOTS('',3,(#5335,#5336,#5337,#5338,#5339,#5340,
#5341,#5342,#5343,#5344,#5345,#5346,#5347,#5348),.UNSPECIFIED.,.F.,.F.,
(4,2,2,2,2,2,4),(-0.000304494977876313,-3.03677188739438E-9,0.0107863420884182,
0.0213732955442536,0.0343510438124884,0.044582163465142,0.0537070114427459),
 .UNSPECIFIED.);
#573=B_SPLINE_CURVE_WITH_KNOTS('',3,(#5350,#5351,#5352,#5353,#5354,#5355,
#5356,#5357,#5358,#5359,#5360,#5361,#5362,#5363),.UNSPECIFIED.,.F.,.F.,
(4,2,2,2,2,2,4),(5.34978079096122E-7,0.00714136906044079,0.0156132455273998,
0.0279994910307463,0.0446874981261948,0.062812409448336,0.0632070425958515),
 .UNSPECIFIED.);
#574=B_SPLINE_CURVE_WITH_KNOTS('',3,(#5390,#5391,#5392,#5393,#5394,#5395,
#5396,#5397,#5398,#5399,#5400,#5401,#5402,#5403),.UNSPECIFIED.,.F.,.F.,
(4,2,2,2,2,2,4),(-0.000380645230104968,0.,0.0158534620903245,0.0305310961949168,
0.0433064992760663,0.0525629066250454,0.060564502405151),.UNSPECIFIED.);
#575=B_SPLINE_CURVE_WITH_KNOTS('',3,(#5404,#5405,#5406,#5407,#5408,#5409,
#5410,#5411,#5412,#5413,#5414,#5415,#5416,#5417),.UNSPECIFIED.,.F.,.F.,
(4,2,2,2,2,2,4),(0.,0.00896180826522321,0.0190249659897953,0.0318807576967533,
0.0428289869394289,0.0540745209436007,0.0543860902923389),.UNSPECIFIED.);
#576=B_SPLINE_CURVE_WITH_KNOTS('',3,(#5420,#5421,#5422,#5423,#5424,#5425,
#5426,#5427,#5428,#5429,#5430,#5431,#5432,#5433),.UNSPECIFIED.,.F.,.F.,
(4,2,2,2,2,2,4),(-0.000400229512695814,0.,0.0183983227753452,0.0353197650115325,
0.0478730755364886,0.0564618466087021,0.063703511817178),.UNSPECIFIED.);
#577=B_SPLINE_CURVE_WITH_KNOTS('',3,(#5434,#5435,#5436,#5437,#5438,#5439,
#5440,#5441,#5442,#5443,#5444,#5445,#5446,#5447),.UNSPECIFIED.,.F.,.F.,
(4,2,2,2,2,2,4),(0.,0.00980431371618094,0.0204256949988376,0.0330468266274127,
0.0425281655150887,0.0523060745868621,0.0526085536238143),.UNSPECIFIED.);
#578=B_SPLINE_CURVE_WITH_KNOTS('',3,(#5452,#5453,#5454,#5455,#5456,#5457,
#5458,#5459,#5460,#5461,#5462,#5463,#5464,#5465),.UNSPECIFIED.,.F.,.F.,
(4,2,2,2,2,2,4),(-0.000400238855396813,0.,0.0183816930188357,0.0353062249344206,
0.0478688387613501,0.0564612389325514,0.0637035256669151),.UNSPECIFIED.);
#579=B_SPLINE_CURVE_WITH_KNOTS('',3,(#5467,#5468,#5469,#5470,#5471,#5472,
#5473,#5474,#5475,#5476,#5477,#5478,#5479,#5480),.UNSPECIFIED.,.F.,.F.,
(4,2,2,2,2,2,4),(0.,0.00906241401823787,0.0192236308379962,0.0321127678723315,
0.042626850504812,0.0533389318506277,0.0536413400521882),.UNSPECIFIED.);
#580=B_SPLINE_CURVE_WITH_KNOTS('',3,(#5483,#5484,#5485,#5486,#5487,#5488,
#5489,#5490,#5491,#5492,#5493,#5494,#5495,#5496),.UNSPECIFIED.,.F.,.F.,
(4,2,2,2,2,2,4),(-0.000380791915405272,0.,0.0175911977197117,0.0340946758339895,
0.0467115943950768,0.0552898886561622,0.0624950375597436),.UNSPECIFIED.);
#581=B_SPLINE_CURVE_WITH_KNOTS('',3,(#5498,#5499,#5500,#5501,#5502,#5503),
 .UNSPECIFIED.,.F.,.F.,(4,2,4),(0.0477532390887994,0.0534414906768358,0.0537531077776187),
 .UNSPECIFIED.);
#582=B_SPLINE_CURVE_WITH_KNOTS('',3,(#5505,#5506,#5507,#5508,#5509,#5510,
#5511,#5512,#5513,#5514,#5515,#5516,#5517,#5518),.UNSPECIFIED.,.F.,.F.,
(4,2,2,2,2,2,4),(0.,0.00311042525093714,0.00705441288467596,0.0139325139928116,
0.0298960660351077,0.0745604421608428,0.102686383230164),.UNSPECIFIED.);
#583=CIRCLE('',#3324,0.300000000000005);
#584=CIRCLE('',#3329,3.90026035358507);
#585=CIRCLE('',#3330,4.50026035358508);
#586=CIRCLE('',#3331,0.300000000000005);
#587=CIRCLE('',#3332,0.300000000000005);
#588=CIRCLE('',#3335,4.50026035358508);
#589=CIRCLE('',#3336,3.90026035358507);
#590=CIRCLE('',#3338,3.90026035358508);
#591=CIRCLE('',#3340,1.27000000000001);
#592=CIRCLE('',#3341,1.27000000000002);
#593=CIRCLE('',#3342,2.81);
#594=CIRCLE('',#3343,4.27000000000013);
#595=CIRCLE('',#3344,4.27000000000002);
#596=CIRCLE('',#3345,2.81);
#597=CIRCLE('',#3346,6.175);
#598=CIRCLE('',#3347,6.175);
#599=CIRCLE('',#3348,1.27000000000002);
#600=CIRCLE('',#3349,1.27000000000002);
#601=CIRCLE('',#3350,6.17499999999994);
#602=CIRCLE('',#3351,6.17499999999999);
#603=CIRCLE('',#3352,2.81000000000007);
#604=CIRCLE('',#3353,4.27000000000006);
#605=CIRCLE('',#3354,4.27000000000011);
#606=CIRCLE('',#3355,2.81000000000007);
#607=CIRCLE('',#3356,4.50026035358509);
#608=CIRCLE('',#3357,4.50026008745976);
#609=CIRCLE('',#3358,4.50026035358508);
#610=CIRCLE('',#3359,4.50026035358508);
#611=CIRCLE('',#3360,4.50026035358508);
#612=CIRCLE('',#3361,4.50026008745978);
#613=CIRCLE('',#3362,4.50026035358509);
#614=CIRCLE('',#3363,2.2);
#615=CIRCLE('',#3364,2.2);
#616=CIRCLE('',#3365,2.2);
#617=CIRCLE('',#3366,2.2);
#618=CIRCLE('',#3367,2.2);
#619=CIRCLE('',#3368,2.2);
#620=CIRCLE('',#3369,2.2);
#621=CIRCLE('',#3370,2.2);
#622=CIRCLE('',#3372,3.90026035358508);
#623=CIRCLE('',#3373,0.300000000000005);
#624=CIRCLE('',#3375,4.50026035358509);
#625=CIRCLE('',#3377,3.90026035358508);
#626=CIRCLE('',#3379,0.300000000000005);
#627=CIRCLE('',#3380,0.300000000000005);
#628=CIRCLE('',#3385,3.90026035358508);
#629=CIRCLE('',#3386,4.50026035358509);
#630=CIRCLE('',#3390,4.50026008745976);
#631=CIRCLE('',#3392,3.90026008745977);
#632=CIRCLE('',#3393,0.299999999999998);
#633=CIRCLE('',#3395,0.299999999999998);
#634=CIRCLE('',#3397,3.90026008745978);
#635=CIRCLE('',#3398,4.50026035358508);
#636=CIRCLE('',#3405,0.299999999999998);
#637=CIRCLE('',#3407,0.299999999999998);
#638=CIRCLE('',#3411,0.299999999999998);
#639=CIRCLE('',#3414,3.90026008745977);
#640=CIRCLE('',#3416,3.90026008745978);
#641=CIRCLE('',#3417,4.50026008745978);
#642=CIRCLE('',#3420,0.300000000000005);
#643=CIRCLE('',#3424,0.300000000000005);
#644=CIRCLE('',#3425,0.300000000000005);
#645=CIRCLE('',#3427,3.90026035358507);
#646=CIRCLE('',#3428,4.50026035358508);
#647=CIRCLE('',#3429,3.90026035358507);
#648=CIRCLE('',#3433,3.90026035358507);
#649=CIRCLE('',#3435,3.90026035358507);
#650=CIRCLE('',#3436,4.50026035358508);
#651=CIRCLE('',#3441,0.299999999999994);
#652=CIRCLE('',#3443,3.9002603535851);
#653=CIRCLE('',#3446,3.9002603535851);
#654=CIRCLE('',#3447,0.299999999999994);
#655=CIRCLE('',#3454,5.44500000000048);
#656=CIRCLE('',#3455,5.44499999999999);
#657=CIRCLE('',#3456,1.54000000000001);
#658=CIRCLE('',#3457,3.53999999999997);
#659=CIRCLE('',#3458,3.53999999999983);
#660=CIRCLE('',#3459,1.54000000000011);
#661=CIRCLE('',#3460,1.27000000000002);
#662=CIRCLE('',#3461,1.27000000000001);
#663=CIRCLE('',#3462,1.54000000000002);
#664=CIRCLE('',#3463,3.54000000000012);
#665=CIRCLE('',#3464,3.53999999999999);
#666=CIRCLE('',#3465,1.54);
#667=CIRCLE('',#3466,5.445);
#668=CIRCLE('',#3467,5.44500000000003);
#669=CIRCLE('',#3468,1.27000000000002);
#670=CIRCLE('',#3469,1.27000000000002);
#671=CIRCLE('',#3470,1.2);
#672=CIRCLE('',#3471,1.2);
#673=CIRCLE('',#3472,1.2);
#674=CIRCLE('',#3473,1.2);
#675=CIRCLE('',#3474,1.2);
#676=CIRCLE('',#3475,1.2);
#677=CIRCLE('',#3476,1.2);
#678=CIRCLE('',#3477,1.2);
#679=CIRCLE('',#3479,2.2);
#680=CIRCLE('',#3480,1.2);
#681=CIRCLE('',#3484,2.2);
#682=CIRCLE('',#3485,1.2);
#683=CIRCLE('',#3489,2.2);
#684=CIRCLE('',#3490,1.2);
#685=CIRCLE('',#3494,2.2);
#686=CIRCLE('',#3495,1.2);
#687=CIRCLE('',#3499,2.2);
#688=CIRCLE('',#3500,1.2);
#689=CIRCLE('',#3504,2.2);
#690=CIRCLE('',#3505,1.2);
#691=CIRCLE('',#3509,2.2);
#692=CIRCLE('',#3510,1.2);
#693=CIRCLE('',#3514,2.2);
#694=CIRCLE('',#3515,1.2);
#695=CIRCLE('',#3519,1.27);
#696=CIRCLE('',#3520,1.27);
#697=CIRCLE('',#3522,1.27000000000002);
#698=CIRCLE('',#3523,7.44499999999994);
#699=CIRCLE('',#3525,1.26999999999999);
#700=CIRCLE('',#3527,1.27);
#701=CIRCLE('',#3528,7.44499999999999);
#702=CIRCLE('',#3530,1.26999999999996);
#703=CIRCLE('',#3532,1.27000000000002);
#704=CIRCLE('',#3533,1.54000000000007);
#705=CIRCLE('',#3535,1.26999999999999);
#706=CIRCLE('',#3537,1.27000000000001);
#707=CIRCLE('',#3538,5.54000000000006);
#708=CIRCLE('',#3540,1.27000000000001);
#709=CIRCLE('',#3542,1.27000000000001);
#710=CIRCLE('',#3543,5.54000000000011);
#711=CIRCLE('',#3545,1.27000000000001);
#712=CIRCLE('',#3547,1.27000000000001);
#713=CIRCLE('',#3548,1.54000000000007);
#714=CIRCLE('',#3550,1.27);
#715=CIRCLE('',#3552,1.27);
#716=CIRCLE('',#3553,1.27000000000001);
#717=CIRCLE('',#3555,1.27);
#718=CIRCLE('',#3556,1.54);
#719=CIRCLE('',#3558,1.26999999999999);
#720=CIRCLE('',#3560,1.27000000000001);
#721=CIRCLE('',#3561,5.54000000000013);
#722=CIRCLE('',#3563,1.27000000000001);
#723=CIRCLE('',#3565,1.27);
#724=CIRCLE('',#3566,5.54000000000002);
#725=CIRCLE('',#3568,1.27);
#726=CIRCLE('',#3570,1.27000000000001);
#727=CIRCLE('',#3571,1.54);
#728=CIRCLE('',#3573,1.27);
#729=CIRCLE('',#3575,1.27);
#730=CIRCLE('',#3576,7.44499999999999);
#731=CIRCLE('',#3578,1.27);
#732=CIRCLE('',#3580,1.27);
#733=CIRCLE('',#3581,7.44499999999999);
#734=CIRCLE('',#3583,1.27);
#735=CIRCLE('',#3594,1.27);
#736=CIRCLE('',#3595,1.27);
#737=CIRCLE('',#3597,1.26999999999999);
#738=CIRCLE('',#3598,4.27000000000001);
#739=CIRCLE('',#3599,5.54000000000001);
#740=CIRCLE('',#3601,1.27000000000001);
#741=CIRCLE('',#3603,1.27);
#742=CIRCLE('',#3604,4.27000000000013);
#743=CIRCLE('',#3605,5.54000000000013);
#744=CIRCLE('',#3607,1.26999999999999);
#745=CIRCLE('',#3609,1.27000000000001);
#746=CIRCLE('',#3610,2.81000000000007);
#747=CIRCLE('',#3611,1.54000000000007);
#748=CIRCLE('',#3613,1.27000000000001);
#749=CIRCLE('',#3615,1.27000000000001);
#750=CIRCLE('',#3616,2.81000000000007);
#751=CIRCLE('',#3617,1.54000000000007);
#752=CIRCLE('',#3619,1.27);
#753=CIRCLE('',#3621,1.27000000000001);
#754=CIRCLE('',#3622,4.27000000000002);
#755=CIRCLE('',#3623,5.54000000000002);
#756=CIRCLE('',#3625,1.27000000000002);
#757=CIRCLE('',#3627,1.26999999999999);
#758=CIRCLE('',#3628,4.27000000000002);
#759=CIRCLE('',#3629,5.54000000000002);
#760=CIRCLE('',#3631,1.26999999999999);
#761=CIRCLE('',#3633,1.27);
#762=CIRCLE('',#3634,2.81);
#763=CIRCLE('',#3635,1.54);
#764=CIRCLE('',#3637,1.27);
#765=CIRCLE('',#3639,1.26999999999999);
#766=CIRCLE('',#3640,6.175);
#767=CIRCLE('',#3641,7.44499999999999);
#768=CIRCLE('',#3643,1.26999999999999);
#769=CIRCLE('',#3645,1.27);
#770=CIRCLE('',#3646,6.17499999999999);
#771=CIRCLE('',#3647,7.44499999999999);
#772=CIRCLE('',#3649,1.27);
#773=CIRCLE('',#3651,1.27);
#774=CIRCLE('',#3652,6.175);
#775=CIRCLE('',#3653,7.445);
#776=CIRCLE('',#3655,1.27);
#777=CIRCLE('',#3657,1.27000000000001);
#778=CIRCLE('',#3658,6.175);
#779=CIRCLE('',#3659,7.445);
#780=CIRCLE('',#3661,1.27);
#781=CIRCLE('',#3663,2.81);
#782=CIRCLE('',#3664,1.54);
#783=CIRCLE('',#3671,1.27000000000001);
#784=CIRCLE('',#3672,1.27000000000004);
#785=CIRCLE('',#3680,1.54000000000002);
#786=CIRCLE('',#3681,1.54000000000011);
#787=CIRCLE('',#3682,3.53999999999983);
#788=CIRCLE('',#3683,3.53999999999997);
#789=CIRCLE('',#3684,1.54000000000001);
#790=CIRCLE('',#3685,5.44499999999999);
#791=CIRCLE('',#3686,5.44500000000048);
#792=CIRCLE('',#3687,5.44500000000003);
#793=CIRCLE('',#3688,5.445);
#794=CIRCLE('',#3689,1.54);
#795=CIRCLE('',#3690,3.53999999999999);
#796=CIRCLE('',#3691,3.54000000000012);
#797=CIRCLE('',#3694,1.27000000000001);
#798=CIRCLE('',#3695,1.27000000000001);
#799=CIRCLE('',#3698,1.27000000000001);
#800=CIRCLE('',#3699,1.27000000000001);
#801=CIRCLE('',#3706,1.27000000000004);
#802=CIRCLE('',#3709,1.27000000000001);
#803=LINE('',#4818,#1026);
#804=LINE('',#4822,#1027);
#805=LINE('',#4865,#1028);
#806=LINE('',#4935,#1029);
#807=LINE('',#4936,#1030);
#808=LINE('',#4975,#1031);
#809=LINE('',#4977,#1032);
#810=LINE('',#4981,#1033);
#811=LINE('',#4985,#1034);
#812=LINE('',#4987,#1035);
#813=LINE('',#4991,#1036);
#814=LINE('',#4995,#1037);
#815=LINE('',#4999,#1038);
#816=LINE('',#5003,#1039);
#817=LINE('',#5007,#1040);
#818=LINE('',#5011,#1041);
#819=LINE('',#5013,#1042);
#820=LINE('',#5017,#1043);
#821=LINE('',#5021,#1044);
#822=LINE('',#5023,#1045);
#823=LINE('',#5027,#1046);
#824=LINE('',#5031,#1047);
#825=LINE('',#5035,#1048);
#826=LINE('',#5039,#1049);
#827=LINE('',#5043,#1050);
#828=LINE('',#5048,#1051);
#829=LINE('',#5050,#1052);
#830=LINE('',#5054,#1053);
#831=LINE('',#5056,#1054);
#832=LINE('',#5062,#1055);
#833=LINE('',#5064,#1056);
#834=LINE('',#5066,#1057);
#835=LINE('',#5072,#1058);
#836=LINE('',#5074,#1059);
#837=LINE('',#5076,#1060);
#838=LINE('',#5135,#1061);
#839=LINE('',#5141,#1062);
#840=LINE('',#5238,#1063);
#841=LINE('',#5256,#1064);
#842=LINE('',#5264,#1065);
#843=LINE('',#5268,#1066);
#844=LINE('',#5270,#1067);
#845=LINE('',#5276,#1068);
#846=LINE('',#5277,#1069);
#847=LINE('',#5289,#1070);
#848=LINE('',#5292,#1071);
#849=LINE('',#5370,#1072);
#850=LINE('',#5375,#1073);
#851=LINE('',#5379,#1074);
#852=LINE('',#5384,#1075);
#853=LINE('',#5526,#1076);
#854=LINE('',#5537,#1077);
#855=LINE('',#5542,#1078);
#856=LINE('',#5547,#1079);
#857=LINE('',#5551,#1080);
#858=LINE('',#5555,#1081);
#859=LINE('',#5559,#1082);
#860=LINE('',#5563,#1083);
#861=LINE('',#5567,#1084);
#862=LINE('',#5571,#1085);
#863=LINE('',#5573,#1086);
#864=LINE('',#5575,#1087);
#865=LINE('',#5577,#1088);
#866=LINE('',#5581,#1089);
#867=LINE('',#5585,#1090);
#868=LINE('',#5587,#1091);
#869=LINE('',#5591,#1092);
#870=LINE('',#5595,#1093);
#871=LINE('',#5599,#1094);
#872=LINE('',#5603,#1095);
#873=LINE('',#5607,#1096);
#874=LINE('',#5611,#1097);
#875=LINE('',#5613,#1098);
#876=LINE('',#5617,#1099);
#877=LINE('',#5620,#1100);
#878=LINE('',#5643,#1101);
#879=LINE('',#5645,#1102);
#880=LINE('',#5652,#1103);
#881=LINE('',#5654,#1104);
#882=LINE('',#5661,#1105);
#883=LINE('',#5663,#1106);
#884=LINE('',#5670,#1107);
#885=LINE('',#5672,#1108);
#886=LINE('',#5679,#1109);
#887=LINE('',#5681,#1110);
#888=LINE('',#5688,#1111);
#889=LINE('',#5690,#1112);
#890=LINE('',#5697,#1113);
#891=LINE('',#5699,#1114);
#892=LINE('',#5706,#1115);
#893=LINE('',#5708,#1116);
#894=LINE('',#5713,#1117);
#895=LINE('',#5722,#1118);
#896=LINE('',#5730,#1119);
#897=LINE('',#5738,#1120);
#898=LINE('',#5746,#1121);
#899=LINE('',#5754,#1122);
#900=LINE('',#5762,#1123);
#901=LINE('',#5767,#1124);
#902=LINE('',#5776,#1125);
#903=LINE('',#5784,#1126);
#904=LINE('',#5792,#1127);
#905=LINE('',#5800,#1128);
#906=LINE('',#5808,#1129);
#907=LINE('',#5816,#1130);
#908=LINE('',#5819,#1131);
#909=LINE('',#5820,#1132);
#910=LINE('',#5822,#1133);
#911=LINE('',#5824,#1134);
#912=LINE('',#5826,#1135);
#913=LINE('',#5827,#1136);
#914=LINE('',#5829,#1137);
#915=LINE('',#5831,#1138);
#916=LINE('',#5833,#1139);
#917=LINE('',#5836,#1140);
#918=LINE('',#5837,#1141);
#919=LINE('',#5843,#1142);
#920=LINE('',#5846,#1143);
#921=LINE('',#5857,#1144);
#922=LINE('',#5858,#1145);
#923=LINE('',#5869,#1146);
#924=LINE('',#5870,#1147);
#925=LINE('',#5881,#1148);
#926=LINE('',#5882,#1149);
#927=LINE('',#5893,#1150);
#928=LINE('',#5894,#1151);
#929=LINE('',#5905,#1152);
#930=LINE('',#5906,#1153);
#931=LINE('',#5917,#1154);
#932=LINE('',#5918,#1155);
#933=LINE('',#5929,#1156);
#934=LINE('',#5930,#1157);
#935=LINE('',#5941,#1158);
#936=LINE('',#5942,#1159);
#937=LINE('',#5953,#1160);
#938=LINE('',#5954,#1161);
#939=LINE('',#5965,#1162);
#940=LINE('',#5966,#1163);
#941=LINE('',#5977,#1164);
#942=LINE('',#5978,#1165);
#943=LINE('',#5983,#1166);
#944=LINE('',#5984,#1167);
#945=LINE('',#5986,#1168);
#946=LINE('',#5988,#1169);
#947=LINE('',#5990,#1170);
#948=LINE('',#5992,#1171);
#949=LINE('',#5994,#1172);
#950=LINE('',#5996,#1173);
#951=LINE('',#6000,#1174);
#952=LINE('',#6004,#1175);
#953=LINE('',#6005,#1176);
#954=LINE('',#6007,#1177);
#955=LINE('',#6009,#1178);
#956=LINE('',#6011,#1179);
#957=LINE('',#6013,#1180);
#958=LINE('',#6015,#1181);
#959=LINE('',#6017,#1182);
#960=LINE('',#6021,#1183);
#961=LINE('',#6025,#1184);
#962=LINE('',#6029,#1185);
#963=LINE('',#6033,#1186);
#964=LINE('',#6037,#1187);
#965=LINE('',#6041,#1188);
#966=LINE('',#6045,#1189);
#967=LINE('',#6049,#1190);
#968=LINE('',#6053,#1191);
#969=LINE('',#6057,#1192);
#970=LINE('',#6061,#1193);
#971=LINE('',#6065,#1194);
#972=LINE('',#6069,#1195);
#973=LINE('',#6071,#1196);
#974=LINE('',#6072,#1197);
#975=LINE('',#6077,#1198);
#976=LINE('',#6081,#1199);
#977=LINE('',#6083,#1200);
#978=LINE('',#6084,#1201);
#979=LINE('',#6089,#1202);
#980=LINE('',#6092,#1203);
#981=LINE('',#6093,#1204);
#982=LINE('',#6096,#1205);
#983=LINE('',#6097,#1206);
#984=LINE('',#6099,#1207);
#985=LINE('',#6100,#1208);
#986=LINE('',#6103,#1209);
#987=LINE('',#6104,#1210);
#988=LINE('',#6107,#1211);
#989=LINE('',#6108,#1212);
#990=LINE('',#6111,#1213);
#991=LINE('',#6115,#1214);
#992=LINE('',#6116,#1215);
#993=LINE('',#6120,#1216);
#994=LINE('',#6121,#1217);
#995=LINE('',#6123,#1218);
#996=LINE('',#6124,#1219);
#997=LINE('',#6126,#1220);
#998=LINE('',#6128,#1221);
#999=LINE('',#6130,#1222);
#1000=LINE('',#6132,#1223);
#1001=LINE('',#6134,#1224);
#1002=LINE('',#6136,#1225);
#1003=LINE('',#6138,#1226);
#1004=LINE('',#6140,#1227);
#1005=LINE('',#6142,#1228);
#1006=LINE('',#6144,#1229);
#1007=LINE('',#6146,#1230);
#1008=LINE('',#6148,#1231);
#1009=LINE('',#6150,#1232);
#1010=LINE('',#6152,#1233);
#1011=LINE('',#6154,#1234);
#1012=LINE('',#6156,#1235);
#1013=LINE('',#6158,#1236);
#1014=LINE('',#6160,#1237);
#1015=LINE('',#6162,#1238);
#1016=LINE('',#6165,#1239);
#1017=LINE('',#6168,#1240);
#1018=LINE('',#6169,#1241);
#1019=LINE('',#6171,#1242);
#1020=LINE('',#6174,#1243);
#1021=LINE('',#6176,#1244);
#1022=LINE('',#6178,#1245);
#1023=LINE('',#6180,#1246);
#1024=LINE('',#6183,#1247);
#1025=LINE('',#6185,#1248);
#1026=VECTOR('',#3749,10.);
#1027=VECTOR('',#3752,10.);
#1028=VECTOR('',#3759,10.);
#1029=VECTOR('',#3772,10.);
#1030=VECTOR('',#3773,10.);
#1031=VECTOR('',#3786,10.);
#1032=VECTOR('',#3787,10.);
#1033=VECTOR('',#3790,10.);
#1034=VECTOR('',#3793,10.);
#1035=VECTOR('',#3794,10.);
#1036=VECTOR('',#3797,10.);
#1037=VECTOR('',#3800,10.);
#1038=VECTOR('',#3803,10.);
#1039=VECTOR('',#3806,10.);
#1040=VECTOR('',#3809,10.);
#1041=VECTOR('',#3812,10.);
#1042=VECTOR('',#3813,10.);
#1043=VECTOR('',#3816,10.);
#1044=VECTOR('',#3819,10.);
#1045=VECTOR('',#3820,10.);
#1046=VECTOR('',#3823,10.);
#1047=VECTOR('',#3826,10.);
#1048=VECTOR('',#3829,10.);
#1049=VECTOR('',#3832,10.);
#1050=VECTOR('',#3835,10.);
#1051=VECTOR('',#3840,10.);
#1052=VECTOR('',#3841,10.);
#1053=VECTOR('',#3844,10.);
#1054=VECTOR('',#3845,10.);
#1055=VECTOR('',#3850,10.);
#1056=VECTOR('',#3851,10.);
#1057=VECTOR('',#3852,10.);
#1058=VECTOR('',#3857,10.);
#1059=VECTOR('',#3858,10.);
#1060=VECTOR('',#3859,10.);
#1061=VECTOR('',#3894,10.);
#1062=VECTOR('',#3899,10.);
#1063=VECTOR('',#3914,10.);
#1064=VECTOR('',#3919,10.);
#1065=VECTOR('',#3930,10.);
#1066=VECTOR('',#3935,10.);
#1067=VECTOR('',#3936,10.);
#1068=VECTOR('',#3941,10.);
#1069=VECTOR('',#3942,10.);
#1070=VECTOR('',#3955,10.);
#1071=VECTOR('',#3958,10.);
#1072=VECTOR('',#3989,10.);
#1073=VECTOR('',#3996,10.);
#1074=VECTOR('',#4001,10.);
#1075=VECTOR('',#4006,10.);
#1076=VECTOR('',#4033,10.);
#1077=VECTOR('',#4050,10.);
#1078=VECTOR('',#4057,10.);
#1079=VECTOR('',#4062,10.);
#1080=VECTOR('',#4065,10.);
#1081=VECTOR('',#4068,10.);
#1082=VECTOR('',#4071,10.);
#1083=VECTOR('',#4074,10.);
#1084=VECTOR('',#4077,10.);
#1085=VECTOR('',#4080,10.);
#1086=VECTOR('',#4081,10.);
#1087=VECTOR('',#4082,10.);
#1088=VECTOR('',#4083,10.);
#1089=VECTOR('',#4086,10.);
#1090=VECTOR('',#4089,10.);
#1091=VECTOR('',#4090,10.);
#1092=VECTOR('',#4093,10.);
#1093=VECTOR('',#4096,10.);
#1094=VECTOR('',#4099,10.);
#1095=VECTOR('',#4102,10.);
#1096=VECTOR('',#4105,10.);
#1097=VECTOR('',#4108,10.);
#1098=VECTOR('',#4109,10.);
#1099=VECTOR('',#4112,10.);
#1100=VECTOR('',#4115,10.);
#1101=VECTOR('',#4140,2.2);
#1102=VECTOR('',#4143,1.2);
#1103=VECTOR('',#4152,2.2);
#1104=VECTOR('',#4155,1.2);
#1105=VECTOR('',#4164,2.2);
#1106=VECTOR('',#4167,1.2);
#1107=VECTOR('',#4176,2.2);
#1108=VECTOR('',#4179,1.2);
#1109=VECTOR('',#4188,2.2);
#1110=VECTOR('',#4191,1.2);
#1111=VECTOR('',#4200,2.2);
#1112=VECTOR('',#4203,1.2);
#1113=VECTOR('',#4212,2.2);
#1114=VECTOR('',#4215,1.2);
#1115=VECTOR('',#4224,2.2);
#1116=VECTOR('',#4227,1.2);
#1117=VECTOR('',#4232,10.);
#1118=VECTOR('',#4245,10.);
#1119=VECTOR('',#4256,10.);
#1120=VECTOR('',#4267,10.);
#1121=VECTOR('',#4278,10.);
#1122=VECTOR('',#4289,10.);
#1123=VECTOR('',#4300,10.);
#1124=VECTOR('',#4305,10.);
#1125=VECTOR('',#4318,10.);
#1126=VECTOR('',#4329,10.);
#1127=VECTOR('',#4340,10.);
#1128=VECTOR('',#4351,10.);
#1129=VECTOR('',#4362,10.);
#1130=VECTOR('',#4373,10.);
#1131=VECTOR('',#4378,10.);
#1132=VECTOR('',#4379,10.);
#1133=VECTOR('',#4382,10.);
#1134=VECTOR('',#4385,10.);
#1135=VECTOR('',#4388,10.);
#1136=VECTOR('',#4389,10.);
#1137=VECTOR('',#4392,10.);
#1138=VECTOR('',#4395,10.);
#1139=VECTOR('',#4398,10.);
#1140=VECTOR('',#4401,10.);
#1141=VECTOR('',#4402,10.);
#1142=VECTOR('',#4407,10.);
#1143=VECTOR('',#4410,10.);
#1144=VECTOR('',#4423,10.);
#1145=VECTOR('',#4424,10.);
#1146=VECTOR('',#4437,10.);
#1147=VECTOR('',#4438,10.);
#1148=VECTOR('',#4451,10.);
#1149=VECTOR('',#4452,10.);
#1150=VECTOR('',#4465,10.);
#1151=VECTOR('',#4466,10.);
#1152=VECTOR('',#4479,10.);
#1153=VECTOR('',#4480,10.);
#1154=VECTOR('',#4493,10.);
#1155=VECTOR('',#4494,10.);
#1156=VECTOR('',#4507,10.);
#1157=VECTOR('',#4508,10.);
#1158=VECTOR('',#4521,10.);
#1159=VECTOR('',#4522,10.);
#1160=VECTOR('',#4535,10.);
#1161=VECTOR('',#4536,10.);
#1162=VECTOR('',#4549,10.);
#1163=VECTOR('',#4550,10.);
#1164=VECTOR('',#4563,10.);
#1165=VECTOR('',#4564,10.);
#1166=VECTOR('',#4573,10.);
#1167=VECTOR('',#4574,10.);
#1168=VECTOR('',#4577,10.);
#1169=VECTOR('',#4580,10.);
#1170=VECTOR('',#4583,10.);
#1171=VECTOR('',#4586,10.);
#1172=VECTOR('',#4589,10.);
#1173=VECTOR('',#4590,10.);
#1174=VECTOR('',#4593,10.);
#1175=VECTOR('',#4596,10.);
#1176=VECTOR('',#4597,10.);
#1177=VECTOR('',#4600,10.);
#1178=VECTOR('',#4603,10.);
#1179=VECTOR('',#4606,10.);
#1180=VECTOR('',#4609,10.);
#1181=VECTOR('',#4612,10.);
#1182=VECTOR('',#4615,10.);
#1183=VECTOR('',#4618,10.);
#1184=VECTOR('',#4621,10.);
#1185=VECTOR('',#4624,10.);
#1186=VECTOR('',#4627,10.);
#1187=VECTOR('',#4630,10.);
#1188=VECTOR('',#4633,10.);
#1189=VECTOR('',#4636,10.);
#1190=VECTOR('',#4639,10.);
#1191=VECTOR('',#4642,10.);
#1192=VECTOR('',#4645,10.);
#1193=VECTOR('',#4648,10.);
#1194=VECTOR('',#4651,10.);
#1195=VECTOR('',#4656,10.);
#1196=VECTOR('',#4657,10.);
#1197=VECTOR('',#4658,10.);
#1198=VECTOR('',#4663,10.);
#1199=VECTOR('',#4668,10.);
#1200=VECTOR('',#4669,10.);
#1201=VECTOR('',#4670,10.);
#1202=VECTOR('',#4675,10.);
#1203=VECTOR('',#4680,10.);
#1204=VECTOR('',#4681,10.);
#1205=VECTOR('',#4684,10.);
#1206=VECTOR('',#4685,10.);
#1207=VECTOR('',#4688,10.);
#1208=VECTOR('',#4689,10.);
#1209=VECTOR('',#4692,10.);
#1210=VECTOR('',#4693,10.);
#1211=VECTOR('',#4696,10.);
#1212=VECTOR('',#4697,10.);
#1213=VECTOR('',#4700,10.);
#1214=VECTOR('',#4705,10.);
#1215=VECTOR('',#4706,10.);
#1216=VECTOR('',#4713,10.);
#1217=VECTOR('',#4714,10.);
#1218=VECTOR('',#4717,10.);
#1219=VECTOR('',#4718,10.);
#1220=VECTOR('',#4721,10.);
#1221=VECTOR('',#4724,10.);
#1222=VECTOR('',#4727,10.);
#1223=VECTOR('',#4730,10.);
#1224=VECTOR('',#4733,10.);
#1225=VECTOR('',#4736,10.);
#1226=VECTOR('',#4739,10.);
#1227=VECTOR('',#4742,10.);
#1228=VECTOR('',#4745,10.);
#1229=VECTOR('',#4748,10.);
#1230=VECTOR('',#4751,10.);
#1231=VECTOR('',#4754,10.);
#1232=VECTOR('',#4757,10.);
#1233=VECTOR('',#4760,10.);
#1234=VECTOR('',#4763,10.);
#1235=VECTOR('',#4766,10.);
#1236=VECTOR('',#4769,10.);
#1237=VECTOR('',#4772,10.);
#1238=VECTOR('',#4775,10.);
#1239=VECTOR('',#4780,10.);
#1240=VECTOR('',#4785,10.);
#1241=VECTOR('',#4786,10.);
#1242=VECTOR('',#4789,10.);
#1243=VECTOR('',#4794,10.);
#1244=VECTOR('',#4797,10.);
#1245=VECTOR('',#4800,10.);
#1246=VECTOR('',#4803,10.);
#1247=VECTOR('',#4808,10.);
#1248=VECTOR('',#4811,10.);
#1249=VERTEX_POINT('',#4816);
#1250=VERTEX_POINT('',#4817);
#1251=VERTEX_POINT('',#4819);
#1252=VERTEX_POINT('',#4821);
#1253=VERTEX_POINT('',#4823);
#1254=VERTEX_POINT('',#4853);
#1255=VERTEX_POINT('',#4860);
#1256=VERTEX_POINT('',#4862);
#1257=VERTEX_POINT('',#4864);
#1258=VERTEX_POINT('',#4881);
#1259=VERTEX_POINT('',#4882);
#1260=VERTEX_POINT('',#4884);
#1261=VERTEX_POINT('',#4899);
#1262=VERTEX_POINT('',#4914);
#1263=VERTEX_POINT('',#4916);
#1264=VERTEX_POINT('',#4920);
#1265=VERTEX_POINT('',#4938);
#1266=VERTEX_POINT('',#4954);
#1267=VERTEX_POINT('',#4973);
#1268=VERTEX_POINT('',#4974);
#1269=VERTEX_POINT('',#4976);
#1270=VERTEX_POINT('',#4978);
#1271=VERTEX_POINT('',#4980);
#1272=VERTEX_POINT('',#4982);
#1273=VERTEX_POINT('',#4984);
#1274=VERTEX_POINT('',#4986);
#1275=VERTEX_POINT('',#4988);
#1276=VERTEX_POINT('',#4990);
#1277=VERTEX_POINT('',#4992);
#1278=VERTEX_POINT('',#4994);
#1279=VERTEX_POINT('',#4996);
#1280=VERTEX_POINT('',#4998);
#1281=VERTEX_POINT('',#5000);
#1282=VERTEX_POINT('',#5002);
#1283=VERTEX_POINT('',#5004);
#1284=VERTEX_POINT('',#5006);
#1285=VERTEX_POINT('',#5008);
#1286=VERTEX_POINT('',#5010);
#1287=VERTEX_POINT('',#5012);
#1288=VERTEX_POINT('',#5014);
#1289=VERTEX_POINT('',#5016);
#1290=VERTEX_POINT('',#5018);
#1291=VERTEX_POINT('',#5020);
#1292=VERTEX_POINT('',#5022);
#1293=VERTEX_POINT('',#5024);
#1294=VERTEX_POINT('',#5026);
#1295=VERTEX_POINT('',#5028);
#1296=VERTEX_POINT('',#5030);
#1297=VERTEX_POINT('',#5032);
#1298=VERTEX_POINT('',#5034);
#1299=VERTEX_POINT('',#5036);
#1300=VERTEX_POINT('',#5038);
#1301=VERTEX_POINT('',#5040);
#1302=VERTEX_POINT('',#5042);
#1303=VERTEX_POINT('',#5045);
#1304=VERTEX_POINT('',#5047);
#1305=VERTEX_POINT('',#5049);
#1306=VERTEX_POINT('',#5051);
#1307=VERTEX_POINT('',#5053);
#1308=VERTEX_POINT('',#5055);
#1309=VERTEX_POINT('',#5057);
#1310=VERTEX_POINT('',#5059);
#1311=VERTEX_POINT('',#5061);
#1312=VERTEX_POINT('',#5063);
#1313=VERTEX_POINT('',#5065);
#1314=VERTEX_POINT('',#5067);
#1315=VERTEX_POINT('',#5069);
#1316=VERTEX_POINT('',#5071);
#1317=VERTEX_POINT('',#5073);
#1318=VERTEX_POINT('',#5075);
#1319=VERTEX_POINT('',#5078);
#1320=VERTEX_POINT('',#5080);
#1321=VERTEX_POINT('',#5082);
#1322=VERTEX_POINT('',#5084);
#1323=VERTEX_POINT('',#5086);
#1324=VERTEX_POINT('',#5088);
#1325=VERTEX_POINT('',#5090);
#1326=VERTEX_POINT('',#5092);
#1327=VERTEX_POINT('',#5095);
#1328=VERTEX_POINT('',#5101);
#1329=VERTEX_POINT('',#5116);
#1330=VERTEX_POINT('',#5133);
#1331=VERTEX_POINT('',#5134);
#1332=VERTEX_POINT('',#5136);
#1333=VERTEX_POINT('',#5138);
#1334=VERTEX_POINT('',#5140);
#1335=VERTEX_POINT('',#5142);
#1336=VERTEX_POINT('',#5172);
#1337=VERTEX_POINT('',#5174);
#1338=VERTEX_POINT('',#5197);
#1339=VERTEX_POINT('',#5213);
#1340=VERTEX_POINT('',#5220);
#1341=VERTEX_POINT('',#5237);
#1342=VERTEX_POINT('',#5255);
#1343=VERTEX_POINT('',#5259);
#1344=VERTEX_POINT('',#5263);
#1345=VERTEX_POINT('',#5267);
#1346=VERTEX_POINT('',#5269);
#1347=VERTEX_POINT('',#5271);
#1348=VERTEX_POINT('',#5273);
#1349=VERTEX_POINT('',#5275);
#1350=VERTEX_POINT('',#5279);
#1351=VERTEX_POINT('',#5283);
#1352=VERTEX_POINT('',#5284);
#1353=VERTEX_POINT('',#5286);
#1354=VERTEX_POINT('',#5288);
#1355=VERTEX_POINT('',#5290);
#1356=VERTEX_POINT('',#5294);
#1357=VERTEX_POINT('',#5325);
#1358=VERTEX_POINT('',#5333);
#1359=VERTEX_POINT('',#5349);
#1360=VERTEX_POINT('',#5367);
#1361=VERTEX_POINT('',#5369);
#1362=VERTEX_POINT('',#5374);
#1363=VERTEX_POINT('',#5376);
#1364=VERTEX_POINT('',#5381);
#1365=VERTEX_POINT('',#5383);
#1366=VERTEX_POINT('',#5385);
#1367=VERTEX_POINT('',#5389);
#1368=VERTEX_POINT('',#5419);
#1369=VERTEX_POINT('',#5451);
#1370=VERTEX_POINT('',#5466);
#1371=VERTEX_POINT('',#5481);
#1372=VERTEX_POINT('',#5497);
#1373=VERTEX_POINT('',#5504);
#1374=VERTEX_POINT('',#5521);
#1375=VERTEX_POINT('',#5525);
#1376=VERTEX_POINT('',#5532);
#1377=VERTEX_POINT('',#5536);
#1378=VERTEX_POINT('',#5538);
#1379=VERTEX_POINT('',#5545);
#1380=VERTEX_POINT('',#5546);
#1381=VERTEX_POINT('',#5548);
#1382=VERTEX_POINT('',#5550);
#1383=VERTEX_POINT('',#5552);
#1384=VERTEX_POINT('',#5554);
#1385=VERTEX_POINT('',#5556);
#1386=VERTEX_POINT('',#5558);
#1387=VERTEX_POINT('',#5560);
#1388=VERTEX_POINT('',#5562);
#1389=VERTEX_POINT('',#5564);
#1390=VERTEX_POINT('',#5566);
#1391=VERTEX_POINT('',#5568);
#1392=VERTEX_POINT('',#5570);
#1393=VERTEX_POINT('',#5572);
#1394=VERTEX_POINT('',#5574);
#1395=VERTEX_POINT('',#5576);
#1396=VERTEX_POINT('',#5578);
#1397=VERTEX_POINT('',#5580);
#1398=VERTEX_POINT('',#5582);
#1399=VERTEX_POINT('',#5584);
#1400=VERTEX_POINT('',#5586);
#1401=VERTEX_POINT('',#5588);
#1402=VERTEX_POINT('',#5590);
#1403=VERTEX_POINT('',#5592);
#1404=VERTEX_POINT('',#5594);
#1405=VERTEX_POINT('',#5596);
#1406=VERTEX_POINT('',#5598);
#1407=VERTEX_POINT('',#5600);
#1408=VERTEX_POINT('',#5602);
#1409=VERTEX_POINT('',#5604);
#1410=VERTEX_POINT('',#5606);
#1411=VERTEX_POINT('',#5608);
#1412=VERTEX_POINT('',#5610);
#1413=VERTEX_POINT('',#5612);
#1414=VERTEX_POINT('',#5614);
#1415=VERTEX_POINT('',#5616);
#1416=VERTEX_POINT('',#5618);
#1417=VERTEX_POINT('',#5621);
#1418=VERTEX_POINT('',#5623);
#1419=VERTEX_POINT('',#5625);
#1420=VERTEX_POINT('',#5627);
#1421=VERTEX_POINT('',#5629);
#1422=VERTEX_POINT('',#5631);
#1423=VERTEX_POINT('',#5633);
#1424=VERTEX_POINT('',#5635);
#1425=VERTEX_POINT('',#5638);
#1426=VERTEX_POINT('',#5640);
#1427=VERTEX_POINT('',#5647);
#1428=VERTEX_POINT('',#5649);
#1429=VERTEX_POINT('',#5656);
#1430=VERTEX_POINT('',#5658);
#1431=VERTEX_POINT('',#5665);
#1432=VERTEX_POINT('',#5667);
#1433=VERTEX_POINT('',#5674);
#1434=VERTEX_POINT('',#5676);
#1435=VERTEX_POINT('',#5683);
#1436=VERTEX_POINT('',#5685);
#1437=VERTEX_POINT('',#5692);
#1438=VERTEX_POINT('',#5694);
#1439=VERTEX_POINT('',#5701);
#1440=VERTEX_POINT('',#5703);
#1441=VERTEX_POINT('',#5710);
#1442=VERTEX_POINT('',#5712);
#1443=VERTEX_POINT('',#5716);
#1444=VERTEX_POINT('',#5720);
#1445=VERTEX_POINT('',#5724);
#1446=VERTEX_POINT('',#5728);
#1447=VERTEX_POINT('',#5732);
#1448=VERTEX_POINT('',#5736);
#1449=VERTEX_POINT('',#5740);
#1450=VERTEX_POINT('',#5744);
#1451=VERTEX_POINT('',#5748);
#1452=VERTEX_POINT('',#5752);
#1453=VERTEX_POINT('',#5756);
#1454=VERTEX_POINT('',#5760);
#1455=VERTEX_POINT('',#5764);
#1456=VERTEX_POINT('',#5766);
#1457=VERTEX_POINT('',#5770);
#1458=VERTEX_POINT('',#5774);
#1459=VERTEX_POINT('',#5778);
#1460=VERTEX_POINT('',#5782);
#1461=VERTEX_POINT('',#5786);
#1462=VERTEX_POINT('',#5790);
#1463=VERTEX_POINT('',#5794);
#1464=VERTEX_POINT('',#5798);
#1465=VERTEX_POINT('',#5802);
#1466=VERTEX_POINT('',#5806);
#1467=VERTEX_POINT('',#5810);
#1468=VERTEX_POINT('',#5814);
#1469=VERTEX_POINT('',#5835);
#1470=VERTEX_POINT('',#5839);
#1471=VERTEX_POINT('',#5840);
#1472=VERTEX_POINT('',#5842);
#1473=VERTEX_POINT('',#5844);
#1474=VERTEX_POINT('',#5848);
#1475=VERTEX_POINT('',#5849);
#1476=VERTEX_POINT('',#5854);
#1477=VERTEX_POINT('',#5855);
#1478=VERTEX_POINT('',#5860);
#1479=VERTEX_POINT('',#5861);
#1480=VERTEX_POINT('',#5866);
#1481=VERTEX_POINT('',#5867);
#1482=VERTEX_POINT('',#5872);
#1483=VERTEX_POINT('',#5873);
#1484=VERTEX_POINT('',#5878);
#1485=VERTEX_POINT('',#5879);
#1486=VERTEX_POINT('',#5884);
#1487=VERTEX_POINT('',#5885);
#1488=VERTEX_POINT('',#5890);
#1489=VERTEX_POINT('',#5891);
#1490=VERTEX_POINT('',#5896);
#1491=VERTEX_POINT('',#5897);
#1492=VERTEX_POINT('',#5902);
#1493=VERTEX_POINT('',#5903);
#1494=VERTEX_POINT('',#5908);
#1495=VERTEX_POINT('',#5909);
#1496=VERTEX_POINT('',#5914);
#1497=VERTEX_POINT('',#5915);
#1498=VERTEX_POINT('',#5920);
#1499=VERTEX_POINT('',#5921);
#1500=VERTEX_POINT('',#5926);
#1501=VERTEX_POINT('',#5927);
#1502=VERTEX_POINT('',#5932);
#1503=VERTEX_POINT('',#5933);
#1504=VERTEX_POINT('',#5938);
#1505=VERTEX_POINT('',#5939);
#1506=VERTEX_POINT('',#5944);
#1507=VERTEX_POINT('',#5945);
#1508=VERTEX_POINT('',#5950);
#1509=VERTEX_POINT('',#5951);
#1510=VERTEX_POINT('',#5956);
#1511=VERTEX_POINT('',#5957);
#1512=VERTEX_POINT('',#5962);
#1513=VERTEX_POINT('',#5963);
#1514=VERTEX_POINT('',#5968);
#1515=VERTEX_POINT('',#5969);
#1516=VERTEX_POINT('',#5974);
#1517=VERTEX_POINT('',#5975);
#1518=VERTEX_POINT('',#5995);
#1519=VERTEX_POINT('',#5997);
#1520=VERTEX_POINT('',#5999);
#1521=VERTEX_POINT('',#6001);
#1522=VERTEX_POINT('',#6003);
#1523=VERTEX_POINT('',#6019);
#1524=VERTEX_POINT('',#6020);
#1525=VERTEX_POINT('',#6022);
#1526=VERTEX_POINT('',#6024);
#1527=VERTEX_POINT('',#6026);
#1528=VERTEX_POINT('',#6028);
#1529=VERTEX_POINT('',#6030);
#1530=VERTEX_POINT('',#6032);
#1531=VERTEX_POINT('',#6034);
#1532=VERTEX_POINT('',#6036);
#1533=VERTEX_POINT('',#6038);
#1534=VERTEX_POINT('',#6040);
#1535=VERTEX_POINT('',#6042);
#1536=VERTEX_POINT('',#6044);
#1537=VERTEX_POINT('',#6046);
#1538=VERTEX_POINT('',#6048);
#1539=VERTEX_POINT('',#6050);
#1540=VERTEX_POINT('',#6052);
#1541=VERTEX_POINT('',#6054);
#1542=VERTEX_POINT('',#6056);
#1543=VERTEX_POINT('',#6058);
#1544=VERTEX_POINT('',#6060);
#1545=VERTEX_POINT('',#6062);
#1546=VERTEX_POINT('',#6064);
#1547=VERTEX_POINT('',#6068);
#1548=VERTEX_POINT('',#6070);
#1549=VERTEX_POINT('',#6074);
#1550=VERTEX_POINT('',#6076);
#1551=VERTEX_POINT('',#6080);
#1552=VERTEX_POINT('',#6082);
#1553=VERTEX_POINT('',#6086);
#1554=VERTEX_POINT('',#6088);
#1555=VERTEX_POINT('',#6095);
#1556=VERTEX_POINT('',#6102);
#1557=VERTEX_POINT('',#6106);
#1558=VERTEX_POINT('',#6110);
#1559=VERTEX_POINT('',#6114);
#1560=EDGE_CURVE('',#1249,#1250,#803,.T.);
#1561=EDGE_CURVE('',#1251,#1249,#583,.T.);
#1562=EDGE_CURVE('',#1252,#1251,#804,.T.);
#1563=EDGE_CURVE('',#1253,#1252,#551,.T.);
#1564=EDGE_CURVE('',#1250,#1253,#552,.T.);
#1565=EDGE_CURVE('',#1254,#1253,#553,.T.);
#1566=EDGE_CURVE('',#1255,#1254,#136,.T.);
#1567=EDGE_CURVE('',#1256,#1255,#137,.T.);
#1568=EDGE_CURVE('',#1257,#1256,#805,.T.);
#1569=EDGE_CURVE('',#1253,#1257,#554,.T.);
#1570=EDGE_CURVE('',#1258,#1259,#584,.T.);
#1571=EDGE_CURVE('',#1260,#1258,#555,.T.);
#1572=EDGE_CURVE('',#1261,#1260,#556,.T.);
#1573=EDGE_CURVE('',#1262,#1261,#585,.T.);
#1574=EDGE_CURVE('',#1263,#1262,#586,.T.);
#1575=EDGE_CURVE('',#1259,#1263,#587,.T.);
#1576=EDGE_CURVE('',#1264,#1254,#557,.T.);
#1577=EDGE_CURVE('',#1259,#1264,#806,.T.);
#1578=EDGE_CURVE('',#1256,#1262,#807,.T.);
#1579=EDGE_CURVE('',#1265,#1249,#588,.T.);
#1580=EDGE_CURVE('',#1260,#1265,#558,.T.);
#1581=EDGE_CURVE('',#1266,#1260,#559,.T.);
#1582=EDGE_CURVE('',#1251,#1266,#589,.T.);
#1583=EDGE_CURVE('',#1266,#1252,#590,.T.);
#1584=EDGE_CURVE('',#1267,#1268,#808,.T.);
#1585=EDGE_CURVE('',#1267,#1269,#809,.T.);
#1586=EDGE_CURVE('',#1269,#1270,#591,.T.);
#1587=EDGE_CURVE('',#1270,#1271,#810,.T.);
#1588=EDGE_CURVE('',#1271,#1272,#592,.T.);
#1589=EDGE_CURVE('',#1272,#1273,#811,.T.);
#1590=EDGE_CURVE('',#1274,#1273,#812,.T.);
#1591=EDGE_CURVE('',#1275,#1274,#593,.T.);
#1592=EDGE_CURVE('',#1276,#1275,#813,.T.);
#1593=EDGE_CURVE('',#1277,#1276,#594,.T.);
#1594=EDGE_CURVE('',#1278,#1277,#814,.T.);
#1595=EDGE_CURVE('',#1279,#1278,#595,.T.);
#1596=EDGE_CURVE('',#1280,#1279,#815,.T.);
#1597=EDGE_CURVE('',#1281,#1280,#596,.T.);
#1598=EDGE_CURVE('',#1282,#1281,#816,.T.);
#1599=EDGE_CURVE('',#1283,#1282,#597,.T.);
#1600=EDGE_CURVE('',#1284,#1283,#817,.T.);
#1601=EDGE_CURVE('',#1285,#1284,#598,.T.);
#1602=EDGE_CURVE('',#1286,#1285,#818,.T.);
#1603=EDGE_CURVE('',#1286,#1287,#819,.T.);
#1604=EDGE_CURVE('',#1287,#1288,#599,.T.);
#1605=EDGE_CURVE('',#1288,#1289,#820,.T.);
#1606=EDGE_CURVE('',#1289,#1290,#600,.T.);
#1607=EDGE_CURVE('',#1290,#1291,#821,.T.);
#1608=EDGE_CURVE('',#1292,#1291,#822,.T.);
#1609=EDGE_CURVE('',#1293,#1292,#601,.T.);
#1610=EDGE_CURVE('',#1294,#1293,#823,.T.);
#1611=EDGE_CURVE('',#1295,#1294,#602,.T.);
#1612=EDGE_CURVE('',#1296,#1295,#824,.T.);
#1613=EDGE_CURVE('',#1297,#1296,#603,.T.);
#1614=EDGE_CURVE('',#1298,#1297,#825,.T.);
#1615=EDGE_CURVE('',#1299,#1298,#604,.T.);
#1616=EDGE_CURVE('',#1300,#1299,#826,.T.);
#1617=EDGE_CURVE('',#1301,#1300,#605,.T.);
#1618=EDGE_CURVE('',#1302,#1301,#827,.T.);
#1619=EDGE_CURVE('',#1268,#1302,#606,.T.);
#1620=EDGE_CURVE('',#1261,#1303,#607,.T.);
#1621=EDGE_CURVE('',#1303,#1304,#828,.T.);
#1622=EDGE_CURVE('',#1304,#1305,#829,.T.);
#1623=EDGE_CURVE('',#1305,#1306,#608,.T.);
#1624=EDGE_CURVE('',#1306,#1307,#830,.T.);
#1625=EDGE_CURVE('',#1307,#1308,#831,.T.);
#1626=EDGE_CURVE('',#1308,#1309,#609,.T.);
#1627=EDGE_CURVE('',#1309,#1310,#610,.T.);
#1628=EDGE_CURVE('',#1310,#1311,#832,.T.);
#1629=EDGE_CURVE('',#1311,#1312,#833,.T.);
#1630=EDGE_CURVE('',#1312,#1313,#834,.T.);
#1631=EDGE_CURVE('',#1313,#1314,#611,.T.);
#1632=EDGE_CURVE('',#1314,#1315,#612,.T.);
#1633=EDGE_CURVE('',#1315,#1316,#835,.T.);
#1634=EDGE_CURVE('',#1316,#1317,#836,.T.);
#1635=EDGE_CURVE('',#1317,#1318,#837,.T.);
#1636=EDGE_CURVE('',#1318,#1257,#613,.T.);
#1637=EDGE_CURVE('',#1319,#1319,#614,.T.);
#1638=EDGE_CURVE('',#1320,#1320,#615,.T.);
#1639=EDGE_CURVE('',#1321,#1321,#616,.T.);
#1640=EDGE_CURVE('',#1322,#1322,#617,.T.);
#1641=EDGE_CURVE('',#1323,#1323,#618,.T.);
#1642=EDGE_CURVE('',#1324,#1324,#619,.T.);
#1643=EDGE_CURVE('',#1325,#1325,#620,.T.);
#1644=EDGE_CURVE('',#1326,#1326,#621,.T.);
#1645=EDGE_CURVE('',#1327,#1265,#622,.T.);
#1646=EDGE_CURVE('',#1327,#1303,#623,.T.);
#1647=EDGE_CURVE('',#1264,#1258,#624,.T.);
#1648=EDGE_CURVE('',#1328,#1318,#560,.T.);
#1649=EDGE_CURVE('',#1329,#1328,#561,.T.);
#1650=EDGE_CURVE('',#1250,#1329,#625,.T.);
#1651=EDGE_CURVE('',#1330,#1331,#838,.T.);
#1652=EDGE_CURVE('',#1330,#1332,#626,.T.);
#1653=EDGE_CURVE('',#1332,#1333,#627,.T.);
#1654=EDGE_CURVE('',#1334,#1333,#839,.T.);
#1655=EDGE_CURVE('',#1335,#1334,#562,.T.);
#1656=EDGE_CURVE('',#1331,#1335,#563,.T.);
#1657=EDGE_CURVE('',#1304,#1336,#138,.T.);
#1658=EDGE_CURVE('',#1336,#1337,#139,.T.);
#1659=EDGE_CURVE('',#1335,#1337,#564,.T.);
#1660=EDGE_CURVE('',#1305,#1335,#565,.T.);
#1661=EDGE_CURVE('',#1338,#1330,#628,.T.);
#1662=EDGE_CURVE('',#1328,#1338,#566,.T.);
#1663=EDGE_CURVE('',#1339,#1328,#567,.T.);
#1664=EDGE_CURVE('',#1340,#1339,#568,.T.);
#1665=EDGE_CURVE('',#1333,#1340,#629,.T.);
#1666=EDGE_CURVE('',#1341,#1327,#840,.T.);
#1667=EDGE_CURVE('',#1337,#1341,#569,.T.);
#1668=EDGE_CURVE('',#1329,#1342,#841,.T.);
#1669=EDGE_CURVE('',#1342,#1341,#630,.T.);
#1670=EDGE_CURVE('',#1343,#1334,#631,.T.);
#1671=EDGE_CURVE('',#1306,#1343,#632,.T.);
#1672=EDGE_CURVE('',#1344,#1338,#842,.T.);
#1673=EDGE_CURVE('',#1342,#1344,#633,.T.);
#1674=EDGE_CURVE('',#1340,#1345,#843,.T.);
#1675=EDGE_CURVE('',#1345,#1346,#844,.T.);
#1676=EDGE_CURVE('',#1346,#1347,#634,.T.);
#1677=EDGE_CURVE('',#1347,#1348,#635,.T.);
#1678=EDGE_CURVE('',#1348,#1349,#845,.T.);
#1679=EDGE_CURVE('',#1349,#1343,#846,.T.);
#1680=EDGE_CURVE('',#1350,#1349,#140,.T.);
#1681=EDGE_CURVE('',#1307,#1350,#141,.T.);
#1682=EDGE_CURVE('',#1351,#1352,#142,.T.);
#1683=EDGE_CURVE('',#1353,#1351,#143,.T.);
#1684=EDGE_CURVE('',#1354,#1353,#847,.T.);
#1685=EDGE_CURVE('',#1355,#1354,#636,.T.);
#1686=EDGE_CURVE('',#1352,#1355,#848,.T.);
#1687=EDGE_CURVE('',#1356,#1314,#570,.T.);
#1688=EDGE_CURVE('',#1347,#1356,#571,.T.);
#1689=EDGE_CURVE('',#1315,#1346,#637,.T.);
#1690=EDGE_CURVE('',#1339,#1357,#144,.T.);
#1691=EDGE_CURVE('',#1357,#1317,#145,.T.);
#1692=EDGE_CURVE('',#1345,#1316,#638,.T.);
#1693=EDGE_CURVE('',#1331,#1344,#639,.T.);
#1694=EDGE_CURVE('',#1358,#1354,#640,.T.);
#1695=EDGE_CURVE('',#1356,#1358,#572,.T.);
#1696=EDGE_CURVE('',#1359,#1356,#573,.T.);
#1697=EDGE_CURVE('',#1355,#1359,#641,.T.);
#1698=EDGE_CURVE('',#1360,#1348,#642,.T.);
#1699=EDGE_CURVE('',#1361,#1360,#849,.T.);
#1700=EDGE_CURVE('',#1350,#1361,#146,.T.);
#1701=EDGE_CURVE('',#1362,#1352,#850,.T.);
#1702=EDGE_CURVE('',#1362,#1363,#643,.T.);
#1703=EDGE_CURVE('',#1363,#1308,#644,.T.);
#1704=EDGE_CURVE('',#1353,#1361,#851,.T.);
#1705=EDGE_CURVE('',#1359,#1364,#645,.T.);
#1706=EDGE_CURVE('',#1364,#1365,#852,.T.);
#1707=EDGE_CURVE('',#1365,#1366,#646,.T.);
#1708=EDGE_CURVE('',#1366,#1362,#647,.T.);
#1709=EDGE_CURVE('',#1367,#1313,#574,.T.);
#1710=EDGE_CURVE('',#1364,#1367,#575,.T.);
#1711=EDGE_CURVE('',#1368,#1366,#576,.T.);
#1712=EDGE_CURVE('',#1309,#1368,#577,.T.);
#1713=EDGE_CURVE('',#1360,#1358,#648,.T.);
#1714=EDGE_CURVE('',#1368,#1369,#578,.T.);
#1715=EDGE_CURVE('',#1370,#1368,#579,.T.);
#1716=EDGE_CURVE('',#1371,#1370,#649,.T.);
#1717=EDGE_CURVE('',#1367,#1371,#580,.T.);
#1718=EDGE_CURVE('',#1372,#1367,#581,.T.);
#1719=EDGE_CURVE('',#1373,#1372,#582,.T.);
#1720=EDGE_CURVE('',#1369,#1373,#650,.T.);
#1721=EDGE_CURVE('',#1374,#1312,#147,.T.);
#1722=EDGE_CURVE('',#1372,#1374,#148,.T.);
#1723=EDGE_CURVE('',#1375,#1371,#853,.T.);
#1724=EDGE_CURVE('',#1365,#1375,#651,.T.);
#1725=EDGE_CURVE('',#1370,#1375,#652,.T.);
#1726=EDGE_CURVE('',#1376,#1369,#653,.T.);
#1727=EDGE_CURVE('',#1310,#1376,#654,.T.);
#1728=EDGE_CURVE('',#1377,#1376,#854,.T.);
#1729=EDGE_CURVE('',#1377,#1378,#149,.T.);
#1730=EDGE_CURVE('',#1378,#1311,#150,.T.);
#1731=EDGE_CURVE('',#1373,#1377,#855,.T.);
#1732=EDGE_CURVE('',#1379,#1380,#856,.T.);
#1733=EDGE_CURVE('',#1381,#1379,#655,.T.);
#1734=EDGE_CURVE('',#1382,#1381,#857,.T.);
#1735=EDGE_CURVE('',#1383,#1382,#656,.T.);
#1736=EDGE_CURVE('',#1384,#1383,#858,.T.);
#1737=EDGE_CURVE('',#1385,#1384,#657,.T.);
#1738=EDGE_CURVE('',#1386,#1385,#859,.T.);
#1739=EDGE_CURVE('',#1387,#1386,#658,.T.);
#1740=EDGE_CURVE('',#1388,#1387,#860,.T.);
#1741=EDGE_CURVE('',#1389,#1388,#659,.T.);
#1742=EDGE_CURVE('',#1390,#1389,#861,.T.);
#1743=EDGE_CURVE('',#1391,#1390,#660,.T.);
#1744=EDGE_CURVE('',#1392,#1391,#862,.T.);
#1745=EDGE_CURVE('',#1392,#1393,#863,.T.);
#1746=EDGE_CURVE('',#1394,#1393,#864,.T.);
#1747=EDGE_CURVE('',#1395,#1394,#865,.T.);
#1748=EDGE_CURVE('',#1395,#1396,#661,.T.);
#1749=EDGE_CURVE('',#1397,#1396,#866,.T.);
#1750=EDGE_CURVE('',#1397,#1398,#662,.T.);
#1751=EDGE_CURVE('',#1399,#1398,#867,.T.);
#1752=EDGE_CURVE('',#1400,#1399,#868,.T.);
#1753=EDGE_CURVE('',#1401,#1400,#663,.T.);
#1754=EDGE_CURVE('',#1402,#1401,#869,.T.);
#1755=EDGE_CURVE('',#1403,#1402,#664,.T.);
#1756=EDGE_CURVE('',#1404,#1403,#870,.T.);
#1757=EDGE_CURVE('',#1405,#1404,#665,.T.);
#1758=EDGE_CURVE('',#1406,#1405,#871,.T.);
#1759=EDGE_CURVE('',#1407,#1406,#666,.T.);
#1760=EDGE_CURVE('',#1408,#1407,#872,.T.);
#1761=EDGE_CURVE('',#1409,#1408,#667,.T.);
#1762=EDGE_CURVE('',#1410,#1409,#873,.T.);
#1763=EDGE_CURVE('',#1411,#1410,#668,.T.);
#1764=EDGE_CURVE('',#1412,#1411,#874,.T.);
#1765=EDGE_CURVE('',#1412,#1413,#875,.T.);
#1766=EDGE_CURVE('',#1413,#1414,#669,.T.);
#1767=EDGE_CURVE('',#1414,#1415,#876,.T.);
#1768=EDGE_CURVE('',#1415,#1416,#670,.T.);
#1769=EDGE_CURVE('',#1416,#1380,#877,.T.);
#1770=EDGE_CURVE('',#1417,#1417,#671,.T.);
#1771=EDGE_CURVE('',#1418,#1418,#672,.T.);
#1772=EDGE_CURVE('',#1419,#1419,#673,.T.);
#1773=EDGE_CURVE('',#1420,#1420,#674,.T.);
#1774=EDGE_CURVE('',#1421,#1421,#675,.T.);
#1775=EDGE_CURVE('',#1422,#1422,#676,.T.);
#1776=EDGE_CURVE('',#1423,#1423,#677,.T.);
#1777=EDGE_CURVE('',#1424,#1424,#678,.T.);
#1778=EDGE_CURVE('',#1425,#1425,#679,.T.);
#1779=EDGE_CURVE('',#1426,#1426,#680,.T.);
#1780=EDGE_CURVE('',#1319,#1425,#878,.T.);
#1781=EDGE_CURVE('',#1426,#1424,#879,.T.);
#1782=EDGE_CURVE('',#1427,#1427,#681,.T.);
#1783=EDGE_CURVE('',#1428,#1428,#682,.T.);
#1784=EDGE_CURVE('',#1320,#1427,#880,.T.);
#1785=EDGE_CURVE('',#1428,#1423,#881,.T.);
#1786=EDGE_CURVE('',#1429,#1429,#683,.T.);
#1787=EDGE_CURVE('',#1430,#1430,#684,.T.);
#1788=EDGE_CURVE('',#1321,#1429,#882,.T.);
#1789=EDGE_CURVE('',#1430,#1422,#883,.T.);
#1790=EDGE_CURVE('',#1431,#1431,#685,.T.);
#1791=EDGE_CURVE('',#1432,#1432,#686,.T.);
#1792=EDGE_CURVE('',#1322,#1431,#884,.T.);
#1793=EDGE_CURVE('',#1432,#1421,#885,.T.);
#1794=EDGE_CURVE('',#1433,#1433,#687,.T.);
#1795=EDGE_CURVE('',#1434,#1434,#688,.T.);
#1796=EDGE_CURVE('',#1323,#1433,#886,.T.);
#1797=EDGE_CURVE('',#1434,#1420,#887,.T.);
#1798=EDGE_CURVE('',#1435,#1435,#689,.T.);
#1799=EDGE_CURVE('',#1436,#1436,#690,.T.);
#1800=EDGE_CURVE('',#1324,#1435,#888,.T.);
#1801=EDGE_CURVE('',#1436,#1419,#889,.T.);
#1802=EDGE_CURVE('',#1437,#1437,#691,.T.);
#1803=EDGE_CURVE('',#1438,#1438,#692,.T.);
#1804=EDGE_CURVE('',#1325,#1437,#890,.T.);
#1805=EDGE_CURVE('',#1438,#1418,#891,.T.);
#1806=EDGE_CURVE('',#1439,#1439,#693,.T.);
#1807=EDGE_CURVE('',#1440,#1440,#694,.T.);
#1808=EDGE_CURVE('',#1326,#1439,#892,.T.);
#1809=EDGE_CURVE('',#1440,#1417,#893,.T.);
#1810=EDGE_CURVE('',#1291,#1441,#695,.T.);
#1811=EDGE_CURVE('',#1441,#1442,#894,.T.);
#1812=EDGE_CURVE('',#1442,#1292,#696,.T.);
#1813=EDGE_CURVE('',#1443,#1293,#697,.T.);
#1814=EDGE_CURVE('',#1442,#1443,#698,.T.);
#1815=EDGE_CURVE('',#1444,#1294,#699,.T.);
#1816=EDGE_CURVE('',#1443,#1444,#895,.T.);
#1817=EDGE_CURVE('',#1445,#1295,#700,.T.);
#1818=EDGE_CURVE('',#1444,#1445,#701,.T.);
#1819=EDGE_CURVE('',#1446,#1296,#702,.T.);
#1820=EDGE_CURVE('',#1445,#1446,#896,.T.);
#1821=EDGE_CURVE('',#1447,#1297,#703,.T.);
#1822=EDGE_CURVE('',#1446,#1447,#704,.T.);
#1823=EDGE_CURVE('',#1448,#1298,#705,.T.);
#1824=EDGE_CURVE('',#1447,#1448,#897,.T.);
#1825=EDGE_CURVE('',#1449,#1299,#706,.T.);
#1826=EDGE_CURVE('',#1448,#1449,#707,.T.);
#1827=EDGE_CURVE('',#1450,#1300,#708,.T.);
#1828=EDGE_CURVE('',#1449,#1450,#898,.T.);
#1829=EDGE_CURVE('',#1451,#1301,#709,.T.);
#1830=EDGE_CURVE('',#1450,#1451,#710,.T.);
#1831=EDGE_CURVE('',#1452,#1302,#711,.T.);
#1832=EDGE_CURVE('',#1451,#1452,#899,.T.);
#1833=EDGE_CURVE('',#1453,#1268,#712,.T.);
#1834=EDGE_CURVE('',#1452,#1453,#713,.T.);
#1835=EDGE_CURVE('',#1454,#1267,#714,.T.);
#1836=EDGE_CURVE('',#1453,#1454,#900,.T.);
#1837=EDGE_CURVE('',#1273,#1455,#715,.T.);
#1838=EDGE_CURVE('',#1455,#1456,#901,.T.);
#1839=EDGE_CURVE('',#1456,#1274,#716,.T.);
#1840=EDGE_CURVE('',#1457,#1275,#717,.T.);
#1841=EDGE_CURVE('',#1456,#1457,#718,.T.);
#1842=EDGE_CURVE('',#1458,#1276,#719,.T.);
#1843=EDGE_CURVE('',#1457,#1458,#902,.T.);
#1844=EDGE_CURVE('',#1459,#1277,#720,.T.);
#1845=EDGE_CURVE('',#1458,#1459,#721,.T.);
#1846=EDGE_CURVE('',#1460,#1278,#722,.T.);
#1847=EDGE_CURVE('',#1459,#1460,#903,.T.);
#1848=EDGE_CURVE('',#1461,#1279,#723,.T.);
#1849=EDGE_CURVE('',#1460,#1461,#724,.T.);
#1850=EDGE_CURVE('',#1462,#1280,#725,.T.);
#1851=EDGE_CURVE('',#1461,#1462,#904,.T.);
#1852=EDGE_CURVE('',#1463,#1281,#726,.T.);
#1853=EDGE_CURVE('',#1462,#1463,#727,.T.);
#1854=EDGE_CURVE('',#1464,#1282,#728,.T.);
#1855=EDGE_CURVE('',#1463,#1464,#905,.T.);
#1856=EDGE_CURVE('',#1465,#1283,#729,.T.);
#1857=EDGE_CURVE('',#1464,#1465,#730,.T.);
#1858=EDGE_CURVE('',#1466,#1284,#731,.T.);
#1859=EDGE_CURVE('',#1465,#1466,#906,.T.);
#1860=EDGE_CURVE('',#1467,#1285,#732,.T.);
#1861=EDGE_CURVE('',#1466,#1467,#733,.T.);
#1862=EDGE_CURVE('',#1468,#1286,#734,.T.);
#1863=EDGE_CURVE('',#1467,#1468,#907,.T.);
#1864=EDGE_CURVE('',#1289,#1414,#908,.T.);
#1865=EDGE_CURVE('',#1290,#1413,#909,.T.);
#1866=EDGE_CURVE('',#1288,#1415,#910,.T.);
#1867=EDGE_CURVE('',#1287,#1416,#911,.T.);
#1868=EDGE_CURVE('',#1395,#1272,#912,.T.);
#1869=EDGE_CURVE('',#1394,#1455,#913,.T.);
#1870=EDGE_CURVE('',#1396,#1271,#914,.T.);
#1871=EDGE_CURVE('',#1397,#1270,#915,.T.);
#1872=EDGE_CURVE('',#1398,#1269,#916,.T.);
#1873=EDGE_CURVE('',#1469,#1454,#917,.T.);
#1874=EDGE_CURVE('',#1399,#1469,#918,.T.);
#1875=EDGE_CURVE('',#1470,#1471,#735,.T.);
#1876=EDGE_CURVE('',#1471,#1472,#919,.T.);
#1877=EDGE_CURVE('',#1472,#1473,#736,.T.);
#1878=EDGE_CURVE('',#1473,#1470,#920,.T.);
#1879=EDGE_CURVE('',#1474,#1475,#737,.T.);
#1880=EDGE_CURVE('',#1475,#1473,#738,.T.);
#1881=EDGE_CURVE('',#1472,#1474,#739,.T.);
#1882=EDGE_CURVE('',#1476,#1477,#740,.T.);
#1883=EDGE_CURVE('',#1477,#1475,#921,.T.);
#1884=EDGE_CURVE('',#1474,#1476,#922,.T.);
#1885=EDGE_CURVE('',#1478,#1479,#741,.T.);
#1886=EDGE_CURVE('',#1479,#1477,#742,.T.);
#1887=EDGE_CURVE('',#1476,#1478,#743,.T.);
#1888=EDGE_CURVE('',#1480,#1481,#744,.T.);
#1889=EDGE_CURVE('',#1481,#1479,#923,.T.);
#1890=EDGE_CURVE('',#1478,#1480,#924,.T.);
#1891=EDGE_CURVE('',#1482,#1483,#745,.T.);
#1892=EDGE_CURVE('',#1483,#1481,#746,.T.);
#1893=EDGE_CURVE('',#1480,#1482,#747,.T.);
#1894=EDGE_CURVE('',#1484,#1485,#748,.T.);
#1895=EDGE_CURVE('',#1485,#1483,#925,.T.);
#1896=EDGE_CURVE('',#1482,#1484,#926,.T.);
#1897=EDGE_CURVE('',#1486,#1487,#749,.T.);
#1898=EDGE_CURVE('',#1487,#1485,#750,.T.);
#1899=EDGE_CURVE('',#1484,#1486,#751,.T.);
#1900=EDGE_CURVE('',#1488,#1489,#752,.T.);
#1901=EDGE_CURVE('',#1489,#1487,#927,.T.);
#1902=EDGE_CURVE('',#1486,#1488,#928,.T.);
#1903=EDGE_CURVE('',#1490,#1491,#753,.T.);
#1904=EDGE_CURVE('',#1491,#1489,#754,.T.);
#1905=EDGE_CURVE('',#1488,#1490,#755,.T.);
#1906=EDGE_CURVE('',#1492,#1493,#756,.T.);
#1907=EDGE_CURVE('',#1493,#1491,#929,.T.);
#1908=EDGE_CURVE('',#1490,#1492,#930,.T.);
#1909=EDGE_CURVE('',#1494,#1495,#757,.T.);
#1910=EDGE_CURVE('',#1495,#1493,#758,.T.);
#1911=EDGE_CURVE('',#1492,#1494,#759,.T.);
#1912=EDGE_CURVE('',#1496,#1497,#760,.T.);
#1913=EDGE_CURVE('',#1497,#1495,#931,.T.);
#1914=EDGE_CURVE('',#1494,#1496,#932,.T.);
#1915=EDGE_CURVE('',#1498,#1499,#761,.T.);
#1916=EDGE_CURVE('',#1499,#1497,#762,.T.);
#1917=EDGE_CURVE('',#1496,#1498,#763,.T.);
#1918=EDGE_CURVE('',#1500,#1501,#764,.T.);
#1919=EDGE_CURVE('',#1501,#1499,#933,.T.);
#1920=EDGE_CURVE('',#1498,#1500,#934,.T.);
#1921=EDGE_CURVE('',#1502,#1503,#765,.T.);
#1922=EDGE_CURVE('',#1503,#1501,#766,.T.);
#1923=EDGE_CURVE('',#1500,#1502,#767,.T.);
#1924=EDGE_CURVE('',#1504,#1505,#768,.T.);
#1925=EDGE_CURVE('',#1505,#1503,#935,.T.);
#1926=EDGE_CURVE('',#1502,#1504,#936,.T.);
#1927=EDGE_CURVE('',#1506,#1507,#769,.T.);
#1928=EDGE_CURVE('',#1507,#1505,#770,.T.);
#1929=EDGE_CURVE('',#1504,#1506,#771,.T.);
#1930=EDGE_CURVE('',#1508,#1509,#772,.T.);
#1931=EDGE_CURVE('',#1509,#1507,#937,.T.);
#1932=EDGE_CURVE('',#1506,#1508,#938,.T.);
#1933=EDGE_CURVE('',#1510,#1511,#773,.T.);
#1934=EDGE_CURVE('',#1511,#1509,#774,.T.);
#1935=EDGE_CURVE('',#1508,#1510,#775,.T.);
#1936=EDGE_CURVE('',#1512,#1513,#776,.T.);
#1937=EDGE_CURVE('',#1513,#1511,#939,.T.);
#1938=EDGE_CURVE('',#1510,#1512,#940,.T.);
#1939=EDGE_CURVE('',#1514,#1515,#777,.T.);
#1940=EDGE_CURVE('',#1515,#1513,#778,.T.);
#1941=EDGE_CURVE('',#1512,#1514,#779,.T.);
#1942=EDGE_CURVE('',#1516,#1517,#780,.T.);
#1943=EDGE_CURVE('',#1517,#1515,#941,.T.);
#1944=EDGE_CURVE('',#1514,#1516,#942,.T.);
#1945=EDGE_CURVE('',#1470,#1517,#781,.T.);
#1946=EDGE_CURVE('',#1516,#1471,#782,.T.);
#1947=EDGE_CURVE('',#1449,#1492,#943,.T.);
#1948=EDGE_CURVE('',#1448,#1494,#944,.T.);
#1949=EDGE_CURVE('',#1450,#1490,#945,.T.);
#1950=EDGE_CURVE('',#1451,#1488,#946,.T.);
#1951=EDGE_CURVE('',#1452,#1486,#947,.T.);
#1952=EDGE_CURVE('',#1453,#1484,#948,.T.);
#1953=EDGE_CURVE('',#1456,#1482,#949,.T.);
#1954=EDGE_CURVE('',#1393,#1518,#950,.T.);
#1955=EDGE_CURVE('',#1518,#1519,#783,.T.);
#1956=EDGE_CURVE('',#1519,#1520,#951,.T.);
#1957=EDGE_CURVE('',#1520,#1521,#784,.T.);
#1958=EDGE_CURVE('',#1521,#1522,#952,.T.);
#1959=EDGE_CURVE('',#1522,#1469,#953,.T.);
#1960=EDGE_CURVE('',#1457,#1480,#954,.T.);
#1961=EDGE_CURVE('',#1458,#1478,#955,.T.);
#1962=EDGE_CURVE('',#1459,#1476,#956,.T.);
#1963=EDGE_CURVE('',#1460,#1474,#957,.T.);
#1964=EDGE_CURVE('',#1461,#1472,#958,.T.);
#1965=EDGE_CURVE('',#1462,#1471,#959,.T.);
#1966=EDGE_CURVE('',#1523,#1524,#960,.T.);
#1967=EDGE_CURVE('',#1524,#1525,#785,.T.);
#1968=EDGE_CURVE('',#1525,#1526,#961,.T.);
#1969=EDGE_CURVE('',#1526,#1527,#786,.T.);
#1970=EDGE_CURVE('',#1527,#1528,#962,.T.);
#1971=EDGE_CURVE('',#1528,#1529,#787,.T.);
#1972=EDGE_CURVE('',#1529,#1530,#963,.T.);
#1973=EDGE_CURVE('',#1530,#1531,#788,.T.);
#1974=EDGE_CURVE('',#1531,#1532,#964,.T.);
#1975=EDGE_CURVE('',#1532,#1533,#789,.T.);
#1976=EDGE_CURVE('',#1533,#1534,#965,.T.);
#1977=EDGE_CURVE('',#1534,#1535,#790,.T.);
#1978=EDGE_CURVE('',#1535,#1536,#966,.T.);
#1979=EDGE_CURVE('',#1536,#1537,#791,.T.);
#1980=EDGE_CURVE('',#1537,#1538,#967,.T.);
#1981=EDGE_CURVE('',#1538,#1539,#792,.T.);
#1982=EDGE_CURVE('',#1539,#1540,#968,.T.);
#1983=EDGE_CURVE('',#1540,#1541,#793,.T.);
#1984=EDGE_CURVE('',#1541,#1542,#969,.T.);
#1985=EDGE_CURVE('',#1542,#1543,#794,.T.);
#1986=EDGE_CURVE('',#1543,#1544,#970,.T.);
#1987=EDGE_CURVE('',#1544,#1545,#795,.T.);
#1988=EDGE_CURVE('',#1545,#1546,#971,.T.);
#1989=EDGE_CURVE('',#1546,#1523,#796,.T.);
#1990=EDGE_CURVE('',#1547,#1468,#972,.T.);
#1991=EDGE_CURVE('',#1547,#1548,#973,.T.);
#1992=EDGE_CURVE('',#1380,#1548,#974,.T.);
#1993=EDGE_CURVE('',#1549,#1547,#797,.T.);
#1994=EDGE_CURVE('',#1549,#1550,#975,.T.);
#1995=EDGE_CURVE('',#1548,#1550,#798,.T.);
#1996=EDGE_CURVE('',#1551,#1549,#976,.T.);
#1997=EDGE_CURVE('',#1551,#1552,#977,.T.);
#1998=EDGE_CURVE('',#1550,#1552,#978,.T.);
#1999=EDGE_CURVE('',#1553,#1551,#799,.T.);
#2000=EDGE_CURVE('',#1553,#1554,#979,.T.);
#2001=EDGE_CURVE('',#1552,#1554,#800,.T.);
#2002=EDGE_CURVE('',#1441,#1553,#980,.T.);
#2003=EDGE_CURVE('',#1554,#1412,#981,.T.);
#2004=EDGE_CURVE('',#1522,#1555,#982,.T.);
#2005=EDGE_CURVE('',#1399,#1555,#983,.T.);
#2006=EDGE_CURVE('',#1442,#1506,#984,.T.);
#2007=EDGE_CURVE('',#1467,#1508,#985,.T.);
#2008=EDGE_CURVE('',#1556,#1392,#986,.T.);
#2009=EDGE_CURVE('',#1518,#1556,#987,.T.);
#2010=EDGE_CURVE('',#1521,#1557,#988,.T.);
#2011=EDGE_CURVE('',#1555,#1557,#989,.T.);
#2012=EDGE_CURVE('',#1520,#1558,#990,.T.);
#2013=EDGE_CURVE('',#1557,#1558,#801,.T.);
#2014=EDGE_CURVE('',#1519,#1559,#991,.T.);
#2015=EDGE_CURVE('',#1558,#1559,#992,.T.);
#2016=EDGE_CURVE('',#1559,#1556,#802,.T.);
#2017=EDGE_CURVE('',#1391,#1526,#993,.T.);
#2018=EDGE_CURVE('',#1400,#1525,#994,.T.);
#2019=EDGE_CURVE('',#1402,#1523,#995,.T.);
#2020=EDGE_CURVE('',#1403,#1546,#996,.T.);
#2021=EDGE_CURVE('',#1404,#1545,#997,.T.);
#2022=EDGE_CURVE('',#1405,#1544,#998,.T.);
#2023=EDGE_CURVE('',#1406,#1543,#999,.T.);
#2024=EDGE_CURVE('',#1407,#1542,#1000,.T.);
#2025=EDGE_CURVE('',#1408,#1541,#1001,.T.);
#2026=EDGE_CURVE('',#1409,#1540,#1002,.T.);
#2027=EDGE_CURVE('',#1410,#1539,#1003,.T.);
#2028=EDGE_CURVE('',#1411,#1538,#1004,.T.);
#2029=EDGE_CURVE('',#1379,#1537,#1005,.T.);
#2030=EDGE_CURVE('',#1381,#1536,#1006,.T.);
#2031=EDGE_CURVE('',#1382,#1535,#1007,.T.);
#2032=EDGE_CURVE('',#1383,#1534,#1008,.T.);
#2033=EDGE_CURVE('',#1384,#1533,#1009,.T.);
#2034=EDGE_CURVE('',#1385,#1532,#1010,.T.);
#2035=EDGE_CURVE('',#1386,#1531,#1011,.T.);
#2036=EDGE_CURVE('',#1387,#1530,#1012,.T.);
#2037=EDGE_CURVE('',#1388,#1529,#1013,.T.);
#2038=EDGE_CURVE('',#1389,#1528,#1014,.T.);
#2039=EDGE_CURVE('',#1390,#1527,#1015,.T.);
#2040=EDGE_CURVE('',#1401,#1524,#1016,.T.);
#2041=EDGE_CURVE('',#1446,#1498,#1017,.T.);
#2042=EDGE_CURVE('',#1500,#1445,#1018,.T.);
#2043=EDGE_CURVE('',#1447,#1496,#1019,.T.);
#2044=EDGE_CURVE('',#1463,#1516,#1020,.T.);
#2045=EDGE_CURVE('',#1464,#1514,#1021,.T.);
#2046=EDGE_CURVE('',#1465,#1512,#1022,.T.);
#2047=EDGE_CURVE('',#1466,#1510,#1023,.T.);
#2048=EDGE_CURVE('',#1443,#1504,#1024,.T.);
#2049=EDGE_CURVE('',#1444,#1502,#1025,.T.);
#2050=ORIENTED_EDGE('',*,*,#1560,.F.);
#2051=ORIENTED_EDGE('',*,*,#1561,.F.);
#2052=ORIENTED_EDGE('',*,*,#1562,.F.);
#2053=ORIENTED_EDGE('',*,*,#1563,.F.);
#2054=ORIENTED_EDGE('',*,*,#1564,.F.);
#2055=ORIENTED_EDGE('',*,*,#1565,.F.);
#2056=ORIENTED_EDGE('',*,*,#1566,.F.);
#2057=ORIENTED_EDGE('',*,*,#1567,.F.);
#2058=ORIENTED_EDGE('',*,*,#1568,.F.);
#2059=ORIENTED_EDGE('',*,*,#1569,.F.);
#2060=ORIENTED_EDGE('',*,*,#1570,.F.);
#2061=ORIENTED_EDGE('',*,*,#1571,.F.);
#2062=ORIENTED_EDGE('',*,*,#1572,.F.);
#2063=ORIENTED_EDGE('',*,*,#1573,.F.);
#2064=ORIENTED_EDGE('',*,*,#1574,.F.);
#2065=ORIENTED_EDGE('',*,*,#1575,.F.);
#2066=ORIENTED_EDGE('',*,*,#1576,.F.);
#2067=ORIENTED_EDGE('',*,*,#1577,.F.);
#2068=ORIENTED_EDGE('',*,*,#1575,.T.);
#2069=ORIENTED_EDGE('',*,*,#1574,.T.);
#2070=ORIENTED_EDGE('',*,*,#1578,.F.);
#2071=ORIENTED_EDGE('',*,*,#1567,.T.);
#2072=ORIENTED_EDGE('',*,*,#1566,.T.);
#2073=ORIENTED_EDGE('',*,*,#1579,.F.);
#2074=ORIENTED_EDGE('',*,*,#1580,.F.);
#2075=ORIENTED_EDGE('',*,*,#1581,.F.);
#2076=ORIENTED_EDGE('',*,*,#1582,.F.);
#2077=ORIENTED_EDGE('',*,*,#1561,.T.);
#2078=ORIENTED_EDGE('',*,*,#1562,.T.);
#2079=ORIENTED_EDGE('',*,*,#1582,.T.);
#2080=ORIENTED_EDGE('',*,*,#1583,.T.);
#2081=ORIENTED_EDGE('',*,*,#1584,.F.);
#2082=ORIENTED_EDGE('',*,*,#1585,.T.);
#2083=ORIENTED_EDGE('',*,*,#1586,.T.);
#2084=ORIENTED_EDGE('',*,*,#1587,.T.);
#2085=ORIENTED_EDGE('',*,*,#1588,.T.);
#2086=ORIENTED_EDGE('',*,*,#1589,.T.);
#2087=ORIENTED_EDGE('',*,*,#1590,.F.);
#2088=ORIENTED_EDGE('',*,*,#1591,.F.);
#2089=ORIENTED_EDGE('',*,*,#1592,.F.);
#2090=ORIENTED_EDGE('',*,*,#1593,.F.);
#2091=ORIENTED_EDGE('',*,*,#1594,.F.);
#2092=ORIENTED_EDGE('',*,*,#1595,.F.);
#2093=ORIENTED_EDGE('',*,*,#1596,.F.);
#2094=ORIENTED_EDGE('',*,*,#1597,.F.);
#2095=ORIENTED_EDGE('',*,*,#1598,.F.);
#2096=ORIENTED_EDGE('',*,*,#1599,.F.);
#2097=ORIENTED_EDGE('',*,*,#1600,.F.);
#2098=ORIENTED_EDGE('',*,*,#1601,.F.);
#2099=ORIENTED_EDGE('',*,*,#1602,.F.);
#2100=ORIENTED_EDGE('',*,*,#1603,.T.);
#2101=ORIENTED_EDGE('',*,*,#1604,.T.);
#2102=ORIENTED_EDGE('',*,*,#1605,.T.);
#2103=ORIENTED_EDGE('',*,*,#1606,.T.);
#2104=ORIENTED_EDGE('',*,*,#1607,.T.);
#2105=ORIENTED_EDGE('',*,*,#1608,.F.);
#2106=ORIENTED_EDGE('',*,*,#1609,.F.);
#2107=ORIENTED_EDGE('',*,*,#1610,.F.);
#2108=ORIENTED_EDGE('',*,*,#1611,.F.);
#2109=ORIENTED_EDGE('',*,*,#1612,.F.);
#2110=ORIENTED_EDGE('',*,*,#1613,.F.);
#2111=ORIENTED_EDGE('',*,*,#1614,.F.);
#2112=ORIENTED_EDGE('',*,*,#1615,.F.);
#2113=ORIENTED_EDGE('',*,*,#1616,.F.);
#2114=ORIENTED_EDGE('',*,*,#1617,.F.);
#2115=ORIENTED_EDGE('',*,*,#1618,.F.);
#2116=ORIENTED_EDGE('',*,*,#1619,.F.);
#2117=ORIENTED_EDGE('',*,*,#1568,.T.);
#2118=ORIENTED_EDGE('',*,*,#1578,.T.);
#2119=ORIENTED_EDGE('',*,*,#1573,.T.);
#2120=ORIENTED_EDGE('',*,*,#1620,.T.);
#2121=ORIENTED_EDGE('',*,*,#1621,.T.);
#2122=ORIENTED_EDGE('',*,*,#1622,.T.);
#2123=ORIENTED_EDGE('',*,*,#1623,.T.);
#2124=ORIENTED_EDGE('',*,*,#1624,.T.);
#2125=ORIENTED_EDGE('',*,*,#1625,.T.);
#2126=ORIENTED_EDGE('',*,*,#1626,.T.);
#2127=ORIENTED_EDGE('',*,*,#1627,.T.);
#2128=ORIENTED_EDGE('',*,*,#1628,.T.);
#2129=ORIENTED_EDGE('',*,*,#1629,.T.);
#2130=ORIENTED_EDGE('',*,*,#1630,.T.);
#2131=ORIENTED_EDGE('',*,*,#1631,.T.);
#2132=ORIENTED_EDGE('',*,*,#1632,.T.);
#2133=ORIENTED_EDGE('',*,*,#1633,.T.);
#2134=ORIENTED_EDGE('',*,*,#1634,.T.);
#2135=ORIENTED_EDGE('',*,*,#1635,.T.);
#2136=ORIENTED_EDGE('',*,*,#1636,.T.);
#2137=ORIENTED_EDGE('',*,*,#1637,.T.);
#2138=ORIENTED_EDGE('',*,*,#1638,.T.);
#2139=ORIENTED_EDGE('',*,*,#1639,.T.);
#2140=ORIENTED_EDGE('',*,*,#1640,.T.);
#2141=ORIENTED_EDGE('',*,*,#1641,.T.);
#2142=ORIENTED_EDGE('',*,*,#1642,.T.);
#2143=ORIENTED_EDGE('',*,*,#1643,.T.);
#2144=ORIENTED_EDGE('',*,*,#1644,.T.);
#2145=ORIENTED_EDGE('',*,*,#1580,.T.);
#2146=ORIENTED_EDGE('',*,*,#1645,.F.);
#2147=ORIENTED_EDGE('',*,*,#1646,.T.);
#2148=ORIENTED_EDGE('',*,*,#1620,.F.);
#2149=ORIENTED_EDGE('',*,*,#1572,.T.);
#2150=ORIENTED_EDGE('',*,*,#1563,.T.);
#2151=ORIENTED_EDGE('',*,*,#1583,.F.);
#2152=ORIENTED_EDGE('',*,*,#1581,.T.);
#2153=ORIENTED_EDGE('',*,*,#1571,.T.);
#2154=ORIENTED_EDGE('',*,*,#1647,.F.);
#2155=ORIENTED_EDGE('',*,*,#1576,.T.);
#2156=ORIENTED_EDGE('',*,*,#1565,.T.);
#2157=ORIENTED_EDGE('',*,*,#1564,.T.);
#2158=ORIENTED_EDGE('',*,*,#1569,.T.);
#2159=ORIENTED_EDGE('',*,*,#1636,.F.);
#2160=ORIENTED_EDGE('',*,*,#1648,.F.);
#2161=ORIENTED_EDGE('',*,*,#1649,.F.);
#2162=ORIENTED_EDGE('',*,*,#1650,.F.);
#2163=ORIENTED_EDGE('',*,*,#1651,.F.);
#2164=ORIENTED_EDGE('',*,*,#1652,.T.);
#2165=ORIENTED_EDGE('',*,*,#1653,.T.);
#2166=ORIENTED_EDGE('',*,*,#1654,.F.);
#2167=ORIENTED_EDGE('',*,*,#1655,.F.);
#2168=ORIENTED_EDGE('',*,*,#1656,.F.);
#2169=ORIENTED_EDGE('',*,*,#1622,.F.);
#2170=ORIENTED_EDGE('',*,*,#1657,.T.);
#2171=ORIENTED_EDGE('',*,*,#1658,.T.);
#2172=ORIENTED_EDGE('',*,*,#1659,.F.);
#2173=ORIENTED_EDGE('',*,*,#1660,.F.);
#2174=ORIENTED_EDGE('',*,*,#1661,.F.);
#2175=ORIENTED_EDGE('',*,*,#1662,.F.);
#2176=ORIENTED_EDGE('',*,*,#1663,.F.);
#2177=ORIENTED_EDGE('',*,*,#1664,.F.);
#2178=ORIENTED_EDGE('',*,*,#1665,.F.);
#2179=ORIENTED_EDGE('',*,*,#1653,.F.);
#2180=ORIENTED_EDGE('',*,*,#1652,.F.);
#2181=ORIENTED_EDGE('',*,*,#1621,.F.);
#2182=ORIENTED_EDGE('',*,*,#1646,.F.);
#2183=ORIENTED_EDGE('',*,*,#1666,.F.);
#2184=ORIENTED_EDGE('',*,*,#1667,.F.);
#2185=ORIENTED_EDGE('',*,*,#1658,.F.);
#2186=ORIENTED_EDGE('',*,*,#1657,.F.);
#2187=ORIENTED_EDGE('',*,*,#1577,.T.);
#2188=ORIENTED_EDGE('',*,*,#1647,.T.);
#2189=ORIENTED_EDGE('',*,*,#1570,.T.);
#2190=ORIENTED_EDGE('',*,*,#1560,.T.);
#2191=ORIENTED_EDGE('',*,*,#1650,.T.);
#2192=ORIENTED_EDGE('',*,*,#1668,.T.);
#2193=ORIENTED_EDGE('',*,*,#1669,.T.);
#2194=ORIENTED_EDGE('',*,*,#1666,.T.);
#2195=ORIENTED_EDGE('',*,*,#1645,.T.);
#2196=ORIENTED_EDGE('',*,*,#1579,.T.);
#2197=ORIENTED_EDGE('',*,*,#1660,.T.);
#2198=ORIENTED_EDGE('',*,*,#1655,.T.);
#2199=ORIENTED_EDGE('',*,*,#1670,.F.);
#2200=ORIENTED_EDGE('',*,*,#1671,.F.);
#2201=ORIENTED_EDGE('',*,*,#1623,.F.);
#2202=ORIENTED_EDGE('',*,*,#1649,.T.);
#2203=ORIENTED_EDGE('',*,*,#1662,.T.);
#2204=ORIENTED_EDGE('',*,*,#1672,.F.);
#2205=ORIENTED_EDGE('',*,*,#1673,.F.);
#2206=ORIENTED_EDGE('',*,*,#1668,.F.);
#2207=ORIENTED_EDGE('',*,*,#1654,.T.);
#2208=ORIENTED_EDGE('',*,*,#1665,.T.);
#2209=ORIENTED_EDGE('',*,*,#1674,.T.);
#2210=ORIENTED_EDGE('',*,*,#1675,.T.);
#2211=ORIENTED_EDGE('',*,*,#1676,.T.);
#2212=ORIENTED_EDGE('',*,*,#1677,.T.);
#2213=ORIENTED_EDGE('',*,*,#1678,.T.);
#2214=ORIENTED_EDGE('',*,*,#1679,.T.);
#2215=ORIENTED_EDGE('',*,*,#1670,.T.);
#2216=ORIENTED_EDGE('',*,*,#1624,.F.);
#2217=ORIENTED_EDGE('',*,*,#1671,.T.);
#2218=ORIENTED_EDGE('',*,*,#1679,.F.);
#2219=ORIENTED_EDGE('',*,*,#1680,.F.);
#2220=ORIENTED_EDGE('',*,*,#1681,.F.);
#2221=ORIENTED_EDGE('',*,*,#1682,.F.);
#2222=ORIENTED_EDGE('',*,*,#1683,.F.);
#2223=ORIENTED_EDGE('',*,*,#1684,.F.);
#2224=ORIENTED_EDGE('',*,*,#1685,.F.);
#2225=ORIENTED_EDGE('',*,*,#1686,.F.);
#2226=ORIENTED_EDGE('',*,*,#1632,.F.);
#2227=ORIENTED_EDGE('',*,*,#1687,.F.);
#2228=ORIENTED_EDGE('',*,*,#1688,.F.);
#2229=ORIENTED_EDGE('',*,*,#1676,.F.);
#2230=ORIENTED_EDGE('',*,*,#1689,.F.);
#2231=ORIENTED_EDGE('',*,*,#1664,.T.);
#2232=ORIENTED_EDGE('',*,*,#1690,.T.);
#2233=ORIENTED_EDGE('',*,*,#1691,.T.);
#2234=ORIENTED_EDGE('',*,*,#1634,.F.);
#2235=ORIENTED_EDGE('',*,*,#1692,.F.);
#2236=ORIENTED_EDGE('',*,*,#1674,.F.);
#2237=ORIENTED_EDGE('',*,*,#1648,.T.);
#2238=ORIENTED_EDGE('',*,*,#1635,.F.);
#2239=ORIENTED_EDGE('',*,*,#1691,.F.);
#2240=ORIENTED_EDGE('',*,*,#1690,.F.);
#2241=ORIENTED_EDGE('',*,*,#1663,.T.);
#2242=ORIENTED_EDGE('',*,*,#1667,.T.);
#2243=ORIENTED_EDGE('',*,*,#1669,.F.);
#2244=ORIENTED_EDGE('',*,*,#1673,.T.);
#2245=ORIENTED_EDGE('',*,*,#1693,.F.);
#2246=ORIENTED_EDGE('',*,*,#1656,.T.);
#2247=ORIENTED_EDGE('',*,*,#1659,.T.);
#2248=ORIENTED_EDGE('',*,*,#1694,.F.);
#2249=ORIENTED_EDGE('',*,*,#1695,.F.);
#2250=ORIENTED_EDGE('',*,*,#1696,.F.);
#2251=ORIENTED_EDGE('',*,*,#1697,.F.);
#2252=ORIENTED_EDGE('',*,*,#1685,.T.);
#2253=ORIENTED_EDGE('',*,*,#1633,.F.);
#2254=ORIENTED_EDGE('',*,*,#1689,.T.);
#2255=ORIENTED_EDGE('',*,*,#1675,.F.);
#2256=ORIENTED_EDGE('',*,*,#1692,.T.);
#2257=ORIENTED_EDGE('',*,*,#1680,.T.);
#2258=ORIENTED_EDGE('',*,*,#1678,.F.);
#2259=ORIENTED_EDGE('',*,*,#1698,.F.);
#2260=ORIENTED_EDGE('',*,*,#1699,.F.);
#2261=ORIENTED_EDGE('',*,*,#1700,.F.);
#2262=ORIENTED_EDGE('',*,*,#1651,.T.);
#2263=ORIENTED_EDGE('',*,*,#1693,.T.);
#2264=ORIENTED_EDGE('',*,*,#1672,.T.);
#2265=ORIENTED_EDGE('',*,*,#1661,.T.);
#2266=ORIENTED_EDGE('',*,*,#1682,.T.);
#2267=ORIENTED_EDGE('',*,*,#1701,.F.);
#2268=ORIENTED_EDGE('',*,*,#1702,.T.);
#2269=ORIENTED_EDGE('',*,*,#1703,.T.);
#2270=ORIENTED_EDGE('',*,*,#1625,.F.);
#2271=ORIENTED_EDGE('',*,*,#1681,.T.);
#2272=ORIENTED_EDGE('',*,*,#1700,.T.);
#2273=ORIENTED_EDGE('',*,*,#1704,.F.);
#2274=ORIENTED_EDGE('',*,*,#1683,.T.);
#2275=ORIENTED_EDGE('',*,*,#1686,.T.);
#2276=ORIENTED_EDGE('',*,*,#1697,.T.);
#2277=ORIENTED_EDGE('',*,*,#1705,.T.);
#2278=ORIENTED_EDGE('',*,*,#1706,.T.);
#2279=ORIENTED_EDGE('',*,*,#1707,.T.);
#2280=ORIENTED_EDGE('',*,*,#1708,.T.);
#2281=ORIENTED_EDGE('',*,*,#1701,.T.);
#2282=ORIENTED_EDGE('',*,*,#1696,.T.);
#2283=ORIENTED_EDGE('',*,*,#1687,.T.);
#2284=ORIENTED_EDGE('',*,*,#1631,.F.);
#2285=ORIENTED_EDGE('',*,*,#1709,.F.);
#2286=ORIENTED_EDGE('',*,*,#1710,.F.);
#2287=ORIENTED_EDGE('',*,*,#1705,.F.);
#2288=ORIENTED_EDGE('',*,*,#1708,.F.);
#2289=ORIENTED_EDGE('',*,*,#1711,.F.);
#2290=ORIENTED_EDGE('',*,*,#1712,.F.);
#2291=ORIENTED_EDGE('',*,*,#1626,.F.);
#2292=ORIENTED_EDGE('',*,*,#1703,.F.);
#2293=ORIENTED_EDGE('',*,*,#1702,.F.);
#2294=ORIENTED_EDGE('',*,*,#1695,.T.);
#2295=ORIENTED_EDGE('',*,*,#1713,.F.);
#2296=ORIENTED_EDGE('',*,*,#1698,.T.);
#2297=ORIENTED_EDGE('',*,*,#1677,.F.);
#2298=ORIENTED_EDGE('',*,*,#1688,.T.);
#2299=ORIENTED_EDGE('',*,*,#1714,.F.);
#2300=ORIENTED_EDGE('',*,*,#1715,.F.);
#2301=ORIENTED_EDGE('',*,*,#1716,.F.);
#2302=ORIENTED_EDGE('',*,*,#1717,.F.);
#2303=ORIENTED_EDGE('',*,*,#1718,.F.);
#2304=ORIENTED_EDGE('',*,*,#1719,.F.);
#2305=ORIENTED_EDGE('',*,*,#1720,.F.);
#2306=ORIENTED_EDGE('',*,*,#1718,.T.);
#2307=ORIENTED_EDGE('',*,*,#1709,.T.);
#2308=ORIENTED_EDGE('',*,*,#1630,.F.);
#2309=ORIENTED_EDGE('',*,*,#1721,.F.);
#2310=ORIENTED_EDGE('',*,*,#1722,.F.);
#2311=ORIENTED_EDGE('',*,*,#1710,.T.);
#2312=ORIENTED_EDGE('',*,*,#1717,.T.);
#2313=ORIENTED_EDGE('',*,*,#1723,.F.);
#2314=ORIENTED_EDGE('',*,*,#1724,.F.);
#2315=ORIENTED_EDGE('',*,*,#1706,.F.);
#2316=ORIENTED_EDGE('',*,*,#1716,.T.);
#2317=ORIENTED_EDGE('',*,*,#1725,.T.);
#2318=ORIENTED_EDGE('',*,*,#1723,.T.);
#2319=ORIENTED_EDGE('',*,*,#1715,.T.);
#2320=ORIENTED_EDGE('',*,*,#1711,.T.);
#2321=ORIENTED_EDGE('',*,*,#1707,.F.);
#2322=ORIENTED_EDGE('',*,*,#1724,.T.);
#2323=ORIENTED_EDGE('',*,*,#1725,.F.);
#2324=ORIENTED_EDGE('',*,*,#1714,.T.);
#2325=ORIENTED_EDGE('',*,*,#1726,.F.);
#2326=ORIENTED_EDGE('',*,*,#1727,.F.);
#2327=ORIENTED_EDGE('',*,*,#1627,.F.);
#2328=ORIENTED_EDGE('',*,*,#1712,.T.);
#2329=ORIENTED_EDGE('',*,*,#1628,.F.);
#2330=ORIENTED_EDGE('',*,*,#1727,.T.);
#2331=ORIENTED_EDGE('',*,*,#1728,.F.);
#2332=ORIENTED_EDGE('',*,*,#1729,.T.);
#2333=ORIENTED_EDGE('',*,*,#1730,.T.);
#2334=ORIENTED_EDGE('',*,*,#1719,.T.);
#2335=ORIENTED_EDGE('',*,*,#1722,.T.);
#2336=ORIENTED_EDGE('',*,*,#1721,.T.);
#2337=ORIENTED_EDGE('',*,*,#1629,.F.);
#2338=ORIENTED_EDGE('',*,*,#1730,.F.);
#2339=ORIENTED_EDGE('',*,*,#1729,.F.);
#2340=ORIENTED_EDGE('',*,*,#1731,.F.);
#2341=ORIENTED_EDGE('',*,*,#1720,.T.);
#2342=ORIENTED_EDGE('',*,*,#1731,.T.);
#2343=ORIENTED_EDGE('',*,*,#1728,.T.);
#2344=ORIENTED_EDGE('',*,*,#1726,.T.);
#2345=ORIENTED_EDGE('',*,*,#1732,.F.);
#2346=ORIENTED_EDGE('',*,*,#1733,.F.);
#2347=ORIENTED_EDGE('',*,*,#1734,.F.);
#2348=ORIENTED_EDGE('',*,*,#1735,.F.);
#2349=ORIENTED_EDGE('',*,*,#1736,.F.);
#2350=ORIENTED_EDGE('',*,*,#1737,.F.);
#2351=ORIENTED_EDGE('',*,*,#1738,.F.);
#2352=ORIENTED_EDGE('',*,*,#1739,.F.);
#2353=ORIENTED_EDGE('',*,*,#1740,.F.);
#2354=ORIENTED_EDGE('',*,*,#1741,.F.);
#2355=ORIENTED_EDGE('',*,*,#1742,.F.);
#2356=ORIENTED_EDGE('',*,*,#1743,.F.);
#2357=ORIENTED_EDGE('',*,*,#1744,.F.);
#2358=ORIENTED_EDGE('',*,*,#1745,.T.);
#2359=ORIENTED_EDGE('',*,*,#1746,.F.);
#2360=ORIENTED_EDGE('',*,*,#1747,.F.);
#2361=ORIENTED_EDGE('',*,*,#1748,.T.);
#2362=ORIENTED_EDGE('',*,*,#1749,.F.);
#2363=ORIENTED_EDGE('',*,*,#1750,.T.);
#2364=ORIENTED_EDGE('',*,*,#1751,.F.);
#2365=ORIENTED_EDGE('',*,*,#1752,.F.);
#2366=ORIENTED_EDGE('',*,*,#1753,.F.);
#2367=ORIENTED_EDGE('',*,*,#1754,.F.);
#2368=ORIENTED_EDGE('',*,*,#1755,.F.);
#2369=ORIENTED_EDGE('',*,*,#1756,.F.);
#2370=ORIENTED_EDGE('',*,*,#1757,.F.);
#2371=ORIENTED_EDGE('',*,*,#1758,.F.);
#2372=ORIENTED_EDGE('',*,*,#1759,.F.);
#2373=ORIENTED_EDGE('',*,*,#1760,.F.);
#2374=ORIENTED_EDGE('',*,*,#1761,.F.);
#2375=ORIENTED_EDGE('',*,*,#1762,.F.);
#2376=ORIENTED_EDGE('',*,*,#1763,.F.);
#2377=ORIENTED_EDGE('',*,*,#1764,.F.);
#2378=ORIENTED_EDGE('',*,*,#1765,.T.);
#2379=ORIENTED_EDGE('',*,*,#1766,.T.);
#2380=ORIENTED_EDGE('',*,*,#1767,.T.);
#2381=ORIENTED_EDGE('',*,*,#1768,.T.);
#2382=ORIENTED_EDGE('',*,*,#1769,.T.);
#2383=ORIENTED_EDGE('',*,*,#1770,.T.);
#2384=ORIENTED_EDGE('',*,*,#1771,.T.);
#2385=ORIENTED_EDGE('',*,*,#1772,.T.);
#2386=ORIENTED_EDGE('',*,*,#1773,.T.);
#2387=ORIENTED_EDGE('',*,*,#1774,.T.);
#2388=ORIENTED_EDGE('',*,*,#1775,.T.);
#2389=ORIENTED_EDGE('',*,*,#1776,.T.);
#2390=ORIENTED_EDGE('',*,*,#1777,.T.);
#2391=ORIENTED_EDGE('',*,*,#1778,.F.);
#2392=ORIENTED_EDGE('',*,*,#1779,.T.);
#2393=ORIENTED_EDGE('',*,*,#1637,.F.);
#2394=ORIENTED_EDGE('',*,*,#1780,.T.);
#2395=ORIENTED_EDGE('',*,*,#1778,.T.);
#2396=ORIENTED_EDGE('',*,*,#1780,.F.);
#2397=ORIENTED_EDGE('',*,*,#1779,.F.);
#2398=ORIENTED_EDGE('',*,*,#1781,.T.);
#2399=ORIENTED_EDGE('',*,*,#1777,.F.);
#2400=ORIENTED_EDGE('',*,*,#1781,.F.);
#2401=ORIENTED_EDGE('',*,*,#1782,.F.);
#2402=ORIENTED_EDGE('',*,*,#1783,.T.);
#2403=ORIENTED_EDGE('',*,*,#1638,.F.);
#2404=ORIENTED_EDGE('',*,*,#1784,.T.);
#2405=ORIENTED_EDGE('',*,*,#1782,.T.);
#2406=ORIENTED_EDGE('',*,*,#1784,.F.);
#2407=ORIENTED_EDGE('',*,*,#1783,.F.);
#2408=ORIENTED_EDGE('',*,*,#1785,.T.);
#2409=ORIENTED_EDGE('',*,*,#1776,.F.);
#2410=ORIENTED_EDGE('',*,*,#1785,.F.);
#2411=ORIENTED_EDGE('',*,*,#1786,.F.);
#2412=ORIENTED_EDGE('',*,*,#1787,.T.);
#2413=ORIENTED_EDGE('',*,*,#1639,.F.);
#2414=ORIENTED_EDGE('',*,*,#1788,.T.);
#2415=ORIENTED_EDGE('',*,*,#1786,.T.);
#2416=ORIENTED_EDGE('',*,*,#1788,.F.);
#2417=ORIENTED_EDGE('',*,*,#1787,.F.);
#2418=ORIENTED_EDGE('',*,*,#1789,.T.);
#2419=ORIENTED_EDGE('',*,*,#1775,.F.);
#2420=ORIENTED_EDGE('',*,*,#1789,.F.);
#2421=ORIENTED_EDGE('',*,*,#1790,.F.);
#2422=ORIENTED_EDGE('',*,*,#1791,.T.);
#2423=ORIENTED_EDGE('',*,*,#1640,.F.);
#2424=ORIENTED_EDGE('',*,*,#1792,.T.);
#2425=ORIENTED_EDGE('',*,*,#1790,.T.);
#2426=ORIENTED_EDGE('',*,*,#1792,.F.);
#2427=ORIENTED_EDGE('',*,*,#1791,.F.);
#2428=ORIENTED_EDGE('',*,*,#1793,.T.);
#2429=ORIENTED_EDGE('',*,*,#1774,.F.);
#2430=ORIENTED_EDGE('',*,*,#1793,.F.);
#2431=ORIENTED_EDGE('',*,*,#1794,.F.);
#2432=ORIENTED_EDGE('',*,*,#1795,.T.);
#2433=ORIENTED_EDGE('',*,*,#1641,.F.);
#2434=ORIENTED_EDGE('',*,*,#1796,.T.);
#2435=ORIENTED_EDGE('',*,*,#1794,.T.);
#2436=ORIENTED_EDGE('',*,*,#1796,.F.);
#2437=ORIENTED_EDGE('',*,*,#1795,.F.);
#2438=ORIENTED_EDGE('',*,*,#1797,.T.);
#2439=ORIENTED_EDGE('',*,*,#1773,.F.);
#2440=ORIENTED_EDGE('',*,*,#1797,.F.);
#2441=ORIENTED_EDGE('',*,*,#1798,.F.);
#2442=ORIENTED_EDGE('',*,*,#1799,.T.);
#2443=ORIENTED_EDGE('',*,*,#1642,.F.);
#2444=ORIENTED_EDGE('',*,*,#1800,.T.);
#2445=ORIENTED_EDGE('',*,*,#1798,.T.);
#2446=ORIENTED_EDGE('',*,*,#1800,.F.);
#2447=ORIENTED_EDGE('',*,*,#1799,.F.);
#2448=ORIENTED_EDGE('',*,*,#1801,.T.);
#2449=ORIENTED_EDGE('',*,*,#1772,.F.);
#2450=ORIENTED_EDGE('',*,*,#1801,.F.);
#2451=ORIENTED_EDGE('',*,*,#1802,.F.);
#2452=ORIENTED_EDGE('',*,*,#1803,.T.);
#2453=ORIENTED_EDGE('',*,*,#1643,.F.);
#2454=ORIENTED_EDGE('',*,*,#1804,.T.);
#2455=ORIENTED_EDGE('',*,*,#1802,.T.);
#2456=ORIENTED_EDGE('',*,*,#1804,.F.);
#2457=ORIENTED_EDGE('',*,*,#1803,.F.);
#2458=ORIENTED_EDGE('',*,*,#1805,.T.);
#2459=ORIENTED_EDGE('',*,*,#1771,.F.);
#2460=ORIENTED_EDGE('',*,*,#1805,.F.);
#2461=ORIENTED_EDGE('',*,*,#1806,.F.);
#2462=ORIENTED_EDGE('',*,*,#1807,.T.);
#2463=ORIENTED_EDGE('',*,*,#1644,.F.);
#2464=ORIENTED_EDGE('',*,*,#1808,.T.);
#2465=ORIENTED_EDGE('',*,*,#1806,.T.);
#2466=ORIENTED_EDGE('',*,*,#1808,.F.);
#2467=ORIENTED_EDGE('',*,*,#1807,.F.);
#2468=ORIENTED_EDGE('',*,*,#1809,.T.);
#2469=ORIENTED_EDGE('',*,*,#1770,.F.);
#2470=ORIENTED_EDGE('',*,*,#1809,.F.);
#2471=ORIENTED_EDGE('',*,*,#1810,.T.);
#2472=ORIENTED_EDGE('',*,*,#1811,.T.);
#2473=ORIENTED_EDGE('',*,*,#1812,.T.);
#2474=ORIENTED_EDGE('',*,*,#1608,.T.);
#2475=ORIENTED_EDGE('',*,*,#1813,.T.);
#2476=ORIENTED_EDGE('',*,*,#1609,.T.);
#2477=ORIENTED_EDGE('',*,*,#1812,.F.);
#2478=ORIENTED_EDGE('',*,*,#1814,.T.);
#2479=ORIENTED_EDGE('',*,*,#1815,.T.);
#2480=ORIENTED_EDGE('',*,*,#1610,.T.);
#2481=ORIENTED_EDGE('',*,*,#1813,.F.);
#2482=ORIENTED_EDGE('',*,*,#1816,.T.);
#2483=ORIENTED_EDGE('',*,*,#1817,.T.);
#2484=ORIENTED_EDGE('',*,*,#1611,.T.);
#2485=ORIENTED_EDGE('',*,*,#1815,.F.);
#2486=ORIENTED_EDGE('',*,*,#1818,.T.);
#2487=ORIENTED_EDGE('',*,*,#1819,.T.);
#2488=ORIENTED_EDGE('',*,*,#1612,.T.);
#2489=ORIENTED_EDGE('',*,*,#1817,.F.);
#2490=ORIENTED_EDGE('',*,*,#1820,.T.);
#2491=ORIENTED_EDGE('',*,*,#1821,.T.);
#2492=ORIENTED_EDGE('',*,*,#1613,.T.);
#2493=ORIENTED_EDGE('',*,*,#1819,.F.);
#2494=ORIENTED_EDGE('',*,*,#1822,.T.);
#2495=ORIENTED_EDGE('',*,*,#1823,.T.);
#2496=ORIENTED_EDGE('',*,*,#1614,.T.);
#2497=ORIENTED_EDGE('',*,*,#1821,.F.);
#2498=ORIENTED_EDGE('',*,*,#1824,.T.);
#2499=ORIENTED_EDGE('',*,*,#1825,.T.);
#2500=ORIENTED_EDGE('',*,*,#1615,.T.);
#2501=ORIENTED_EDGE('',*,*,#1823,.F.);
#2502=ORIENTED_EDGE('',*,*,#1826,.T.);
#2503=ORIENTED_EDGE('',*,*,#1827,.T.);
#2504=ORIENTED_EDGE('',*,*,#1616,.T.);
#2505=ORIENTED_EDGE('',*,*,#1825,.F.);
#2506=ORIENTED_EDGE('',*,*,#1828,.T.);
#2507=ORIENTED_EDGE('',*,*,#1829,.T.);
#2508=ORIENTED_EDGE('',*,*,#1617,.T.);
#2509=ORIENTED_EDGE('',*,*,#1827,.F.);
#2510=ORIENTED_EDGE('',*,*,#1830,.T.);
#2511=ORIENTED_EDGE('',*,*,#1831,.T.);
#2512=ORIENTED_EDGE('',*,*,#1618,.T.);
#2513=ORIENTED_EDGE('',*,*,#1829,.F.);
#2514=ORIENTED_EDGE('',*,*,#1832,.T.);
#2515=ORIENTED_EDGE('',*,*,#1833,.T.);
#2516=ORIENTED_EDGE('',*,*,#1619,.T.);
#2517=ORIENTED_EDGE('',*,*,#1831,.F.);
#2518=ORIENTED_EDGE('',*,*,#1834,.T.);
#2519=ORIENTED_EDGE('',*,*,#1835,.T.);
#2520=ORIENTED_EDGE('',*,*,#1584,.T.);
#2521=ORIENTED_EDGE('',*,*,#1833,.F.);
#2522=ORIENTED_EDGE('',*,*,#1836,.T.);
#2523=ORIENTED_EDGE('',*,*,#1837,.T.);
#2524=ORIENTED_EDGE('',*,*,#1838,.T.);
#2525=ORIENTED_EDGE('',*,*,#1839,.T.);
#2526=ORIENTED_EDGE('',*,*,#1590,.T.);
#2527=ORIENTED_EDGE('',*,*,#1840,.T.);
#2528=ORIENTED_EDGE('',*,*,#1591,.T.);
#2529=ORIENTED_EDGE('',*,*,#1839,.F.);
#2530=ORIENTED_EDGE('',*,*,#1841,.T.);
#2531=ORIENTED_EDGE('',*,*,#1842,.T.);
#2532=ORIENTED_EDGE('',*,*,#1592,.T.);
#2533=ORIENTED_EDGE('',*,*,#1840,.F.);
#2534=ORIENTED_EDGE('',*,*,#1843,.T.);
#2535=ORIENTED_EDGE('',*,*,#1844,.T.);
#2536=ORIENTED_EDGE('',*,*,#1593,.T.);
#2537=ORIENTED_EDGE('',*,*,#1842,.F.);
#2538=ORIENTED_EDGE('',*,*,#1845,.T.);
#2539=ORIENTED_EDGE('',*,*,#1846,.T.);
#2540=ORIENTED_EDGE('',*,*,#1594,.T.);
#2541=ORIENTED_EDGE('',*,*,#1844,.F.);
#2542=ORIENTED_EDGE('',*,*,#1847,.T.);
#2543=ORIENTED_EDGE('',*,*,#1848,.T.);
#2544=ORIENTED_EDGE('',*,*,#1595,.T.);
#2545=ORIENTED_EDGE('',*,*,#1846,.F.);
#2546=ORIENTED_EDGE('',*,*,#1849,.T.);
#2547=ORIENTED_EDGE('',*,*,#1850,.T.);
#2548=ORIENTED_EDGE('',*,*,#1596,.T.);
#2549=ORIENTED_EDGE('',*,*,#1848,.F.);
#2550=ORIENTED_EDGE('',*,*,#1851,.T.);
#2551=ORIENTED_EDGE('',*,*,#1852,.T.);
#2552=ORIENTED_EDGE('',*,*,#1597,.T.);
#2553=ORIENTED_EDGE('',*,*,#1850,.F.);
#2554=ORIENTED_EDGE('',*,*,#1853,.T.);
#2555=ORIENTED_EDGE('',*,*,#1854,.T.);
#2556=ORIENTED_EDGE('',*,*,#1598,.T.);
#2557=ORIENTED_EDGE('',*,*,#1852,.F.);
#2558=ORIENTED_EDGE('',*,*,#1855,.T.);
#2559=ORIENTED_EDGE('',*,*,#1856,.T.);
#2560=ORIENTED_EDGE('',*,*,#1599,.T.);
#2561=ORIENTED_EDGE('',*,*,#1854,.F.);
#2562=ORIENTED_EDGE('',*,*,#1857,.T.);
#2563=ORIENTED_EDGE('',*,*,#1858,.T.);
#2564=ORIENTED_EDGE('',*,*,#1600,.T.);
#2565=ORIENTED_EDGE('',*,*,#1856,.F.);
#2566=ORIENTED_EDGE('',*,*,#1859,.T.);
#2567=ORIENTED_EDGE('',*,*,#1860,.T.);
#2568=ORIENTED_EDGE('',*,*,#1601,.T.);
#2569=ORIENTED_EDGE('',*,*,#1858,.F.);
#2570=ORIENTED_EDGE('',*,*,#1861,.T.);
#2571=ORIENTED_EDGE('',*,*,#1862,.T.);
#2572=ORIENTED_EDGE('',*,*,#1602,.T.);
#2573=ORIENTED_EDGE('',*,*,#1860,.F.);
#2574=ORIENTED_EDGE('',*,*,#1863,.T.);
#2575=ORIENTED_EDGE('',*,*,#1684,.T.);
#2576=ORIENTED_EDGE('',*,*,#1704,.T.);
#2577=ORIENTED_EDGE('',*,*,#1699,.T.);
#2578=ORIENTED_EDGE('',*,*,#1713,.T.);
#2579=ORIENTED_EDGE('',*,*,#1694,.T.);
#2580=ORIENTED_EDGE('',*,*,#1606,.F.);
#2581=ORIENTED_EDGE('',*,*,#1864,.T.);
#2582=ORIENTED_EDGE('',*,*,#1766,.F.);
#2583=ORIENTED_EDGE('',*,*,#1865,.F.);
#2584=ORIENTED_EDGE('',*,*,#1605,.F.);
#2585=ORIENTED_EDGE('',*,*,#1866,.T.);
#2586=ORIENTED_EDGE('',*,*,#1767,.F.);
#2587=ORIENTED_EDGE('',*,*,#1864,.F.);
#2588=ORIENTED_EDGE('',*,*,#1604,.F.);
#2589=ORIENTED_EDGE('',*,*,#1867,.T.);
#2590=ORIENTED_EDGE('',*,*,#1768,.F.);
#2591=ORIENTED_EDGE('',*,*,#1866,.F.);
#2592=ORIENTED_EDGE('',*,*,#1837,.F.);
#2593=ORIENTED_EDGE('',*,*,#1589,.F.);
#2594=ORIENTED_EDGE('',*,*,#1868,.F.);
#2595=ORIENTED_EDGE('',*,*,#1747,.T.);
#2596=ORIENTED_EDGE('',*,*,#1869,.T.);
#2597=ORIENTED_EDGE('',*,*,#1748,.F.);
#2598=ORIENTED_EDGE('',*,*,#1868,.T.);
#2599=ORIENTED_EDGE('',*,*,#1588,.F.);
#2600=ORIENTED_EDGE('',*,*,#1870,.F.);
#2601=ORIENTED_EDGE('',*,*,#1749,.T.);
#2602=ORIENTED_EDGE('',*,*,#1870,.T.);
#2603=ORIENTED_EDGE('',*,*,#1587,.F.);
#2604=ORIENTED_EDGE('',*,*,#1871,.F.);
#2605=ORIENTED_EDGE('',*,*,#1750,.F.);
#2606=ORIENTED_EDGE('',*,*,#1871,.T.);
#2607=ORIENTED_EDGE('',*,*,#1586,.F.);
#2608=ORIENTED_EDGE('',*,*,#1872,.F.);
#2609=ORIENTED_EDGE('',*,*,#1835,.F.);
#2610=ORIENTED_EDGE('',*,*,#1873,.F.);
#2611=ORIENTED_EDGE('',*,*,#1874,.F.);
#2612=ORIENTED_EDGE('',*,*,#1751,.T.);
#2613=ORIENTED_EDGE('',*,*,#1872,.T.);
#2614=ORIENTED_EDGE('',*,*,#1585,.F.);
#2615=ORIENTED_EDGE('',*,*,#1875,.T.);
#2616=ORIENTED_EDGE('',*,*,#1876,.T.);
#2617=ORIENTED_EDGE('',*,*,#1877,.T.);
#2618=ORIENTED_EDGE('',*,*,#1878,.T.);
#2619=ORIENTED_EDGE('',*,*,#1879,.T.);
#2620=ORIENTED_EDGE('',*,*,#1880,.T.);
#2621=ORIENTED_EDGE('',*,*,#1877,.F.);
#2622=ORIENTED_EDGE('',*,*,#1881,.T.);
#2623=ORIENTED_EDGE('',*,*,#1882,.T.);
#2624=ORIENTED_EDGE('',*,*,#1883,.T.);
#2625=ORIENTED_EDGE('',*,*,#1879,.F.);
#2626=ORIENTED_EDGE('',*,*,#1884,.T.);
#2627=ORIENTED_EDGE('',*,*,#1885,.T.);
#2628=ORIENTED_EDGE('',*,*,#1886,.T.);
#2629=ORIENTED_EDGE('',*,*,#1882,.F.);
#2630=ORIENTED_EDGE('',*,*,#1887,.T.);
#2631=ORIENTED_EDGE('',*,*,#1888,.T.);
#2632=ORIENTED_EDGE('',*,*,#1889,.T.);
#2633=ORIENTED_EDGE('',*,*,#1885,.F.);
#2634=ORIENTED_EDGE('',*,*,#1890,.T.);
#2635=ORIENTED_EDGE('',*,*,#1891,.T.);
#2636=ORIENTED_EDGE('',*,*,#1892,.T.);
#2637=ORIENTED_EDGE('',*,*,#1888,.F.);
#2638=ORIENTED_EDGE('',*,*,#1893,.T.);
#2639=ORIENTED_EDGE('',*,*,#1894,.T.);
#2640=ORIENTED_EDGE('',*,*,#1895,.T.);
#2641=ORIENTED_EDGE('',*,*,#1891,.F.);
#2642=ORIENTED_EDGE('',*,*,#1896,.T.);
#2643=ORIENTED_EDGE('',*,*,#1897,.T.);
#2644=ORIENTED_EDGE('',*,*,#1898,.T.);
#2645=ORIENTED_EDGE('',*,*,#1894,.F.);
#2646=ORIENTED_EDGE('',*,*,#1899,.T.);
#2647=ORIENTED_EDGE('',*,*,#1900,.T.);
#2648=ORIENTED_EDGE('',*,*,#1901,.T.);
#2649=ORIENTED_EDGE('',*,*,#1897,.F.);
#2650=ORIENTED_EDGE('',*,*,#1902,.T.);
#2651=ORIENTED_EDGE('',*,*,#1903,.T.);
#2652=ORIENTED_EDGE('',*,*,#1904,.T.);
#2653=ORIENTED_EDGE('',*,*,#1900,.F.);
#2654=ORIENTED_EDGE('',*,*,#1905,.T.);
#2655=ORIENTED_EDGE('',*,*,#1906,.T.);
#2656=ORIENTED_EDGE('',*,*,#1907,.T.);
#2657=ORIENTED_EDGE('',*,*,#1903,.F.);
#2658=ORIENTED_EDGE('',*,*,#1908,.T.);
#2659=ORIENTED_EDGE('',*,*,#1909,.T.);
#2660=ORIENTED_EDGE('',*,*,#1910,.T.);
#2661=ORIENTED_EDGE('',*,*,#1906,.F.);
#2662=ORIENTED_EDGE('',*,*,#1911,.T.);
#2663=ORIENTED_EDGE('',*,*,#1912,.T.);
#2664=ORIENTED_EDGE('',*,*,#1913,.T.);
#2665=ORIENTED_EDGE('',*,*,#1909,.F.);
#2666=ORIENTED_EDGE('',*,*,#1914,.T.);
#2667=ORIENTED_EDGE('',*,*,#1915,.T.);
#2668=ORIENTED_EDGE('',*,*,#1916,.T.);
#2669=ORIENTED_EDGE('',*,*,#1912,.F.);
#2670=ORIENTED_EDGE('',*,*,#1917,.T.);
#2671=ORIENTED_EDGE('',*,*,#1918,.T.);
#2672=ORIENTED_EDGE('',*,*,#1919,.T.);
#2673=ORIENTED_EDGE('',*,*,#1915,.F.);
#2674=ORIENTED_EDGE('',*,*,#1920,.T.);
#2675=ORIENTED_EDGE('',*,*,#1921,.T.);
#2676=ORIENTED_EDGE('',*,*,#1922,.T.);
#2677=ORIENTED_EDGE('',*,*,#1918,.F.);
#2678=ORIENTED_EDGE('',*,*,#1923,.T.);
#2679=ORIENTED_EDGE('',*,*,#1924,.T.);
#2680=ORIENTED_EDGE('',*,*,#1925,.T.);
#2681=ORIENTED_EDGE('',*,*,#1921,.F.);
#2682=ORIENTED_EDGE('',*,*,#1926,.T.);
#2683=ORIENTED_EDGE('',*,*,#1927,.T.);
#2684=ORIENTED_EDGE('',*,*,#1928,.T.);
#2685=ORIENTED_EDGE('',*,*,#1924,.F.);
#2686=ORIENTED_EDGE('',*,*,#1929,.T.);
#2687=ORIENTED_EDGE('',*,*,#1930,.T.);
#2688=ORIENTED_EDGE('',*,*,#1931,.T.);
#2689=ORIENTED_EDGE('',*,*,#1927,.F.);
#2690=ORIENTED_EDGE('',*,*,#1932,.T.);
#2691=ORIENTED_EDGE('',*,*,#1933,.T.);
#2692=ORIENTED_EDGE('',*,*,#1934,.T.);
#2693=ORIENTED_EDGE('',*,*,#1930,.F.);
#2694=ORIENTED_EDGE('',*,*,#1935,.T.);
#2695=ORIENTED_EDGE('',*,*,#1936,.T.);
#2696=ORIENTED_EDGE('',*,*,#1937,.T.);
#2697=ORIENTED_EDGE('',*,*,#1933,.F.);
#2698=ORIENTED_EDGE('',*,*,#1938,.T.);
#2699=ORIENTED_EDGE('',*,*,#1939,.T.);
#2700=ORIENTED_EDGE('',*,*,#1940,.T.);
#2701=ORIENTED_EDGE('',*,*,#1936,.F.);
#2702=ORIENTED_EDGE('',*,*,#1941,.T.);
#2703=ORIENTED_EDGE('',*,*,#1942,.T.);
#2704=ORIENTED_EDGE('',*,*,#1943,.T.);
#2705=ORIENTED_EDGE('',*,*,#1939,.F.);
#2706=ORIENTED_EDGE('',*,*,#1944,.T.);
#2707=ORIENTED_EDGE('',*,*,#1875,.F.);
#2708=ORIENTED_EDGE('',*,*,#1945,.T.);
#2709=ORIENTED_EDGE('',*,*,#1942,.F.);
#2710=ORIENTED_EDGE('',*,*,#1946,.T.);
#2711=ORIENTED_EDGE('',*,*,#1911,.F.);
#2712=ORIENTED_EDGE('',*,*,#1947,.F.);
#2713=ORIENTED_EDGE('',*,*,#1826,.F.);
#2714=ORIENTED_EDGE('',*,*,#1948,.T.);
#2715=ORIENTED_EDGE('',*,*,#1908,.F.);
#2716=ORIENTED_EDGE('',*,*,#1949,.F.);
#2717=ORIENTED_EDGE('',*,*,#1828,.F.);
#2718=ORIENTED_EDGE('',*,*,#1947,.T.);
#2719=ORIENTED_EDGE('',*,*,#1905,.F.);
#2720=ORIENTED_EDGE('',*,*,#1950,.F.);
#2721=ORIENTED_EDGE('',*,*,#1830,.F.);
#2722=ORIENTED_EDGE('',*,*,#1949,.T.);
#2723=ORIENTED_EDGE('',*,*,#1902,.F.);
#2724=ORIENTED_EDGE('',*,*,#1951,.F.);
#2725=ORIENTED_EDGE('',*,*,#1832,.F.);
#2726=ORIENTED_EDGE('',*,*,#1950,.T.);
#2727=ORIENTED_EDGE('',*,*,#1899,.F.);
#2728=ORIENTED_EDGE('',*,*,#1952,.F.);
#2729=ORIENTED_EDGE('',*,*,#1834,.F.);
#2730=ORIENTED_EDGE('',*,*,#1951,.T.);
#2731=ORIENTED_EDGE('',*,*,#1896,.F.);
#2732=ORIENTED_EDGE('',*,*,#1953,.F.);
#2733=ORIENTED_EDGE('',*,*,#1838,.F.);
#2734=ORIENTED_EDGE('',*,*,#1869,.F.);
#2735=ORIENTED_EDGE('',*,*,#1746,.T.);
#2736=ORIENTED_EDGE('',*,*,#1954,.T.);
#2737=ORIENTED_EDGE('',*,*,#1955,.T.);
#2738=ORIENTED_EDGE('',*,*,#1956,.T.);
#2739=ORIENTED_EDGE('',*,*,#1957,.T.);
#2740=ORIENTED_EDGE('',*,*,#1958,.T.);
#2741=ORIENTED_EDGE('',*,*,#1959,.T.);
#2742=ORIENTED_EDGE('',*,*,#1873,.T.);
#2743=ORIENTED_EDGE('',*,*,#1836,.F.);
#2744=ORIENTED_EDGE('',*,*,#1952,.T.);
#2745=ORIENTED_EDGE('',*,*,#1893,.F.);
#2746=ORIENTED_EDGE('',*,*,#1960,.F.);
#2747=ORIENTED_EDGE('',*,*,#1841,.F.);
#2748=ORIENTED_EDGE('',*,*,#1953,.T.);
#2749=ORIENTED_EDGE('',*,*,#1890,.F.);
#2750=ORIENTED_EDGE('',*,*,#1961,.F.);
#2751=ORIENTED_EDGE('',*,*,#1843,.F.);
#2752=ORIENTED_EDGE('',*,*,#1960,.T.);
#2753=ORIENTED_EDGE('',*,*,#1887,.F.);
#2754=ORIENTED_EDGE('',*,*,#1962,.F.);
#2755=ORIENTED_EDGE('',*,*,#1845,.F.);
#2756=ORIENTED_EDGE('',*,*,#1961,.T.);
#2757=ORIENTED_EDGE('',*,*,#1884,.F.);
#2758=ORIENTED_EDGE('',*,*,#1963,.F.);
#2759=ORIENTED_EDGE('',*,*,#1847,.F.);
#2760=ORIENTED_EDGE('',*,*,#1962,.T.);
#2761=ORIENTED_EDGE('',*,*,#1881,.F.);
#2762=ORIENTED_EDGE('',*,*,#1964,.F.);
#2763=ORIENTED_EDGE('',*,*,#1849,.F.);
#2764=ORIENTED_EDGE('',*,*,#1963,.T.);
#2765=ORIENTED_EDGE('',*,*,#1876,.F.);
#2766=ORIENTED_EDGE('',*,*,#1965,.F.);
#2767=ORIENTED_EDGE('',*,*,#1851,.F.);
#2768=ORIENTED_EDGE('',*,*,#1964,.T.);
#2769=ORIENTED_EDGE('',*,*,#1878,.F.);
#2770=ORIENTED_EDGE('',*,*,#1880,.F.);
#2771=ORIENTED_EDGE('',*,*,#1883,.F.);
#2772=ORIENTED_EDGE('',*,*,#1886,.F.);
#2773=ORIENTED_EDGE('',*,*,#1889,.F.);
#2774=ORIENTED_EDGE('',*,*,#1892,.F.);
#2775=ORIENTED_EDGE('',*,*,#1895,.F.);
#2776=ORIENTED_EDGE('',*,*,#1898,.F.);
#2777=ORIENTED_EDGE('',*,*,#1901,.F.);
#2778=ORIENTED_EDGE('',*,*,#1904,.F.);
#2779=ORIENTED_EDGE('',*,*,#1907,.F.);
#2780=ORIENTED_EDGE('',*,*,#1910,.F.);
#2781=ORIENTED_EDGE('',*,*,#1913,.F.);
#2782=ORIENTED_EDGE('',*,*,#1916,.F.);
#2783=ORIENTED_EDGE('',*,*,#1919,.F.);
#2784=ORIENTED_EDGE('',*,*,#1922,.F.);
#2785=ORIENTED_EDGE('',*,*,#1925,.F.);
#2786=ORIENTED_EDGE('',*,*,#1928,.F.);
#2787=ORIENTED_EDGE('',*,*,#1931,.F.);
#2788=ORIENTED_EDGE('',*,*,#1934,.F.);
#2789=ORIENTED_EDGE('',*,*,#1937,.F.);
#2790=ORIENTED_EDGE('',*,*,#1940,.F.);
#2791=ORIENTED_EDGE('',*,*,#1943,.F.);
#2792=ORIENTED_EDGE('',*,*,#1945,.F.);
#2793=ORIENTED_EDGE('',*,*,#1966,.T.);
#2794=ORIENTED_EDGE('',*,*,#1967,.T.);
#2795=ORIENTED_EDGE('',*,*,#1968,.T.);
#2796=ORIENTED_EDGE('',*,*,#1969,.T.);
#2797=ORIENTED_EDGE('',*,*,#1970,.T.);
#2798=ORIENTED_EDGE('',*,*,#1971,.T.);
#2799=ORIENTED_EDGE('',*,*,#1972,.T.);
#2800=ORIENTED_EDGE('',*,*,#1973,.T.);
#2801=ORIENTED_EDGE('',*,*,#1974,.T.);
#2802=ORIENTED_EDGE('',*,*,#1975,.T.);
#2803=ORIENTED_EDGE('',*,*,#1976,.T.);
#2804=ORIENTED_EDGE('',*,*,#1977,.T.);
#2805=ORIENTED_EDGE('',*,*,#1978,.T.);
#2806=ORIENTED_EDGE('',*,*,#1979,.T.);
#2807=ORIENTED_EDGE('',*,*,#1980,.T.);
#2808=ORIENTED_EDGE('',*,*,#1981,.T.);
#2809=ORIENTED_EDGE('',*,*,#1982,.T.);
#2810=ORIENTED_EDGE('',*,*,#1983,.T.);
#2811=ORIENTED_EDGE('',*,*,#1984,.T.);
#2812=ORIENTED_EDGE('',*,*,#1985,.T.);
#2813=ORIENTED_EDGE('',*,*,#1986,.T.);
#2814=ORIENTED_EDGE('',*,*,#1987,.T.);
#2815=ORIENTED_EDGE('',*,*,#1988,.T.);
#2816=ORIENTED_EDGE('',*,*,#1989,.T.);
#2817=ORIENTED_EDGE('',*,*,#1990,.F.);
#2818=ORIENTED_EDGE('',*,*,#1991,.T.);
#2819=ORIENTED_EDGE('',*,*,#1992,.F.);
#2820=ORIENTED_EDGE('',*,*,#1769,.F.);
#2821=ORIENTED_EDGE('',*,*,#1867,.F.);
#2822=ORIENTED_EDGE('',*,*,#1603,.F.);
#2823=ORIENTED_EDGE('',*,*,#1862,.F.);
#2824=ORIENTED_EDGE('',*,*,#1993,.F.);
#2825=ORIENTED_EDGE('',*,*,#1994,.T.);
#2826=ORIENTED_EDGE('',*,*,#1995,.F.);
#2827=ORIENTED_EDGE('',*,*,#1991,.F.);
#2828=ORIENTED_EDGE('',*,*,#1996,.F.);
#2829=ORIENTED_EDGE('',*,*,#1997,.T.);
#2830=ORIENTED_EDGE('',*,*,#1998,.F.);
#2831=ORIENTED_EDGE('',*,*,#1994,.F.);
#2832=ORIENTED_EDGE('',*,*,#1999,.F.);
#2833=ORIENTED_EDGE('',*,*,#2000,.T.);
#2834=ORIENTED_EDGE('',*,*,#2001,.F.);
#2835=ORIENTED_EDGE('',*,*,#1997,.F.);
#2836=ORIENTED_EDGE('',*,*,#2002,.F.);
#2837=ORIENTED_EDGE('',*,*,#1810,.F.);
#2838=ORIENTED_EDGE('',*,*,#1607,.F.);
#2839=ORIENTED_EDGE('',*,*,#1865,.T.);
#2840=ORIENTED_EDGE('',*,*,#1765,.F.);
#2841=ORIENTED_EDGE('',*,*,#2003,.F.);
#2842=ORIENTED_EDGE('',*,*,#2000,.F.);
#2843=ORIENTED_EDGE('',*,*,#1874,.T.);
#2844=ORIENTED_EDGE('',*,*,#1959,.F.);
#2845=ORIENTED_EDGE('',*,*,#2004,.T.);
#2846=ORIENTED_EDGE('',*,*,#2005,.F.);
#2847=ORIENTED_EDGE('',*,*,#1932,.F.);
#2848=ORIENTED_EDGE('',*,*,#2006,.F.);
#2849=ORIENTED_EDGE('',*,*,#1811,.F.);
#2850=ORIENTED_EDGE('',*,*,#2002,.T.);
#2851=ORIENTED_EDGE('',*,*,#1999,.T.);
#2852=ORIENTED_EDGE('',*,*,#1996,.T.);
#2853=ORIENTED_EDGE('',*,*,#1993,.T.);
#2854=ORIENTED_EDGE('',*,*,#1990,.T.);
#2855=ORIENTED_EDGE('',*,*,#1863,.F.);
#2856=ORIENTED_EDGE('',*,*,#2007,.T.);
#2857=ORIENTED_EDGE('',*,*,#1954,.F.);
#2858=ORIENTED_EDGE('',*,*,#1745,.F.);
#2859=ORIENTED_EDGE('',*,*,#2008,.F.);
#2860=ORIENTED_EDGE('',*,*,#2009,.F.);
#2861=ORIENTED_EDGE('',*,*,#1958,.F.);
#2862=ORIENTED_EDGE('',*,*,#2010,.T.);
#2863=ORIENTED_EDGE('',*,*,#2011,.F.);
#2864=ORIENTED_EDGE('',*,*,#2004,.F.);
#2865=ORIENTED_EDGE('',*,*,#1957,.F.);
#2866=ORIENTED_EDGE('',*,*,#2012,.T.);
#2867=ORIENTED_EDGE('',*,*,#2013,.F.);
#2868=ORIENTED_EDGE('',*,*,#2010,.F.);
#2869=ORIENTED_EDGE('',*,*,#1956,.F.);
#2870=ORIENTED_EDGE('',*,*,#2014,.T.);
#2871=ORIENTED_EDGE('',*,*,#2015,.F.);
#2872=ORIENTED_EDGE('',*,*,#2012,.F.);
#2873=ORIENTED_EDGE('',*,*,#1955,.F.);
#2874=ORIENTED_EDGE('',*,*,#2009,.T.);
#2875=ORIENTED_EDGE('',*,*,#2016,.F.);
#2876=ORIENTED_EDGE('',*,*,#2014,.F.);
#2877=ORIENTED_EDGE('',*,*,#2011,.T.);
#2878=ORIENTED_EDGE('',*,*,#2013,.T.);
#2879=ORIENTED_EDGE('',*,*,#2015,.T.);
#2880=ORIENTED_EDGE('',*,*,#2016,.T.);
#2881=ORIENTED_EDGE('',*,*,#2008,.T.);
#2882=ORIENTED_EDGE('',*,*,#1744,.T.);
#2883=ORIENTED_EDGE('',*,*,#2017,.T.);
#2884=ORIENTED_EDGE('',*,*,#1968,.F.);
#2885=ORIENTED_EDGE('',*,*,#2018,.F.);
#2886=ORIENTED_EDGE('',*,*,#1752,.T.);
#2887=ORIENTED_EDGE('',*,*,#2005,.T.);
#2888=ORIENTED_EDGE('',*,*,#1755,.T.);
#2889=ORIENTED_EDGE('',*,*,#2019,.T.);
#2890=ORIENTED_EDGE('',*,*,#1989,.F.);
#2891=ORIENTED_EDGE('',*,*,#2020,.F.);
#2892=ORIENTED_EDGE('',*,*,#1756,.T.);
#2893=ORIENTED_EDGE('',*,*,#2020,.T.);
#2894=ORIENTED_EDGE('',*,*,#1988,.F.);
#2895=ORIENTED_EDGE('',*,*,#2021,.F.);
#2896=ORIENTED_EDGE('',*,*,#1757,.T.);
#2897=ORIENTED_EDGE('',*,*,#2021,.T.);
#2898=ORIENTED_EDGE('',*,*,#1987,.F.);
#2899=ORIENTED_EDGE('',*,*,#2022,.F.);
#2900=ORIENTED_EDGE('',*,*,#1758,.T.);
#2901=ORIENTED_EDGE('',*,*,#2022,.T.);
#2902=ORIENTED_EDGE('',*,*,#1986,.F.);
#2903=ORIENTED_EDGE('',*,*,#2023,.F.);
#2904=ORIENTED_EDGE('',*,*,#1759,.T.);
#2905=ORIENTED_EDGE('',*,*,#2023,.T.);
#2906=ORIENTED_EDGE('',*,*,#1985,.F.);
#2907=ORIENTED_EDGE('',*,*,#2024,.F.);
#2908=ORIENTED_EDGE('',*,*,#1760,.T.);
#2909=ORIENTED_EDGE('',*,*,#2024,.T.);
#2910=ORIENTED_EDGE('',*,*,#1984,.F.);
#2911=ORIENTED_EDGE('',*,*,#2025,.F.);
#2912=ORIENTED_EDGE('',*,*,#1761,.T.);
#2913=ORIENTED_EDGE('',*,*,#2025,.T.);
#2914=ORIENTED_EDGE('',*,*,#1983,.F.);
#2915=ORIENTED_EDGE('',*,*,#2026,.F.);
#2916=ORIENTED_EDGE('',*,*,#1762,.T.);
#2917=ORIENTED_EDGE('',*,*,#2026,.T.);
#2918=ORIENTED_EDGE('',*,*,#1982,.F.);
#2919=ORIENTED_EDGE('',*,*,#2027,.F.);
#2920=ORIENTED_EDGE('',*,*,#1763,.T.);
#2921=ORIENTED_EDGE('',*,*,#2027,.T.);
#2922=ORIENTED_EDGE('',*,*,#1981,.F.);
#2923=ORIENTED_EDGE('',*,*,#2028,.F.);
#2924=ORIENTED_EDGE('',*,*,#2003,.T.);
#2925=ORIENTED_EDGE('',*,*,#1764,.T.);
#2926=ORIENTED_EDGE('',*,*,#2028,.T.);
#2927=ORIENTED_EDGE('',*,*,#1980,.F.);
#2928=ORIENTED_EDGE('',*,*,#2029,.F.);
#2929=ORIENTED_EDGE('',*,*,#1732,.T.);
#2930=ORIENTED_EDGE('',*,*,#1992,.T.);
#2931=ORIENTED_EDGE('',*,*,#1995,.T.);
#2932=ORIENTED_EDGE('',*,*,#1998,.T.);
#2933=ORIENTED_EDGE('',*,*,#2001,.T.);
#2934=ORIENTED_EDGE('',*,*,#1733,.T.);
#2935=ORIENTED_EDGE('',*,*,#2029,.T.);
#2936=ORIENTED_EDGE('',*,*,#1979,.F.);
#2937=ORIENTED_EDGE('',*,*,#2030,.F.);
#2938=ORIENTED_EDGE('',*,*,#1734,.T.);
#2939=ORIENTED_EDGE('',*,*,#2030,.T.);
#2940=ORIENTED_EDGE('',*,*,#1978,.F.);
#2941=ORIENTED_EDGE('',*,*,#2031,.F.);
#2942=ORIENTED_EDGE('',*,*,#1735,.T.);
#2943=ORIENTED_EDGE('',*,*,#2031,.T.);
#2944=ORIENTED_EDGE('',*,*,#1977,.F.);
#2945=ORIENTED_EDGE('',*,*,#2032,.F.);
#2946=ORIENTED_EDGE('',*,*,#1736,.T.);
#2947=ORIENTED_EDGE('',*,*,#2032,.T.);
#2948=ORIENTED_EDGE('',*,*,#1976,.F.);
#2949=ORIENTED_EDGE('',*,*,#2033,.F.);
#2950=ORIENTED_EDGE('',*,*,#1737,.T.);
#2951=ORIENTED_EDGE('',*,*,#2033,.T.);
#2952=ORIENTED_EDGE('',*,*,#1975,.F.);
#2953=ORIENTED_EDGE('',*,*,#2034,.F.);
#2954=ORIENTED_EDGE('',*,*,#1738,.T.);
#2955=ORIENTED_EDGE('',*,*,#2034,.T.);
#2956=ORIENTED_EDGE('',*,*,#1974,.F.);
#2957=ORIENTED_EDGE('',*,*,#2035,.F.);
#2958=ORIENTED_EDGE('',*,*,#1739,.T.);
#2959=ORIENTED_EDGE('',*,*,#2035,.T.);
#2960=ORIENTED_EDGE('',*,*,#1973,.F.);
#2961=ORIENTED_EDGE('',*,*,#2036,.F.);
#2962=ORIENTED_EDGE('',*,*,#1740,.T.);
#2963=ORIENTED_EDGE('',*,*,#2036,.T.);
#2964=ORIENTED_EDGE('',*,*,#1972,.F.);
#2965=ORIENTED_EDGE('',*,*,#2037,.F.);
#2966=ORIENTED_EDGE('',*,*,#1741,.T.);
#2967=ORIENTED_EDGE('',*,*,#2037,.T.);
#2968=ORIENTED_EDGE('',*,*,#1971,.F.);
#2969=ORIENTED_EDGE('',*,*,#2038,.F.);
#2970=ORIENTED_EDGE('',*,*,#1742,.T.);
#2971=ORIENTED_EDGE('',*,*,#2038,.T.);
#2972=ORIENTED_EDGE('',*,*,#1970,.F.);
#2973=ORIENTED_EDGE('',*,*,#2039,.F.);
#2974=ORIENTED_EDGE('',*,*,#1743,.T.);
#2975=ORIENTED_EDGE('',*,*,#2039,.T.);
#2976=ORIENTED_EDGE('',*,*,#1969,.F.);
#2977=ORIENTED_EDGE('',*,*,#2017,.F.);
#2978=ORIENTED_EDGE('',*,*,#1753,.T.);
#2979=ORIENTED_EDGE('',*,*,#2018,.T.);
#2980=ORIENTED_EDGE('',*,*,#1967,.F.);
#2981=ORIENTED_EDGE('',*,*,#2040,.F.);
#2982=ORIENTED_EDGE('',*,*,#1754,.T.);
#2983=ORIENTED_EDGE('',*,*,#2040,.T.);
#2984=ORIENTED_EDGE('',*,*,#1966,.F.);
#2985=ORIENTED_EDGE('',*,*,#2019,.F.);
#2986=ORIENTED_EDGE('',*,*,#1920,.F.);
#2987=ORIENTED_EDGE('',*,*,#2041,.F.);
#2988=ORIENTED_EDGE('',*,*,#1820,.F.);
#2989=ORIENTED_EDGE('',*,*,#2042,.F.);
#2990=ORIENTED_EDGE('',*,*,#1917,.F.);
#2991=ORIENTED_EDGE('',*,*,#2043,.F.);
#2992=ORIENTED_EDGE('',*,*,#1822,.F.);
#2993=ORIENTED_EDGE('',*,*,#2041,.T.);
#2994=ORIENTED_EDGE('',*,*,#1914,.F.);
#2995=ORIENTED_EDGE('',*,*,#1948,.F.);
#2996=ORIENTED_EDGE('',*,*,#1824,.F.);
#2997=ORIENTED_EDGE('',*,*,#2043,.T.);
#2998=ORIENTED_EDGE('',*,*,#1946,.F.);
#2999=ORIENTED_EDGE('',*,*,#2044,.F.);
#3000=ORIENTED_EDGE('',*,*,#1853,.F.);
#3001=ORIENTED_EDGE('',*,*,#1965,.T.);
#3002=ORIENTED_EDGE('',*,*,#1944,.F.);
#3003=ORIENTED_EDGE('',*,*,#2045,.F.);
#3004=ORIENTED_EDGE('',*,*,#1855,.F.);
#3005=ORIENTED_EDGE('',*,*,#2044,.T.);
#3006=ORIENTED_EDGE('',*,*,#1941,.F.);
#3007=ORIENTED_EDGE('',*,*,#2046,.F.);
#3008=ORIENTED_EDGE('',*,*,#1857,.F.);
#3009=ORIENTED_EDGE('',*,*,#2045,.T.);
#3010=ORIENTED_EDGE('',*,*,#1938,.F.);
#3011=ORIENTED_EDGE('',*,*,#2047,.F.);
#3012=ORIENTED_EDGE('',*,*,#1859,.F.);
#3013=ORIENTED_EDGE('',*,*,#2046,.T.);
#3014=ORIENTED_EDGE('',*,*,#1935,.F.);
#3015=ORIENTED_EDGE('',*,*,#2007,.F.);
#3016=ORIENTED_EDGE('',*,*,#1861,.F.);
#3017=ORIENTED_EDGE('',*,*,#2047,.T.);
#3018=ORIENTED_EDGE('',*,*,#1929,.F.);
#3019=ORIENTED_EDGE('',*,*,#2048,.F.);
#3020=ORIENTED_EDGE('',*,*,#1814,.F.);
#3021=ORIENTED_EDGE('',*,*,#2006,.T.);
#3022=ORIENTED_EDGE('',*,*,#1926,.F.);
#3023=ORIENTED_EDGE('',*,*,#2049,.F.);
#3024=ORIENTED_EDGE('',*,*,#1816,.F.);
#3025=ORIENTED_EDGE('',*,*,#2048,.T.);
#3026=ORIENTED_EDGE('',*,*,#1923,.F.);
#3027=ORIENTED_EDGE('',*,*,#2042,.T.);
#3028=ORIENTED_EDGE('',*,*,#1818,.F.);
#3029=ORIENTED_EDGE('',*,*,#2049,.T.);
#3030=CYLINDRICAL_SURFACE('',#3323,0.300000000000005);
#3031=CYLINDRICAL_SURFACE('',#3325,0.300000000000005);
#3032=CYLINDRICAL_SURFACE('',#3333,0.300000000000005);
#3033=CYLINDRICAL_SURFACE('',#3378,0.300000000000004);
#3034=CYLINDRICAL_SURFACE('',#3381,0.300000000000004);
#3035=CYLINDRICAL_SURFACE('',#3387,0.300000000000004);
#3036=CYLINDRICAL_SURFACE('',#3394,0.299999999999944);
#3037=CYLINDRICAL_SURFACE('',#3399,0.299999999999985);
#3038=CYLINDRICAL_SURFACE('',#3402,0.299999999999985);
#3039=CYLINDRICAL_SURFACE('',#3408,0.299999999999944);
#3040=CYLINDRICAL_SURFACE('',#3412,0.299999999999944);
#3041=CYLINDRICAL_SURFACE('',#3418,0.299999999999998);
#3042=CYLINDRICAL_SURFACE('',#3419,0.300000000000005);
#3043=CYLINDRICAL_SURFACE('',#3423,0.300000000000005);
#3044=CYLINDRICAL_SURFACE('',#3437,0.299999999999994);
#3045=CYLINDRICAL_SURFACE('',#3440,0.299999999999994);
#3046=CYLINDRICAL_SURFACE('',#3448,0.299999999999994);
#3047=CYLINDRICAL_SURFACE('',#3451,0.299999999999994);
#3048=CYLINDRICAL_SURFACE('',#3481,2.2);
#3049=CYLINDRICAL_SURFACE('',#3482,1.2);
#3050=CYLINDRICAL_SURFACE('',#3486,2.2);
#3051=CYLINDRICAL_SURFACE('',#3487,1.2);
#3052=CYLINDRICAL_SURFACE('',#3491,2.2);
#3053=CYLINDRICAL_SURFACE('',#3492,1.2);
#3054=CYLINDRICAL_SURFACE('',#3496,2.2);
#3055=CYLINDRICAL_SURFACE('',#3497,1.2);
#3056=CYLINDRICAL_SURFACE('',#3501,2.2);
#3057=CYLINDRICAL_SURFACE('',#3502,1.2);
#3058=CYLINDRICAL_SURFACE('',#3506,2.2);
#3059=CYLINDRICAL_SURFACE('',#3507,1.2);
#3060=CYLINDRICAL_SURFACE('',#3511,2.2);
#3061=CYLINDRICAL_SURFACE('',#3512,1.2);
#3062=CYLINDRICAL_SURFACE('',#3516,2.2);
#3063=CYLINDRICAL_SURFACE('',#3517,1.2);
#3064=CYLINDRICAL_SURFACE('',#3518,1.27);
#3065=CYLINDRICAL_SURFACE('',#3524,1.27);
#3066=CYLINDRICAL_SURFACE('',#3529,1.27);
#3067=CYLINDRICAL_SURFACE('',#3534,1.27);
#3068=CYLINDRICAL_SURFACE('',#3539,1.27);
#3069=CYLINDRICAL_SURFACE('',#3544,1.27);
#3070=CYLINDRICAL_SURFACE('',#3549,1.27);
#3071=CYLINDRICAL_SURFACE('',#3551,1.27);
#3072=CYLINDRICAL_SURFACE('',#3557,1.27);
#3073=CYLINDRICAL_SURFACE('',#3562,1.27);
#3074=CYLINDRICAL_SURFACE('',#3567,1.27);
#3075=CYLINDRICAL_SURFACE('',#3572,1.27);
#3076=CYLINDRICAL_SURFACE('',#3577,1.27);
#3077=CYLINDRICAL_SURFACE('',#3582,1.27);
#3078=CYLINDRICAL_SURFACE('',#3585,1.27000000000002);
#3079=CYLINDRICAL_SURFACE('',#3587,1.27000000000002);
#3080=CYLINDRICAL_SURFACE('',#3589,1.27000000000002);
#3081=CYLINDRICAL_SURFACE('',#3591,1.27000000000001);
#3082=CYLINDRICAL_SURFACE('',#3593,1.27);
#3083=CYLINDRICAL_SURFACE('',#3600,1.27);
#3084=CYLINDRICAL_SURFACE('',#3606,1.27);
#3085=CYLINDRICAL_SURFACE('',#3612,1.27);
#3086=CYLINDRICAL_SURFACE('',#3618,1.27);
#3087=CYLINDRICAL_SURFACE('',#3624,1.27);
#3088=CYLINDRICAL_SURFACE('',#3630,1.27);
#3089=CYLINDRICAL_SURFACE('',#3636,1.27);
#3090=CYLINDRICAL_SURFACE('',#3642,1.27);
#3091=CYLINDRICAL_SURFACE('',#3648,1.27);
#3092=CYLINDRICAL_SURFACE('',#3654,1.27);
#3093=CYLINDRICAL_SURFACE('',#3660,1.27);
#3094=CYLINDRICAL_SURFACE('',#3665,5.54000000000002);
#3095=CYLINDRICAL_SURFACE('',#3667,5.54000000000002);
#3096=CYLINDRICAL_SURFACE('',#3669,1.54000000000007);
#3097=CYLINDRICAL_SURFACE('',#3673,1.54000000000007);
#3098=CYLINDRICAL_SURFACE('',#3675,5.54000000000013);
#3099=CYLINDRICAL_SURFACE('',#3677,5.54000000000001);
#3100=CYLINDRICAL_SURFACE('',#3693,1.27000000000001);
#3101=CYLINDRICAL_SURFACE('',#3697,1.27000000000001);
#3102=CYLINDRICAL_SURFACE('',#3705,1.27000000000004);
#3103=CYLINDRICAL_SURFACE('',#3708,1.27000000000001);
#3104=CYLINDRICAL_SURFACE('',#3711,3.54000000000012);
#3105=CYLINDRICAL_SURFACE('',#3713,3.53999999999999);
#3106=CYLINDRICAL_SURFACE('',#3715,1.54);
#3107=CYLINDRICAL_SURFACE('',#3717,5.445);
#3108=CYLINDRICAL_SURFACE('',#3719,5.44500000000003);
#3109=CYLINDRICAL_SURFACE('',#3721,5.44500000000048);
#3110=CYLINDRICAL_SURFACE('',#3723,5.44499999999999);
#3111=CYLINDRICAL_SURFACE('',#3725,1.54000000000001);
#3112=CYLINDRICAL_SURFACE('',#3727,3.53999999999997);
#3113=CYLINDRICAL_SURFACE('',#3729,3.53999999999983);
#3114=CYLINDRICAL_SURFACE('',#3731,1.54000000000011);
#3115=CYLINDRICAL_SURFACE('',#3732,1.54000000000002);
#3116=CYLINDRICAL_SURFACE('',#3735,1.54);
#3117=CYLINDRICAL_SURFACE('',#3737,1.54);
#3118=CYLINDRICAL_SURFACE('',#3739,7.445);
#3119=CYLINDRICAL_SURFACE('',#3741,7.445);
#3120=CYLINDRICAL_SURFACE('',#3742,7.44499999999999);
#3121=CYLINDRICAL_SURFACE('',#3744,7.44499999999999);
#3122=ADVANCED_FACE('',(#151),#3030,.F.);
#3123=ADVANCED_FACE('',(#152),#3031,.F.);
#3124=ADVANCED_FACE('',(#153),#96,.F.);
#3125=ADVANCED_FACE('',(#154),#3032,.F.);
#3126=ADVANCED_FACE('',(#155),#97,.F.);
#3127=ADVANCED_FACE('',(#156),#41,.T.);
#3128=ADVANCED_FACE('',(#157,#15,#16,#17,#18,#19,#20,#21,#22,#23),#42,.T.);
#3129=ADVANCED_FACE('',(#158),#98,.F.);
#3130=ADVANCED_FACE('',(#159),#99,.F.);
#3131=ADVANCED_FACE('',(#160),#100,.F.);
#3132=ADVANCED_FACE('',(#161),#3033,.F.);
#3133=ADVANCED_FACE('',(#162),#3034,.F.);
#3134=ADVANCED_FACE('',(#163),#101,.F.);
#3135=ADVANCED_FACE('',(#164),#3035,.F.);
#3136=ADVANCED_FACE('',(#165),#43,.T.);
#3137=ADVANCED_FACE('',(#166),#44,.T.);
#3138=ADVANCED_FACE('',(#167),#102,.F.);
#3139=ADVANCED_FACE('',(#168),#3036,.F.);
#3140=ADVANCED_FACE('',(#169),#45,.T.);
#3141=ADVANCED_FACE('',(#170),#3037,.F.);
#3142=ADVANCED_FACE('',(#171),#3038,.F.);
#3143=ADVANCED_FACE('',(#172),#103,.F.);
#3144=ADVANCED_FACE('',(#173),#3039,.F.);
#3145=ADVANCED_FACE('',(#174),#3040,.F.);
#3146=ADVANCED_FACE('',(#175),#104,.F.);
#3147=ADVANCED_FACE('',(#176),#105,.F.);
#3148=ADVANCED_FACE('',(#177),#3041,.F.);
#3149=ADVANCED_FACE('',(#178),#3042,.F.);
#3150=ADVANCED_FACE('',(#179),#46,.T.);
#3151=ADVANCED_FACE('',(#180),#3043,.F.);
#3152=ADVANCED_FACE('',(#181),#47,.T.);
#3153=ADVANCED_FACE('',(#182),#106,.F.);
#3154=ADVANCED_FACE('',(#183),#107,.F.);
#3155=ADVANCED_FACE('',(#184),#108,.F.);
#3156=ADVANCED_FACE('',(#185),#109,.F.);
#3157=ADVANCED_FACE('',(#186),#3044,.F.);
#3158=ADVANCED_FACE('',(#187),#3045,.F.);
#3159=ADVANCED_FACE('',(#188),#48,.T.);
#3160=ADVANCED_FACE('',(#189),#110,.F.);
#3161=ADVANCED_FACE('',(#190),#111,.F.);
#3162=ADVANCED_FACE('',(#191),#3046,.F.);
#3163=ADVANCED_FACE('',(#192),#3047,.F.);
#3164=ADVANCED_FACE('',(#193),#49,.T.);
#3165=ADVANCED_FACE('',(#194,#24,#25,#26,#27,#28,#29,#30,#31),#50,.F.);
#3166=ADVANCED_FACE('',(#195,#32),#51,.F.);
#3167=ADVANCED_FACE('',(#196),#3048,.F.);
#3168=ADVANCED_FACE('',(#197),#3049,.F.);
#3169=ADVANCED_FACE('',(#198,#33),#52,.F.);
#3170=ADVANCED_FACE('',(#199),#3050,.F.);
#3171=ADVANCED_FACE('',(#200),#3051,.F.);
#3172=ADVANCED_FACE('',(#201,#34),#53,.F.);
#3173=ADVANCED_FACE('',(#202),#3052,.F.);
#3174=ADVANCED_FACE('',(#203),#3053,.F.);
#3175=ADVANCED_FACE('',(#204,#35),#54,.F.);
#3176=ADVANCED_FACE('',(#205),#3054,.F.);
#3177=ADVANCED_FACE('',(#206),#3055,.F.);
#3178=ADVANCED_FACE('',(#207,#36),#55,.F.);
#3179=ADVANCED_FACE('',(#208),#3056,.F.);
#3180=ADVANCED_FACE('',(#209),#3057,.F.);
#3181=ADVANCED_FACE('',(#210,#37),#56,.F.);
#3182=ADVANCED_FACE('',(#211),#3058,.F.);
#3183=ADVANCED_FACE('',(#212),#3059,.F.);
#3184=ADVANCED_FACE('',(#213,#38),#57,.F.);
#3185=ADVANCED_FACE('',(#214),#3060,.F.);
#3186=ADVANCED_FACE('',(#215),#3061,.F.);
#3187=ADVANCED_FACE('',(#216,#39),#58,.F.);
#3188=ADVANCED_FACE('',(#217),#3062,.F.);
#3189=ADVANCED_FACE('',(#218),#3063,.F.);
#3190=ADVANCED_FACE('',(#219),#3064,.T.);
#3191=ADVANCED_FACE('',(#220),#112,.T.);
#3192=ADVANCED_FACE('',(#221),#3065,.T.);
#3193=ADVANCED_FACE('',(#222),#113,.T.);
#3194=ADVANCED_FACE('',(#223),#3066,.T.);
#3195=ADVANCED_FACE('',(#224),#114,.T.);
#3196=ADVANCED_FACE('',(#225),#3067,.T.);
#3197=ADVANCED_FACE('',(#226),#115,.T.);
#3198=ADVANCED_FACE('',(#227),#3068,.T.);
#3199=ADVANCED_FACE('',(#228),#116,.T.);
#3200=ADVANCED_FACE('',(#229),#3069,.T.);
#3201=ADVANCED_FACE('',(#230),#117,.T.);
#3202=ADVANCED_FACE('',(#231),#3070,.T.);
#3203=ADVANCED_FACE('',(#232),#3071,.T.);
#3204=ADVANCED_FACE('',(#233),#118,.T.);
#3205=ADVANCED_FACE('',(#234),#3072,.T.);
#3206=ADVANCED_FACE('',(#235),#119,.T.);
#3207=ADVANCED_FACE('',(#236),#3073,.T.);
#3208=ADVANCED_FACE('',(#237),#120,.T.);
#3209=ADVANCED_FACE('',(#238),#3074,.T.);
#3210=ADVANCED_FACE('',(#239),#121,.T.);
#3211=ADVANCED_FACE('',(#240),#3075,.T.);
#3212=ADVANCED_FACE('',(#241),#122,.T.);
#3213=ADVANCED_FACE('',(#242),#3076,.T.);
#3214=ADVANCED_FACE('',(#243),#123,.T.);
#3215=ADVANCED_FACE('',(#244),#3077,.T.);
#3216=ADVANCED_FACE('',(#245),#59,.T.);
#3217=ADVANCED_FACE('',(#246),#3078,.F.);
#3218=ADVANCED_FACE('',(#247),#60,.F.);
#3219=ADVANCED_FACE('',(#248),#3079,.F.);
#3220=ADVANCED_FACE('',(#249),#61,.T.);
#3221=ADVANCED_FACE('',(#250),#3080,.F.);
#3222=ADVANCED_FACE('',(#251),#62,.T.);
#3223=ADVANCED_FACE('',(#252),#3081,.F.);
#3224=ADVANCED_FACE('',(#253),#63,.T.);
#3225=ADVANCED_FACE('',(#254),#3082,.T.);
#3226=ADVANCED_FACE('',(#255),#124,.T.);
#3227=ADVANCED_FACE('',(#256),#3083,.T.);
#3228=ADVANCED_FACE('',(#257),#125,.T.);
#3229=ADVANCED_FACE('',(#258),#3084,.T.);
#3230=ADVANCED_FACE('',(#259),#126,.T.);
#3231=ADVANCED_FACE('',(#260),#3085,.T.);
#3232=ADVANCED_FACE('',(#261),#127,.T.);
#3233=ADVANCED_FACE('',(#262),#3086,.T.);
#3234=ADVANCED_FACE('',(#263),#128,.T.);
#3235=ADVANCED_FACE('',(#264),#3087,.T.);
#3236=ADVANCED_FACE('',(#265),#129,.T.);
#3237=ADVANCED_FACE('',(#266),#3088,.T.);
#3238=ADVANCED_FACE('',(#267),#130,.T.);
#3239=ADVANCED_FACE('',(#268),#3089,.T.);
#3240=ADVANCED_FACE('',(#269),#131,.T.);
#3241=ADVANCED_FACE('',(#270),#3090,.T.);
#3242=ADVANCED_FACE('',(#271),#132,.T.);
#3243=ADVANCED_FACE('',(#272),#3091,.T.);
#3244=ADVANCED_FACE('',(#273),#133,.T.);
#3245=ADVANCED_FACE('',(#274),#3092,.T.);
#3246=ADVANCED_FACE('',(#275),#134,.T.);
#3247=ADVANCED_FACE('',(#276),#3093,.T.);
#3248=ADVANCED_FACE('',(#277),#135,.T.);
#3249=ADVANCED_FACE('',(#278),#3094,.T.);
#3250=ADVANCED_FACE('',(#279),#64,.T.);
#3251=ADVANCED_FACE('',(#280),#3095,.T.);
#3252=ADVANCED_FACE('',(#281),#65,.T.);
#3253=ADVANCED_FACE('',(#282),#3096,.F.);
#3254=ADVANCED_FACE('',(#283),#66,.T.);
#3255=ADVANCED_FACE('',(#284),#3097,.F.);
#3256=ADVANCED_FACE('',(#285),#67,.T.);
#3257=ADVANCED_FACE('',(#286),#3098,.T.);
#3258=ADVANCED_FACE('',(#287),#68,.T.);
#3259=ADVANCED_FACE('',(#288),#3099,.T.);
#3260=ADVANCED_FACE('',(#289),#69,.T.);
#3261=ADVANCED_FACE('',(#290,#40),#70,.T.);
#3262=ADVANCED_FACE('',(#291),#71,.F.);
#3263=ADVANCED_FACE('',(#292),#3100,.F.);
#3264=ADVANCED_FACE('',(#293),#72,.F.);
#3265=ADVANCED_FACE('',(#294),#3101,.F.);
#3266=ADVANCED_FACE('',(#295),#73,.F.);
#3267=ADVANCED_FACE('',(#296),#74,.F.);
#3268=ADVANCED_FACE('',(#297),#75,.T.);
#3269=ADVANCED_FACE('',(#298),#76,.F.);
#3270=ADVANCED_FACE('',(#299),#77,.F.);
#3271=ADVANCED_FACE('',(#300),#3102,.F.);
#3272=ADVANCED_FACE('',(#301),#78,.F.);
#3273=ADVANCED_FACE('',(#302),#3103,.F.);
#3274=ADVANCED_FACE('',(#303),#79,.T.);
#3275=ADVANCED_FACE('',(#304),#3104,.F.);
#3276=ADVANCED_FACE('',(#305),#80,.T.);
#3277=ADVANCED_FACE('',(#306),#3105,.F.);
#3278=ADVANCED_FACE('',(#307),#81,.T.);
#3279=ADVANCED_FACE('',(#308),#3106,.T.);
#3280=ADVANCED_FACE('',(#309),#82,.T.);
#3281=ADVANCED_FACE('',(#310),#3107,.F.);
#3282=ADVANCED_FACE('',(#311),#83,.T.);
#3283=ADVANCED_FACE('',(#312),#3108,.F.);
#3284=ADVANCED_FACE('',(#313),#84,.T.);
#3285=ADVANCED_FACE('',(#314),#3109,.F.);
#3286=ADVANCED_FACE('',(#315),#85,.T.);
#3287=ADVANCED_FACE('',(#316),#3110,.F.);
#3288=ADVANCED_FACE('',(#317),#86,.T.);
#3289=ADVANCED_FACE('',(#318),#3111,.T.);
#3290=ADVANCED_FACE('',(#319),#87,.T.);
#3291=ADVANCED_FACE('',(#320),#3112,.F.);
#3292=ADVANCED_FACE('',(#321),#88,.T.);
#3293=ADVANCED_FACE('',(#322),#3113,.F.);
#3294=ADVANCED_FACE('',(#323),#89,.T.);
#3295=ADVANCED_FACE('',(#324),#3114,.T.);
#3296=ADVANCED_FACE('',(#325),#3115,.T.);
#3297=ADVANCED_FACE('',(#326),#90,.T.);
#3298=ADVANCED_FACE('',(#327),#91,.T.);
#3299=ADVANCED_FACE('',(#328),#3116,.F.);
#3300=ADVANCED_FACE('',(#329),#92,.T.);
#3301=ADVANCED_FACE('',(#330),#3117,.F.);
#3302=ADVANCED_FACE('',(#331),#93,.T.);
#3303=ADVANCED_FACE('',(#332),#3118,.T.);
#3304=ADVANCED_FACE('',(#333),#94,.T.);
#3305=ADVANCED_FACE('',(#334),#3119,.T.);
#3306=ADVANCED_FACE('',(#335),#3120,.T.);
#3307=ADVANCED_FACE('',(#336),#95,.T.);
#3308=ADVANCED_FACE('',(#337),#3121,.T.);
#3309=CLOSED_SHELL('',(#3122,#3123,#3124,#3125,#3126,#3127,#3128,#3129,
#3130,#3131,#3132,#3133,#3134,#3135,#3136,#3137,#3138,#3139,#3140,#3141,
#3142,#3143,#3144,#3145,#3146,#3147,#3148,#3149,#3150,#3151,#3152,#3153,
#3154,#3155,#3156,#3157,#3158,#3159,#3160,#3161,#3162,#3163,#3164,#3165,
#3166,#3167,#3168,#3169,#3170,#3171,#3172,#3173,#3174,#3175,#3176,#3177,
#3178,#3179,#3180,#3181,#3182,#3183,#3184,#3185,#3186,#3187,#3188,#3189,
#3190,#3191,#3192,#3193,#3194,#3195,#3196,#3197,#3198,#3199,#3200,#3201,
#3202,#3203,#3204,#3205,#3206,#3207,#3208,#3209,#3210,#3211,#3212,#3213,
#3214,#3215,#3216,#3217,#3218,#3219,#3220,#3221,#3222,#3223,#3224,#3225,
#3226,#3227,#3228,#3229,#3230,#3231,#3232,#3233,#3234,#3235,#3236,#3237,
#3238,#3239,#3240,#3241,#3242,#3243,#3244,#3245,#3246,#3247,#3248,#3249,
#3250,#3251,#3252,#3253,#3254,#3255,#3256,#3257,#3258,#3259,#3260,#3261,
#3262,#3263,#3264,#3265,#3266,#3267,#3268,#3269,#3270,#3271,#3272,#3273,
#3274,#3275,#3276,#3277,#3278,#3279,#3280,#3281,#3282,#3283,#3284,#3285,
#3286,#3287,#3288,#3289,#3290,#3291,#3292,#3293,#3294,#3295,#3296,#3297,
#3298,#3299,#3300,#3301,#3302,#3303,#3304,#3305,#3306,#3307,#3308));
#3310=DERIVED_UNIT_ELEMENT(#3312,1.);
#3311=DERIVED_UNIT_ELEMENT(#6192,-3.);
#3312=(
MASS_UNIT()
NAMED_UNIT(*)
SI_UNIT(.KILO.,.GRAM.)
);
#3313=DERIVED_UNIT((#3310,#3311));
#3314=MEASURE_REPRESENTATION_ITEM('density measure',
POSITIVE_RATIO_MEASURE(7850.),#3313);
#3315=PROPERTY_DEFINITION_REPRESENTATION(#3320,#3317);
#3316=PROPERTY_DEFINITION_REPRESENTATION(#3321,#3318);
#3317=REPRESENTATION('material name',(#3319),#6189);
#3318=REPRESENTATION('density',(#3314),#6189);
#3319=DESCRIPTIVE_REPRESENTATION_ITEM('\X2\92FC\X0\','\X2\92FC\X0\');
#3320=PROPERTY_DEFINITION('material property','material name',#6199);
#3321=PROPERTY_DEFINITION('material property','density of part',#6199);
#3322=AXIS2_PLACEMENT_3D('',#4814,#3745,#3746);
#3323=AXIS2_PLACEMENT_3D('',#4815,#3747,#3748);
#3324=AXIS2_PLACEMENT_3D('',#4820,#3750,#3751);
#3325=AXIS2_PLACEMENT_3D('',#4852,#3753,#3754);
#3326=AXIS2_PLACEMENT_3D('',#4861,#3755,#3756);
#3327=AXIS2_PLACEMENT_3D('',#4863,#3757,#3758);
#3328=AXIS2_PLACEMENT_3D('',#4880,#3760,#3761);
#3329=AXIS2_PLACEMENT_3D('',#4883,#3762,#3763);
#3330=AXIS2_PLACEMENT_3D('',#4915,#3764,#3765);
#3331=AXIS2_PLACEMENT_3D('',#4917,#3766,#3767);
#3332=AXIS2_PLACEMENT_3D('',#4918,#3768,#3769);
#3333=AXIS2_PLACEMENT_3D('',#4919,#3770,#3771);
#3334=AXIS2_PLACEMENT_3D('',#4937,#3774,#3775);
#3335=AXIS2_PLACEMENT_3D('',#4939,#3776,#3777);
#3336=AXIS2_PLACEMENT_3D('',#4969,#3778,#3779);
#3337=AXIS2_PLACEMENT_3D('',#4970,#3780,#3781);
#3338=AXIS2_PLACEMENT_3D('',#4971,#3782,#3783);
#3339=AXIS2_PLACEMENT_3D('',#4972,#3784,#3785);
#3340=AXIS2_PLACEMENT_3D('',#4979,#3788,#3789);
#3341=AXIS2_PLACEMENT_3D('',#4983,#3791,#3792);
#3342=AXIS2_PLACEMENT_3D('',#4989,#3795,#3796);
#3343=AXIS2_PLACEMENT_3D('',#4993,#3798,#3799);
#3344=AXIS2_PLACEMENT_3D('',#4997,#3801,#3802);
#3345=AXIS2_PLACEMENT_3D('',#5001,#3804,#3805);
#3346=AXIS2_PLACEMENT_3D('',#5005,#3807,#3808);
#3347=AXIS2_PLACEMENT_3D('',#5009,#3810,#3811);
#3348=AXIS2_PLACEMENT_3D('',#5015,#3814,#3815);
#3349=AXIS2_PLACEMENT_3D('',#5019,#3817,#3818);
#3350=AXIS2_PLACEMENT_3D('',#5025,#3821,#3822);
#3351=AXIS2_PLACEMENT_3D('',#5029,#3824,#3825);
#3352=AXIS2_PLACEMENT_3D('',#5033,#3827,#3828);
#3353=AXIS2_PLACEMENT_3D('',#5037,#3830,#3831);
#3354=AXIS2_PLACEMENT_3D('',#5041,#3833,#3834);
#3355=AXIS2_PLACEMENT_3D('',#5044,#3836,#3837);
#3356=AXIS2_PLACEMENT_3D('',#5046,#3838,#3839);
#3357=AXIS2_PLACEMENT_3D('',#5052,#3842,#3843);
#3358=AXIS2_PLACEMENT_3D('',#5058,#3846,#3847);
#3359=AXIS2_PLACEMENT_3D('',#5060,#3848,#3849);
#3360=AXIS2_PLACEMENT_3D('',#5068,#3853,#3854);
#3361=AXIS2_PLACEMENT_3D('',#5070,#3855,#3856);
#3362=AXIS2_PLACEMENT_3D('',#5077,#3860,#3861);
#3363=AXIS2_PLACEMENT_3D('',#5079,#3862,#3863);
#3364=AXIS2_PLACEMENT_3D('',#5081,#3864,#3865);
#3365=AXIS2_PLACEMENT_3D('',#5083,#3866,#3867);
#3366=AXIS2_PLACEMENT_3D('',#5085,#3868,#3869);
#3367=AXIS2_PLACEMENT_3D('',#5087,#3870,#3871);
#3368=AXIS2_PLACEMENT_3D('',#5089,#3872,#3873);
#3369=AXIS2_PLACEMENT_3D('',#5091,#3874,#3875);
#3370=AXIS2_PLACEMENT_3D('',#5093,#3876,#3877);
#3371=AXIS2_PLACEMENT_3D('',#5094,#3878,#3879);
#3372=AXIS2_PLACEMENT_3D('',#5096,#3880,#3881);
#3373=AXIS2_PLACEMENT_3D('',#5097,#3882,#3883);
#3374=AXIS2_PLACEMENT_3D('',#5098,#3884,#3885);
#3375=AXIS2_PLACEMENT_3D('',#5099,#3886,#3887);
#3376=AXIS2_PLACEMENT_3D('',#5100,#3888,#3889);
#3377=AXIS2_PLACEMENT_3D('',#5131,#3890,#3891);
#3378=AXIS2_PLACEMENT_3D('',#5132,#3892,#3893);
#3379=AXIS2_PLACEMENT_3D('',#5137,#3895,#3896);
#3380=AXIS2_PLACEMENT_3D('',#5139,#3897,#3898);
#3381=AXIS2_PLACEMENT_3D('',#5171,#3900,#3901);
#3382=AXIS2_PLACEMENT_3D('',#5173,#3902,#3903);
#3383=AXIS2_PLACEMENT_3D('',#5175,#3904,#3905);
#3384=AXIS2_PLACEMENT_3D('',#5196,#3906,#3907);
#3385=AXIS2_PLACEMENT_3D('',#5198,#3908,#3909);
#3386=AXIS2_PLACEMENT_3D('',#5235,#3910,#3911);
#3387=AXIS2_PLACEMENT_3D('',#5236,#3912,#3913);
#3388=AXIS2_PLACEMENT_3D('',#5253,#3915,#3916);
#3389=AXIS2_PLACEMENT_3D('',#5254,#3917,#3918);
#3390=AXIS2_PLACEMENT_3D('',#5257,#3920,#3921);
#3391=AXIS2_PLACEMENT_3D('',#5258,#3922,#3923);
#3392=AXIS2_PLACEMENT_3D('',#5260,#3924,#3925);
#3393=AXIS2_PLACEMENT_3D('',#5261,#3926,#3927);
#3394=AXIS2_PLACEMENT_3D('',#5262,#3928,#3929);
#3395=AXIS2_PLACEMENT_3D('',#5265,#3931,#3932);
#3396=AXIS2_PLACEMENT_3D('',#5266,#3933,#3934);
#3397=AXIS2_PLACEMENT_3D('',#5272,#3937,#3938);
#3398=AXIS2_PLACEMENT_3D('',#5274,#3939,#3940);
#3399=AXIS2_PLACEMENT_3D('',#5278,#3943,#3944);
#3400=AXIS2_PLACEMENT_3D('',#5280,#3945,#3946);
#3401=AXIS2_PLACEMENT_3D('',#5281,#3947,#3948);
#3402=AXIS2_PLACEMENT_3D('',#5282,#3949,#3950);
#3403=AXIS2_PLACEMENT_3D('',#5285,#3951,#3952);
#3404=AXIS2_PLACEMENT_3D('',#5287,#3953,#3954);
#3405=AXIS2_PLACEMENT_3D('',#5291,#3956,#3957);
#3406=AXIS2_PLACEMENT_3D('',#5293,#3959,#3960);
#3407=AXIS2_PLACEMENT_3D('',#5323,#3961,#3962);
#3408=AXIS2_PLACEMENT_3D('',#5324,#3963,#3964);
#3409=AXIS2_PLACEMENT_3D('',#5326,#3965,#3966);
#3410=AXIS2_PLACEMENT_3D('',#5327,#3967,#3968);
#3411=AXIS2_PLACEMENT_3D('',#5328,#3969,#3970);
#3412=AXIS2_PLACEMENT_3D('',#5329,#3971,#3972);
#3413=AXIS2_PLACEMENT_3D('',#5330,#3973,#3974);
#3414=AXIS2_PLACEMENT_3D('',#5331,#3975,#3976);
#3415=AXIS2_PLACEMENT_3D('',#5332,#3977,#3978);
#3416=AXIS2_PLACEMENT_3D('',#5334,#3979,#3980);
#3417=AXIS2_PLACEMENT_3D('',#5364,#3981,#3982);
#3418=AXIS2_PLACEMENT_3D('',#5365,#3983,#3984);
#3419=AXIS2_PLACEMENT_3D('',#5366,#3985,#3986);
#3420=AXIS2_PLACEMENT_3D('',#5368,#3987,#3988);
#3421=AXIS2_PLACEMENT_3D('',#5371,#3990,#3991);
#3422=AXIS2_PLACEMENT_3D('',#5372,#3992,#3993);
#3423=AXIS2_PLACEMENT_3D('',#5373,#3994,#3995);
#3424=AXIS2_PLACEMENT_3D('',#5377,#3997,#3998);
#3425=AXIS2_PLACEMENT_3D('',#5378,#3999,#4000);
#3426=AXIS2_PLACEMENT_3D('',#5380,#4002,#4003);
#3427=AXIS2_PLACEMENT_3D('',#5382,#4004,#4005);
#3428=AXIS2_PLACEMENT_3D('',#5386,#4007,#4008);
#3429=AXIS2_PLACEMENT_3D('',#5387,#4009,#4010);
#3430=AXIS2_PLACEMENT_3D('',#5388,#4011,#4012);
#3431=AXIS2_PLACEMENT_3D('',#5418,#4013,#4014);
#3432=AXIS2_PLACEMENT_3D('',#5448,#4015,#4016);
#3433=AXIS2_PLACEMENT_3D('',#5449,#4017,#4018);
#3434=AXIS2_PLACEMENT_3D('',#5450,#4019,#4020);
#3435=AXIS2_PLACEMENT_3D('',#5482,#4021,#4022);
#3436=AXIS2_PLACEMENT_3D('',#5519,#4023,#4024);
#3437=AXIS2_PLACEMENT_3D('',#5520,#4025,#4026);
#3438=AXIS2_PLACEMENT_3D('',#5522,#4027,#4028);
#3439=AXIS2_PLACEMENT_3D('',#5523,#4029,#4030);
#3440=AXIS2_PLACEMENT_3D('',#5524,#4031,#4032);
#3441=AXIS2_PLACEMENT_3D('',#5527,#4034,#4035);
#3442=AXIS2_PLACEMENT_3D('',#5528,#4036,#4037);
#3443=AXIS2_PLACEMENT_3D('',#5529,#4038,#4039);
#3444=AXIS2_PLACEMENT_3D('',#5530,#4040,#4041);
#3445=AXIS2_PLACEMENT_3D('',#5531,#4042,#4043);
#3446=AXIS2_PLACEMENT_3D('',#5533,#4044,#4045);
#3447=AXIS2_PLACEMENT_3D('',#5534,#4046,#4047);
#3448=AXIS2_PLACEMENT_3D('',#5535,#4048,#4049);
#3449=AXIS2_PLACEMENT_3D('',#5539,#4051,#4052);
#3450=AXIS2_PLACEMENT_3D('',#5540,#4053,#4054);
#3451=AXIS2_PLACEMENT_3D('',#5541,#4055,#4056);
#3452=AXIS2_PLACEMENT_3D('',#5543,#4058,#4059);
#3453=AXIS2_PLACEMENT_3D('',#5544,#4060,#4061);
#3454=AXIS2_PLACEMENT_3D('',#5549,#4063,#4064);
#3455=AXIS2_PLACEMENT_3D('',#5553,#4066,#4067);
#3456=AXIS2_PLACEMENT_3D('',#5557,#4069,#4070);
#3457=AXIS2_PLACEMENT_3D('',#5561,#4072,#4073);
#3458=AXIS2_PLACEMENT_3D('',#5565,#4075,#4076);
#3459=AXIS2_PLACEMENT_3D('',#5569,#4078,#4079);
#3460=AXIS2_PLACEMENT_3D('',#5579,#4084,#4085);
#3461=AXIS2_PLACEMENT_3D('',#5583,#4087,#4088);
#3462=AXIS2_PLACEMENT_3D('',#5589,#4091,#4092);
#3463=AXIS2_PLACEMENT_3D('',#5593,#4094,#4095);
#3464=AXIS2_PLACEMENT_3D('',#5597,#4097,#4098);
#3465=AXIS2_PLACEMENT_3D('',#5601,#4100,#4101);
#3466=AXIS2_PLACEMENT_3D('',#5605,#4103,#4104);
#3467=AXIS2_PLACEMENT_3D('',#5609,#4106,#4107);
#3468=AXIS2_PLACEMENT_3D('',#5615,#4110,#4111);
#3469=AXIS2_PLACEMENT_3D('',#5619,#4113,#4114);
#3470=AXIS2_PLACEMENT_3D('',#5622,#4116,#4117);
#3471=AXIS2_PLACEMENT_3D('',#5624,#4118,#4119);
#3472=AXIS2_PLACEMENT_3D('',#5626,#4120,#4121);
#3473=AXIS2_PLACEMENT_3D('',#5628,#4122,#4123);
#3474=AXIS2_PLACEMENT_3D('',#5630,#4124,#4125);
#3475=AXIS2_PLACEMENT_3D('',#5632,#4126,#4127);
#3476=AXIS2_PLACEMENT_3D('',#5634,#4128,#4129);
#3477=AXIS2_PLACEMENT_3D('',#5636,#4130,#4131);
#3478=AXIS2_PLACEMENT_3D('',#5637,#4132,#4133);
#3479=AXIS2_PLACEMENT_3D('',#5639,#4134,#4135);
#3480=AXIS2_PLACEMENT_3D('',#5641,#4136,#4137);
#3481=AXIS2_PLACEMENT_3D('',#5642,#4138,#4139);
#3482=AXIS2_PLACEMENT_3D('',#5644,#4141,#4142);
#3483=AXIS2_PLACEMENT_3D('',#5646,#4144,#4145);
#3484=AXIS2_PLACEMENT_3D('',#5648,#4146,#4147);
#3485=AXIS2_PLACEMENT_3D('',#5650,#4148,#4149);
#3486=AXIS2_PLACEMENT_3D('',#5651,#4150,#4151);
#3487=AXIS2_PLACEMENT_3D('',#5653,#4153,#4154);
#3488=AXIS2_PLACEMENT_3D('',#5655,#4156,#4157);
#3489=AXIS2_PLACEMENT_3D('',#5657,#4158,#4159);
#3490=AXIS2_PLACEMENT_3D('',#5659,#4160,#4161);
#3491=AXIS2_PLACEMENT_3D('',#5660,#4162,#4163);
#3492=AXIS2_PLACEMENT_3D('',#5662,#4165,#4166);
#3493=AXIS2_PLACEMENT_3D('',#5664,#4168,#4169);
#3494=AXIS2_PLACEMENT_3D('',#5666,#4170,#4171);
#3495=AXIS2_PLACEMENT_3D('',#5668,#4172,#4173);
#3496=AXIS2_PLACEMENT_3D('',#5669,#4174,#4175);
#3497=AXIS2_PLACEMENT_3D('',#5671,#4177,#4178);
#3498=AXIS2_PLACEMENT_3D('',#5673,#4180,#4181);
#3499=AXIS2_PLACEMENT_3D('',#5675,#4182,#4183);
#3500=AXIS2_PLACEMENT_3D('',#5677,#4184,#4185);
#3501=AXIS2_PLACEMENT_3D('',#5678,#4186,#4187);
#3502=AXIS2_PLACEMENT_3D('',#5680,#4189,#4190);
#3503=AXIS2_PLACEMENT_3D('',#5682,#4192,#4193);
#3504=AXIS2_PLACEMENT_3D('',#5684,#4194,#4195);
#3505=AXIS2_PLACEMENT_3D('',#5686,#4196,#4197);
#3506=AXIS2_PLACEMENT_3D('',#5687,#4198,#4199);
#3507=AXIS2_PLACEMENT_3D('',#5689,#4201,#4202);
#3508=AXIS2_PLACEMENT_3D('',#5691,#4204,#4205);
#3509=AXIS2_PLACEMENT_3D('',#5693,#4206,#4207);
#3510=AXIS2_PLACEMENT_3D('',#5695,#4208,#4209);
#3511=AXIS2_PLACEMENT_3D('',#5696,#4210,#4211);
#3512=AXIS2_PLACEMENT_3D('',#5698,#4213,#4214);
#3513=AXIS2_PLACEMENT_3D('',#5700,#4216,#4217);
#3514=AXIS2_PLACEMENT_3D('',#5702,#4218,#4219);
#3515=AXIS2_PLACEMENT_3D('',#5704,#4220,#4221);
#3516=AXIS2_PLACEMENT_3D('',#5705,#4222,#4223);
#3517=AXIS2_PLACEMENT_3D('',#5707,#4225,#4226);
#3518=AXIS2_PLACEMENT_3D('',#5709,#4228,#4229);
#3519=AXIS2_PLACEMENT_3D('',#5711,#4230,#4231);
#3520=AXIS2_PLACEMENT_3D('',#5714,#4233,#4234);
#3521=AXIS2_PLACEMENT_3D('',#5715,#4235,#4236);
#3522=AXIS2_PLACEMENT_3D('',#5717,#4237,#4238);
#3523=AXIS2_PLACEMENT_3D('',#5718,#4239,#4240);
#3524=AXIS2_PLACEMENT_3D('',#5719,#4241,#4242);
#3525=AXIS2_PLACEMENT_3D('',#5721,#4243,#4244);
#3526=AXIS2_PLACEMENT_3D('',#5723,#4246,#4247);
#3527=AXIS2_PLACEMENT_3D('',#5725,#4248,#4249);
#3528=AXIS2_PLACEMENT_3D('',#5726,#4250,#4251);
#3529=AXIS2_PLACEMENT_3D('',#5727,#4252,#4253);
#3530=AXIS2_PLACEMENT_3D('',#5729,#4254,#4255);
#3531=AXIS2_PLACEMENT_3D('',#5731,#4257,#4258);
#3532=AXIS2_PLACEMENT_3D('',#5733,#4259,#4260);
#3533=AXIS2_PLACEMENT_3D('',#5734,#4261,#4262);
#3534=AXIS2_PLACEMENT_3D('',#5735,#4263,#4264);
#3535=AXIS2_PLACEMENT_3D('',#5737,#4265,#4266);
#3536=AXIS2_PLACEMENT_3D('',#5739,#4268,#4269);
#3537=AXIS2_PLACEMENT_3D('',#5741,#4270,#4271);
#3538=AXIS2_PLACEMENT_3D('',#5742,#4272,#4273);
#3539=AXIS2_PLACEMENT_3D('',#5743,#4274,#4275);
#3540=AXIS2_PLACEMENT_3D('',#5745,#4276,#4277);
#3541=AXIS2_PLACEMENT_3D('',#5747,#4279,#4280);
#3542=AXIS2_PLACEMENT_3D('',#5749,#4281,#4282);
#3543=AXIS2_PLACEMENT_3D('',#5750,#4283,#4284);
#3544=AXIS2_PLACEMENT_3D('',#5751,#4285,#4286);
#3545=AXIS2_PLACEMENT_3D('',#5753,#4287,#4288);
#3546=AXIS2_PLACEMENT_3D('',#5755,#4290,#4291);
#3547=AXIS2_PLACEMENT_3D('',#5757,#4292,#4293);
#3548=AXIS2_PLACEMENT_3D('',#5758,#4294,#4295);
#3549=AXIS2_PLACEMENT_3D('',#5759,#4296,#4297);
#3550=AXIS2_PLACEMENT_3D('',#5761,#4298,#4299);
#3551=AXIS2_PLACEMENT_3D('',#5763,#4301,#4302);
#3552=AXIS2_PLACEMENT_3D('',#5765,#4303,#4304);
#3553=AXIS2_PLACEMENT_3D('',#5768,#4306,#4307);
#3554=AXIS2_PLACEMENT_3D('',#5769,#4308,#4309);
#3555=AXIS2_PLACEMENT_3D('',#5771,#4310,#4311);
#3556=AXIS2_PLACEMENT_3D('',#5772,#4312,#4313);
#3557=AXIS2_PLACEMENT_3D('',#5773,#4314,#4315);
#3558=AXIS2_PLACEMENT_3D('',#5775,#4316,#4317);
#3559=AXIS2_PLACEMENT_3D('',#5777,#4319,#4320);
#3560=AXIS2_PLACEMENT_3D('',#5779,#4321,#4322);
#3561=AXIS2_PLACEMENT_3D('',#5780,#4323,#4324);
#3562=AXIS2_PLACEMENT_3D('',#5781,#4325,#4326);
#3563=AXIS2_PLACEMENT_3D('',#5783,#4327,#4328);
#3564=AXIS2_PLACEMENT_3D('',#5785,#4330,#4331);
#3565=AXIS2_PLACEMENT_3D('',#5787,#4332,#4333);
#3566=AXIS2_PLACEMENT_3D('',#5788,#4334,#4335);
#3567=AXIS2_PLACEMENT_3D('',#5789,#4336,#4337);
#3568=AXIS2_PLACEMENT_3D('',#5791,#4338,#4339);
#3569=AXIS2_PLACEMENT_3D('',#5793,#4341,#4342);
#3570=AXIS2_PLACEMENT_3D('',#5795,#4343,#4344);
#3571=AXIS2_PLACEMENT_3D('',#5796,#4345,#4346);
#3572=AXIS2_PLACEMENT_3D('',#5797,#4347,#4348);
#3573=AXIS2_PLACEMENT_3D('',#5799,#4349,#4350);
#3574=AXIS2_PLACEMENT_3D('',#5801,#4352,#4353);
#3575=AXIS2_PLACEMENT_3D('',#5803,#4354,#4355);
#3576=AXIS2_PLACEMENT_3D('',#5804,#4356,#4357);
#3577=AXIS2_PLACEMENT_3D('',#5805,#4358,#4359);
#3578=AXIS2_PLACEMENT_3D('',#5807,#4360,#4361);
#3579=AXIS2_PLACEMENT_3D('',#5809,#4363,#4364);
#3580=AXIS2_PLACEMENT_3D('',#5811,#4365,#4366);
#3581=AXIS2_PLACEMENT_3D('',#5812,#4367,#4368);
#3582=AXIS2_PLACEMENT_3D('',#5813,#4369,#4370);
#3583=AXIS2_PLACEMENT_3D('',#5815,#4371,#4372);
#3584=AXIS2_PLACEMENT_3D('',#5817,#4374,#4375);
#3585=AXIS2_PLACEMENT_3D('',#5818,#4376,#4377);
#3586=AXIS2_PLACEMENT_3D('',#5821,#4380,#4381);
#3587=AXIS2_PLACEMENT_3D('',#5823,#4383,#4384);
#3588=AXIS2_PLACEMENT_3D('',#5825,#4386,#4387);
#3589=AXIS2_PLACEMENT_3D('',#5828,#4390,#4391);
#3590=AXIS2_PLACEMENT_3D('',#5830,#4393,#4394);
#3591=AXIS2_PLACEMENT_3D('',#5832,#4396,#4397);
#3592=AXIS2_PLACEMENT_3D('',#5834,#4399,#4400);
#3593=AXIS2_PLACEMENT_3D('',#5838,#4403,#4404);
#3594=AXIS2_PLACEMENT_3D('',#5841,#4405,#4406);
#3595=AXIS2_PLACEMENT_3D('',#5845,#4408,#4409);
#3596=AXIS2_PLACEMENT_3D('',#5847,#4411,#4412);
#3597=AXIS2_PLACEMENT_3D('',#5850,#4413,#4414);
#3598=AXIS2_PLACEMENT_3D('',#5851,#4415,#4416);
#3599=AXIS2_PLACEMENT_3D('',#5852,#4417,#4418);
#3600=AXIS2_PLACEMENT_3D('',#5853,#4419,#4420);
#3601=AXIS2_PLACEMENT_3D('',#5856,#4421,#4422);
#3602=AXIS2_PLACEMENT_3D('',#5859,#4425,#4426);
#3603=AXIS2_PLACEMENT_3D('',#5862,#4427,#4428);
#3604=AXIS2_PLACEMENT_3D('',#5863,#4429,#4430);
#3605=AXIS2_PLACEMENT_3D('',#5864,#4431,#4432);
#3606=AXIS2_PLACEMENT_3D('',#5865,#4433,#4434);
#3607=AXIS2_PLACEMENT_3D('',#5868,#4435,#4436);
#3608=AXIS2_PLACEMENT_3D('',#5871,#4439,#4440);
#3609=AXIS2_PLACEMENT_3D('',#5874,#4441,#4442);
#3610=AXIS2_PLACEMENT_3D('',#5875,#4443,#4444);
#3611=AXIS2_PLACEMENT_3D('',#5876,#4445,#4446);
#3612=AXIS2_PLACEMENT_3D('',#5877,#4447,#4448);
#3613=AXIS2_PLACEMENT_3D('',#5880,#4449,#4450);
#3614=AXIS2_PLACEMENT_3D('',#5883,#4453,#4454);
#3615=AXIS2_PLACEMENT_3D('',#5886,#4455,#4456);
#3616=AXIS2_PLACEMENT_3D('',#5887,#4457,#4458);
#3617=AXIS2_PLACEMENT_3D('',#5888,#4459,#4460);
#3618=AXIS2_PLACEMENT_3D('',#5889,#4461,#4462);
#3619=AXIS2_PLACEMENT_3D('',#5892,#4463,#4464);
#3620=AXIS2_PLACEMENT_3D('',#5895,#4467,#4468);
#3621=AXIS2_PLACEMENT_3D('',#5898,#4469,#4470);
#3622=AXIS2_PLACEMENT_3D('',#5899,#4471,#4472);
#3623=AXIS2_PLACEMENT_3D('',#5900,#4473,#4474);
#3624=AXIS2_PLACEMENT_3D('',#5901,#4475,#4476);
#3625=AXIS2_PLACEMENT_3D('',#5904,#4477,#4478);
#3626=AXIS2_PLACEMENT_3D('',#5907,#4481,#4482);
#3627=AXIS2_PLACEMENT_3D('',#5910,#4483,#4484);
#3628=AXIS2_PLACEMENT_3D('',#5911,#4485,#4486);
#3629=AXIS2_PLACEMENT_3D('',#5912,#4487,#4488);
#3630=AXIS2_PLACEMENT_3D('',#5913,#4489,#4490);
#3631=AXIS2_PLACEMENT_3D('',#5916,#4491,#4492);
#3632=AXIS2_PLACEMENT_3D('',#5919,#4495,#4496);
#3633=AXIS2_PLACEMENT_3D('',#5922,#4497,#4498);
#3634=AXIS2_PLACEMENT_3D('',#5923,#4499,#4500);
#3635=AXIS2_PLACEMENT_3D('',#5924,#4501,#4502);
#3636=AXIS2_PLACEMENT_3D('',#5925,#4503,#4504);
#3637=AXIS2_PLACEMENT_3D('',#5928,#4505,#4506);
#3638=AXIS2_PLACEMENT_3D('',#5931,#4509,#4510);
#3639=AXIS2_PLACEMENT_3D('',#5934,#4511,#4512);
#3640=AXIS2_PLACEMENT_3D('',#5935,#4513,#4514);
#3641=AXIS2_PLACEMENT_3D('',#5936,#4515,#4516);
#3642=AXIS2_PLACEMENT_3D('',#5937,#4517,#4518);
#3643=AXIS2_PLACEMENT_3D('',#5940,#4519,#4520);
#3644=AXIS2_PLACEMENT_3D('',#5943,#4523,#4524);
#3645=AXIS2_PLACEMENT_3D('',#5946,#4525,#4526);
#3646=AXIS2_PLACEMENT_3D('',#5947,#4527,#4528);
#3647=AXIS2_PLACEMENT_3D('',#5948,#4529,#4530);
#3648=AXIS2_PLACEMENT_3D('',#5949,#4531,#4532);
#3649=AXIS2_PLACEMENT_3D('',#5952,#4533,#4534);
#3650=AXIS2_PLACEMENT_3D('',#5955,#4537,#4538);
#3651=AXIS2_PLACEMENT_3D('',#5958,#4539,#4540);
#3652=AXIS2_PLACEMENT_3D('',#5959,#4541,#4542);
#3653=AXIS2_PLACEMENT_3D('',#5960,#4543,#4544);
#3654=AXIS2_PLACEMENT_3D('',#5961,#4545,#4546);
#3655=AXIS2_PLACEMENT_3D('',#5964,#4547,#4548);
#3656=AXIS2_PLACEMENT_3D('',#5967,#4551,#4552);
#3657=AXIS2_PLACEMENT_3D('',#5970,#4553,#4554);
#3658=AXIS2_PLACEMENT_3D('',#5971,#4555,#4556);
#3659=AXIS2_PLACEMENT_3D('',#5972,#4557,#4558);
#3660=AXIS2_PLACEMENT_3D('',#5973,#4559,#4560);
#3661=AXIS2_PLACEMENT_3D('',#5976,#4561,#4562);
#3662=AXIS2_PLACEMENT_3D('',#5979,#4565,#4566);
#3663=AXIS2_PLACEMENT_3D('',#5980,#4567,#4568);
#3664=AXIS2_PLACEMENT_3D('',#5981,#4569,#4570);
#3665=AXIS2_PLACEMENT_3D('',#5982,#4571,#4572);
#3666=AXIS2_PLACEMENT_3D('',#5985,#4575,#4576);
#3667=AXIS2_PLACEMENT_3D('',#5987,#4578,#4579);
#3668=AXIS2_PLACEMENT_3D('',#5989,#4581,#4582);
#3669=AXIS2_PLACEMENT_3D('',#5991,#4584,#4585);
#3670=AXIS2_PLACEMENT_3D('',#5993,#4587,#4588);
#3671=AXIS2_PLACEMENT_3D('',#5998,#4591,#4592);
#3672=AXIS2_PLACEMENT_3D('',#6002,#4594,#4595);
#3673=AXIS2_PLACEMENT_3D('',#6006,#4598,#4599);
#3674=AXIS2_PLACEMENT_3D('',#6008,#4601,#4602);
#3675=AXIS2_PLACEMENT_3D('',#6010,#4604,#4605);
#3676=AXIS2_PLACEMENT_3D('',#6012,#4607,#4608);
#3677=AXIS2_PLACEMENT_3D('',#6014,#4610,#4611);
#3678=AXIS2_PLACEMENT_3D('',#6016,#4613,#4614);
#3679=AXIS2_PLACEMENT_3D('',#6018,#4616,#4617);
#3680=AXIS2_PLACEMENT_3D('',#6023,#4619,#4620);
#3681=AXIS2_PLACEMENT_3D('',#6027,#4622,#4623);
#3682=AXIS2_PLACEMENT_3D('',#6031,#4625,#4626);
#3683=AXIS2_PLACEMENT_3D('',#6035,#4628,#4629);
#3684=AXIS2_PLACEMENT_3D('',#6039,#4631,#4632);
#3685=AXIS2_PLACEMENT_3D('',#6043,#4634,#4635);
#3686=AXIS2_PLACEMENT_3D('',#6047,#4637,#4638);
#3687=AXIS2_PLACEMENT_3D('',#6051,#4640,#4641);
#3688=AXIS2_PLACEMENT_3D('',#6055,#4643,#4644);
#3689=AXIS2_PLACEMENT_3D('',#6059,#4646,#4647);
#3690=AXIS2_PLACEMENT_3D('',#6063,#4649,#4650);
#3691=AXIS2_PLACEMENT_3D('',#6066,#4652,#4653);
#3692=AXIS2_PLACEMENT_3D('',#6067,#4654,#4655);
#3693=AXIS2_PLACEMENT_3D('',#6073,#4659,#4660);
#3694=AXIS2_PLACEMENT_3D('',#6075,#4661,#4662);
#3695=AXIS2_PLACEMENT_3D('',#6078,#4664,#4665);
#3696=AXIS2_PLACEMENT_3D('',#6079,#4666,#4667);
#3697=AXIS2_PLACEMENT_3D('',#6085,#4671,#4672);
#3698=AXIS2_PLACEMENT_3D('',#6087,#4673,#4674);
#3699=AXIS2_PLACEMENT_3D('',#6090,#4676,#4677);
#3700=AXIS2_PLACEMENT_3D('',#6091,#4678,#4679);
#3701=AXIS2_PLACEMENT_3D('',#6094,#4682,#4683);
#3702=AXIS2_PLACEMENT_3D('',#6098,#4686,#4687);
#3703=AXIS2_PLACEMENT_3D('',#6101,#4690,#4691);
#3704=AXIS2_PLACEMENT_3D('',#6105,#4694,#4695);
#3705=AXIS2_PLACEMENT_3D('',#6109,#4698,#4699);
#3706=AXIS2_PLACEMENT_3D('',#6112,#4701,#4702);
#3707=AXIS2_PLACEMENT_3D('',#6113,#4703,#4704);
#3708=AXIS2_PLACEMENT_3D('',#6117,#4707,#4708);
#3709=AXIS2_PLACEMENT_3D('',#6118,#4709,#4710);
#3710=AXIS2_PLACEMENT_3D('',#6119,#4711,#4712);
#3711=AXIS2_PLACEMENT_3D('',#6122,#4715,#4716);
#3712=AXIS2_PLACEMENT_3D('',#6125,#4719,#4720);
#3713=AXIS2_PLACEMENT_3D('',#6127,#4722,#4723);
#3714=AXIS2_PLACEMENT_3D('',#6129,#4725,#4726);
#3715=AXIS2_PLACEMENT_3D('',#6131,#4728,#4729);
#3716=AXIS2_PLACEMENT_3D('',#6133,#4731,#4732);
#3717=AXIS2_PLACEMENT_3D('',#6135,#4734,#4735);
#3718=AXIS2_PLACEMENT_3D('',#6137,#4737,#4738);
#3719=AXIS2_PLACEMENT_3D('',#6139,#4740,#4741);
#3720=AXIS2_PLACEMENT_3D('',#6141,#4743,#4744);
#3721=AXIS2_PLACEMENT_3D('',#6143,#4746,#4747);
#3722=AXIS2_PLACEMENT_3D('',#6145,#4749,#4750);
#3723=AXIS2_PLACEMENT_3D('',#6147,#4752,#4753);
#3724=AXIS2_PLACEMENT_3D('',#6149,#4755,#4756);
#3725=AXIS2_PLACEMENT_3D('',#6151,#4758,#4759);
#3726=AXIS2_PLACEMENT_3D('',#6153,#4761,#4762);
#3727=AXIS2_PLACEMENT_3D('',#6155,#4764,#4765);
#3728=AXIS2_PLACEMENT_3D('',#6157,#4767,#4768);
#3729=AXIS2_PLACEMENT_3D('',#6159,#4770,#4771);
#3730=AXIS2_PLACEMENT_3D('',#6161,#4773,#4774);
#3731=AXIS2_PLACEMENT_3D('',#6163,#4776,#4777);
#3732=AXIS2_PLACEMENT_3D('',#6164,#4778,#4779);
#3733=AXIS2_PLACEMENT_3D('',#6166,#4781,#4782);
#3734=AXIS2_PLACEMENT_3D('',#6167,#4783,#4784);
#3735=AXIS2_PLACEMENT_3D('',#6170,#4787,#4788);
#3736=AXIS2_PLACEMENT_3D('',#6172,#4790,#4791);
#3737=AXIS2_PLACEMENT_3D('',#6173,#4792,#4793);
#3738=AXIS2_PLACEMENT_3D('',#6175,#4795,#4796);
#3739=AXIS2_PLACEMENT_3D('',#6177,#4798,#4799);
#3740=AXIS2_PLACEMENT_3D('',#6179,#4801,#4802);
#3741=AXIS2_PLACEMENT_3D('',#6181,#4804,#4805);
#3742=AXIS2_PLACEMENT_3D('',#6182,#4806,#4807);
#3743=AXIS2_PLACEMENT_3D('',#6184,#4809,#4810);
#3744=AXIS2_PLACEMENT_3D('',#6186,#4812,#4813);
#3745=DIRECTION('axis',(0.,0.,1.));
#3746=DIRECTION('refdir',(1.,0.,0.));
#3747=DIRECTION('center_axis',(0.,1.,0.));
#3748=DIRECTION('ref_axis',(1.,0.,0.));
#3749=DIRECTION('',(0.,1.,0.));
#3750=DIRECTION('center_axis',(1.17332049631713E-8,1.,0.));
#3751=DIRECTION('ref_axis',(1.,-1.17332283935029E-8,0.));
#3752=DIRECTION('',(0.,-1.,0.));
#3753=DIRECTION('center_axis',(0.,1.,0.));
#3754=DIRECTION('ref_axis',(1.,0.,0.));
#3755=DIRECTION('center_axis',(0.707106781186537,-0.707106781186558,0.));
#3756=DIRECTION('ref_axis',(0.707106781186558,0.707106781186537,0.));
#3757=DIRECTION('center_axis',(0.707106781186548,-0.707106781186548,0.));
#3758=DIRECTION('ref_axis',(0.707106781186548,0.707106781186548,0.));
#3759=DIRECTION('',(0.,1.,0.));
#3760=DIRECTION('center_axis',(0.,0.,1.));
#3761=DIRECTION('ref_axis',(-0.948683293585661,-0.316227779411397,0.));
#3762=DIRECTION('center_axis',(0.,0.,-1.));
#3763=DIRECTION('ref_axis',(1.,0.,0.));
#3764=DIRECTION('center_axis',(0.,0.,1.));
#3765=DIRECTION('ref_axis',(1.,0.,0.));
#3766=DIRECTION('center_axis',(-1.,1.17332049631713E-8,0.));
#3767=DIRECTION('ref_axis',(1.17332283935029E-8,1.,0.));
#3768=DIRECTION('center_axis',(-1.,1.17332049631713E-8,0.));
#3769=DIRECTION('ref_axis',(1.17332283935029E-8,1.,0.));
#3770=DIRECTION('center_axis',(-1.,0.,0.));
#3771=DIRECTION('ref_axis',(0.,1.,0.));
#3772=DIRECTION('',(1.,0.,0.));
#3773=DIRECTION('',(-1.,0.,0.));
#3774=DIRECTION('center_axis',(0.,0.,1.));
#3775=DIRECTION('ref_axis',(1.,0.,0.));
#3776=DIRECTION('center_axis',(0.,0.,1.));
#3777=DIRECTION('ref_axis',(1.,0.,0.));
#3778=DIRECTION('center_axis',(0.,0.,-1.));
#3779=DIRECTION('ref_axis',(1.,0.,0.));
#3780=DIRECTION('center_axis',(0.,0.,-1.));
#3781=DIRECTION('ref_axis',(1.,0.,0.));
#3782=DIRECTION('center_axis',(0.,0.,-1.));
#3783=DIRECTION('ref_axis',(1.,0.,0.));
#3784=DIRECTION('center_axis',(0.,0.,-1.));
#3785=DIRECTION('ref_axis',(1.,0.,0.));
#3786=DIRECTION('',(1.,0.,0.));
#3787=DIRECTION('',(0.,1.,0.));
#3788=DIRECTION('center_axis',(0.,0.,1.));
#3789=DIRECTION('ref_axis',(-1.3987061727561E-14,1.,0.));
#3790=DIRECTION('',(-1.,2.09971257612324E-15,0.));
#3791=DIRECTION('center_axis',(0.,0.,1.));
#3792=DIRECTION('ref_axis',(-1.,1.39870617275608E-14,0.));
#3793=DIRECTION('',(-2.45692508907366E-15,-1.,0.));
#3794=DIRECTION('',(1.,0.,0.));
#3795=DIRECTION('center_axis',(0.,0.,-1.));
#3796=DIRECTION('ref_axis',(-0.382683432365093,0.923879532511285,0.));
#3797=DIRECTION('',(0.707106781186548,0.707106781186547,0.));
#3798=DIRECTION('center_axis',(0.,0.,1.));
#3799=DIRECTION('ref_axis',(0.382683432365089,-0.923879532511287,0.));
#3800=DIRECTION('',(1.,-4.96500318937417E-16,0.));
#3801=DIRECTION('center_axis',(0.,0.,1.));
#3802=DIRECTION('ref_axis',(-0.707106781186546,-0.707106781186549,0.));
#3803=DIRECTION('',(-5.20925759354912E-16,-1.,0.));
#3804=DIRECTION('center_axis',(0.,0.,-1.));
#3805=DIRECTION('ref_axis',(0.707106781186548,0.707106781186548,0.));
#3806=DIRECTION('',(1.,0.,0.));
#3807=DIRECTION('center_axis',(0.,0.,1.));
#3808=DIRECTION('ref_axis',(-0.707106781186548,-0.707106781186547,0.));
#3809=DIRECTION('',(7.42237945448404E-17,-1.,0.));
#3810=DIRECTION('center_axis',(0.,0.,1.));
#3811=DIRECTION('ref_axis',(-0.707106781186548,0.707106781186547,0.));
#3812=DIRECTION('',(-1.,3.36227445374063E-17,0.));
#3813=DIRECTION('',(0.,-1.,0.));
#3814=DIRECTION('center_axis',(0.,0.,1.));
#3815=DIRECTION('ref_axis',(-1.39870617275608E-14,-1.,0.));
#3816=DIRECTION('',(1.,-1.78205939760689E-16,0.));
#3817=DIRECTION('center_axis',(0.,0.,1.));
#3818=DIRECTION('ref_axis',(1.,-1.74838271594509E-14,0.));
#3819=DIRECTION('',(0.,1.,0.));
#3820=DIRECTION('',(-1.,3.36227445374063E-17,0.));
#3821=DIRECTION('center_axis',(0.,0.,1.));
#3822=DIRECTION('ref_axis',(0.70710678118655,0.707106781186544,0.));
#3823=DIRECTION('',(5.27813650096642E-16,1.,0.));
#3824=DIRECTION('center_axis',(0.,0.,1.));
#3825=DIRECTION('ref_axis',(0.707106781186552,-0.707106781186543,0.));
#3826=DIRECTION('',(1.,1.57422619585275E-16,0.));
#3827=DIRECTION('center_axis',(0.,0.,-1.));
#3828=DIRECTION('ref_axis',(-0.707106781186559,0.707106781186536,0.));
#3829=DIRECTION('',(0.,1.,0.));
#3830=DIRECTION('center_axis',(0.,0.,1.));
#3831=DIRECTION('ref_axis',(0.707106781186551,-0.707106781186544,0.));
#3832=DIRECTION('',(1.,-9.93004740721635E-16,0.));
#3833=DIRECTION('center_axis',(0.,0.,1.));
#3834=DIRECTION('ref_axis',(-0.382661770839223,-0.923888504711575,0.));
#3835=DIRECTION('',(0.707139938276377,-0.707073622541869,0.));
#3836=DIRECTION('center_axis',(0.,0.,-1.));
#3837=DIRECTION('ref_axis',(0.382661770839216,0.923888504711578,0.));
#3838=DIRECTION('center_axis',(0.,0.,1.));
#3839=DIRECTION('ref_axis',(1.,0.,0.));
#3840=DIRECTION('',(0.999999999999989,-1.50184923330965E-7,0.));
#3841=DIRECTION('',(-4.21884749357559E-15,1.,0.));
#3842=DIRECTION('center_axis',(0.,0.,1.));
#3843=DIRECTION('ref_axis',(-1.,0.,0.));
#3844=DIRECTION('',(1.,0.,0.));
#3845=DIRECTION('',(1.,2.05391259555654E-15,0.));
#3846=DIRECTION('center_axis',(0.,0.,1.));
#3847=DIRECTION('ref_axis',(1.,0.,0.));
#3848=DIRECTION('center_axis',(0.,0.,1.));
#3849=DIRECTION('ref_axis',(-1.,0.,0.));
#3850=DIRECTION('',(-3.05063183025583E-8,0.999999999999999,0.));
#3851=DIRECTION('',(-1.,0.,0.));
#3852=DIRECTION('',(0.,-1.,0.));
#3853=DIRECTION('center_axis',(0.,0.,1.));
#3854=DIRECTION('ref_axis',(1.,0.,0.));
#3855=DIRECTION('center_axis',(0.,0.,1.));
#3856=DIRECTION('ref_axis',(-1.,0.,0.));
#3857=DIRECTION('',(-1.,0.,0.));
#3858=DIRECTION('',(-1.,0.,0.));
#3859=DIRECTION('',(3.00369865549605E-7,-0.999999999999955,0.));
#3860=DIRECTION('center_axis',(0.,0.,1.));
#3861=DIRECTION('ref_axis',(1.,0.,0.));
#3862=DIRECTION('center_axis',(0.,0.,1.));
#3863=DIRECTION('ref_axis',(-1.,0.,0.));
#3864=DIRECTION('center_axis',(0.,0.,1.));
#3865=DIRECTION('ref_axis',(-1.,0.,0.));
#3866=DIRECTION('center_axis',(0.,0.,1.));
#3867=DIRECTION('ref_axis',(-1.,0.,0.));
#3868=DIRECTION('center_axis',(0.,0.,1.));
#3869=DIRECTION('ref_axis',(-1.,0.,0.));
#3870=DIRECTION('center_axis',(0.,0.,1.));
#3871=DIRECTION('ref_axis',(-1.,0.,0.));
#3872=DIRECTION('center_axis',(0.,0.,1.));
#3873=DIRECTION('ref_axis',(-1.,0.,0.));
#3874=DIRECTION('center_axis',(0.,0.,1.));
#3875=DIRECTION('ref_axis',(-1.,0.,0.));
#3876=DIRECTION('center_axis',(0.,0.,1.));
#3877=DIRECTION('ref_axis',(-1.,0.,0.));
#3878=DIRECTION('center_axis',(0.,0.,1.));
#3879=DIRECTION('ref_axis',(1.,0.,0.));
#3880=DIRECTION('center_axis',(0.,0.,-1.));
#3881=DIRECTION('ref_axis',(1.,0.,0.));
#3882=DIRECTION('center_axis',(0.999999999999997,-7.50924661896413E-8,0.));
#3883=DIRECTION('ref_axis',(-7.50924540720182E-8,-0.999999999999997,0.));
#3884=DIRECTION('center_axis',(0.,0.,1.));
#3885=DIRECTION('ref_axis',(-0.97566303477671,0.219275266663387,0.));
#3886=DIRECTION('center_axis',(0.,0.,1.));
#3887=DIRECTION('ref_axis',(1.,0.,0.));
#3888=DIRECTION('center_axis',(0.,0.,1.));
#3889=DIRECTION('ref_axis',(1.,0.,0.));
#3890=DIRECTION('center_axis',(0.,0.,-1.));
#3891=DIRECTION('ref_axis',(1.,0.,0.));
#3892=DIRECTION('center_axis',(-4.21884749357559E-15,1.,0.));
#3893=DIRECTION('ref_axis',(1.,4.22116045821017E-15,0.));
#3894=DIRECTION('',(4.21884749357559E-15,-1.,0.));
#3895=DIRECTION('center_axis',(-7.50924614156823E-8,0.999999999999997,0.));
#3896=DIRECTION('ref_axis',(0.999999999999997,7.5092473443097E-8,0.));
#3897=DIRECTION('center_axis',(-7.50924614156823E-8,0.999999999999997,0.));
#3898=DIRECTION('ref_axis',(0.999999999999997,7.5092473443097E-8,0.));
#3899=DIRECTION('',(-4.21884749357559E-15,1.,0.));
#3900=DIRECTION('center_axis',(-4.21884749357559E-15,1.,0.));
#3901=DIRECTION('ref_axis',(1.,4.22116045821017E-15,0.));
#3902=DIRECTION('center_axis',(-0.707106834284933,-0.707106728088158,0.));
#3903=DIRECTION('ref_axis',(0.707106728088158,-0.707106834284933,0.));
#3904=DIRECTION('center_axis',(-0.707106834284933,-0.707106728088158,0.));
#3905=DIRECTION('ref_axis',(0.707106728088158,-0.707106834284933,0.));
#3906=DIRECTION('center_axis',(0.,0.,1.));
#3907=DIRECTION('ref_axis',(1.,0.,0.));
#3908=DIRECTION('center_axis',(0.,0.,-1.));
#3909=DIRECTION('ref_axis',(1.,0.,0.));
#3910=DIRECTION('center_axis',(0.,0.,1.));
#3911=DIRECTION('ref_axis',(1.,0.,0.));
#3912=DIRECTION('center_axis',(0.999999999999989,-1.50184923330965E-7,0.));
#3913=DIRECTION('ref_axis',(-1.50184923330965E-7,-0.999999999999989,0.));
#3914=DIRECTION('',(-0.999999999999989,1.50184923330965E-7,0.));
#3915=DIRECTION('center_axis',(0.,0.,-1.));
#3916=DIRECTION('ref_axis',(1.,0.,0.));
#3917=DIRECTION('center_axis',(0.,0.,-1.));
#3918=DIRECTION('ref_axis',(1.,0.,0.));
#3919=DIRECTION('',(3.00369865549605E-7,-0.999999999999955,0.));
#3920=DIRECTION('center_axis',(0.,0.,1.));
#3921=DIRECTION('ref_axis',(-1.,0.,0.));
#3922=DIRECTION('center_axis',(0.,0.,-1.));
#3923=DIRECTION('ref_axis',(-1.,0.,0.));
#3924=DIRECTION('center_axis',(0.,0.,-1.));
#3925=DIRECTION('ref_axis',(-1.,0.,0.));
#3926=DIRECTION('center_axis',(-0.999999999999955,3.00369873357068E-7,0.));
#3927=DIRECTION('ref_axis',(3.00369873357068E-7,0.999999999999955,0.));
#3928=DIRECTION('center_axis',(-3.00369865549605E-7,0.999999999999955,0.));
#3929=DIRECTION('ref_axis',(0.999999999999955,3.00369865549605E-7,0.));
#3930=DIRECTION('',(-3.00369865549605E-7,0.999999999999955,0.));
#3931=DIRECTION('center_axis',(3.00369879735129E-7,0.999999999999955,0.));
#3932=DIRECTION('ref_axis',(0.999999999999955,-3.00369879735129E-7,0.));
#3933=DIRECTION('center_axis',(0.,0.,-1.));
#3934=DIRECTION('ref_axis',(1.,0.,0.));
#3935=DIRECTION('',(1.,0.,0.));
#3936=DIRECTION('',(1.,0.,0.));
#3937=DIRECTION('center_axis',(0.,0.,-1.));
#3938=DIRECTION('ref_axis',(-1.,0.,0.));
#3939=DIRECTION('center_axis',(0.,0.,1.));
#3940=DIRECTION('ref_axis',(1.,0.,0.));
#3941=DIRECTION('',(-4.21884749357559E-15,-1.,0.));
#3942=DIRECTION('',(-1.,0.,0.));
#3943=DIRECTION('center_axis',(-1.,0.,0.));
#3944=DIRECTION('ref_axis',(-1.10290748340409E-22,1.,0.));
#3945=DIRECTION('center_axis',(-0.707106781186516,-0.707106781186579,0.));
#3946=DIRECTION('ref_axis',(-0.707106781186579,0.707106781186516,0.));
#3947=DIRECTION('center_axis',(-0.707106781186547,0.707106781186548,0.));
#3948=DIRECTION('ref_axis',(-0.707106781186548,-0.707106781186547,0.));
#3949=DIRECTION('center_axis',(0.,-1.,0.));
#3950=DIRECTION('ref_axis',(-1.,0.,0.));
#3951=DIRECTION('center_axis',(-0.707106781186579,0.707106781186516,0.));
#3952=DIRECTION('ref_axis',(-0.707106781186516,-0.707106781186579,0.));
#3953=DIRECTION('center_axis',(0.707106781186579,0.707106781186516,0.));
#3954=DIRECTION('ref_axis',(-0.707106781186516,0.707106781186579,0.));
#3955=DIRECTION('',(0.,-1.,0.));
#3956=DIRECTION('center_axis',(-3.00369873357068E-7,-0.999999999999955,
0.));
#3957=DIRECTION('ref_axis',(-0.999999999999955,3.00369873357068E-7,0.));
#3958=DIRECTION('',(0.,1.,0.));
#3959=DIRECTION('center_axis',(0.,0.,-1.));
#3960=DIRECTION('ref_axis',(-1.,0.,0.));
#3961=DIRECTION('center_axis',(1.,0.,0.));
#3962=DIRECTION('ref_axis',(0.,-1.,0.));
#3963=DIRECTION('center_axis',(1.,0.,0.));
#3964=DIRECTION('ref_axis',(2.20581496680849E-22,-1.,0.));
#3965=DIRECTION('center_axis',(-0.707106674989778,-0.707106887383302,0.));
#3966=DIRECTION('ref_axis',(0.707106887383302,-0.707106674989777,0.));
#3967=DIRECTION('center_axis',(-0.707106674989755,-0.707106887383324,0.));
#3968=DIRECTION('ref_axis',(0.707106887383324,-0.707106674989755,0.));
#3969=DIRECTION('center_axis',(-1.,0.,0.));
#3970=DIRECTION('ref_axis',(0.,-1.,0.));
#3971=DIRECTION('center_axis',(-3.00369865549605E-7,0.999999999999955,0.));
#3972=DIRECTION('ref_axis',(0.999999999999955,3.00369865549605E-7,0.));
#3973=DIRECTION('center_axis',(0.,0.,-1.));
#3974=DIRECTION('ref_axis',(-1.,0.,0.));
#3975=DIRECTION('center_axis',(0.,0.,-1.));
#3976=DIRECTION('ref_axis',(-1.,0.,0.));
#3977=DIRECTION('center_axis',(0.,0.,-1.));
#3978=DIRECTION('ref_axis',(0.894427214013269,0.447213549473249,0.));
#3979=DIRECTION('center_axis',(0.,0.,-1.));
#3980=DIRECTION('ref_axis',(-1.,0.,0.));
#3981=DIRECTION('center_axis',(0.,0.,1.));
#3982=DIRECTION('ref_axis',(-1.,0.,0.));
#3983=DIRECTION('center_axis',(1.,0.,0.));
#3984=DIRECTION('ref_axis',(0.,-1.,0.));
#3985=DIRECTION('center_axis',(-4.21884749357559E-15,-1.,0.));
#3986=DIRECTION('ref_axis',(-1.,4.21884749357559E-15,0.));
#3987=DIRECTION('center_axis',(-4.10782519111308E-15,-1.,0.));
#3988=DIRECTION('ref_axis',(-1.,1.08709337827878E-14,0.));
#3989=DIRECTION('',(4.21884749357559E-15,1.,0.));
#3990=DIRECTION('center_axis',(-0.707106781186537,0.707106781186558,0.));
#3991=DIRECTION('ref_axis',(-0.707106781186558,-0.707106781186537,0.));
#3992=DIRECTION('center_axis',(0.,0.,-1.));
#3993=DIRECTION('ref_axis',(1.,0.,0.));
#3994=DIRECTION('center_axis',(1.,2.05391259555654E-15,0.));
#3995=DIRECTION('ref_axis',(2.08166817117214E-15,-1.,0.));
#3996=DIRECTION('',(-1.,-2.05391259555654E-15,0.));
#3997=DIRECTION('center_axis',(1.,2.16493489801906E-15,0.));
#3998=DIRECTION('ref_axis',(-4.62592926927141E-15,-1.,0.));
#3999=DIRECTION('center_axis',(1.,2.16493489801906E-15,0.));
#4000=DIRECTION('ref_axis',(-4.62592926927141E-15,-1.,0.));
#4001=DIRECTION('',(-1.,-2.05391259555654E-15,0.));
#4002=DIRECTION('center_axis',(0.,0.,-1.));
#4003=DIRECTION('ref_axis',(1.,0.,0.));
#4004=DIRECTION('center_axis',(0.,0.,-1.));
#4005=DIRECTION('ref_axis',(1.,0.,0.));
#4006=DIRECTION('',(0.,-1.,0.));
#4007=DIRECTION('center_axis',(0.,0.,1.));
#4008=DIRECTION('ref_axis',(-1.,0.,0.));
#4009=DIRECTION('center_axis',(0.,0.,-1.));
#4010=DIRECTION('ref_axis',(1.,0.,0.));
#4011=DIRECTION('center_axis',(0.,0.,1.));
#4012=DIRECTION('ref_axis',(1.,0.,0.));
#4013=DIRECTION('center_axis',(0.,0.,1.));
#4014=DIRECTION('ref_axis',(1.,0.,0.));
#4015=DIRECTION('center_axis',(0.,0.,1.));
#4016=DIRECTION('ref_axis',(1.,0.,0.));
#4017=DIRECTION('center_axis',(0.,0.,-1.));
#4018=DIRECTION('ref_axis',(1.,0.,0.));
#4019=DIRECTION('center_axis',(0.,0.,1.));
#4020=DIRECTION('ref_axis',(1.,0.,0.));
#4021=DIRECTION('center_axis',(0.,0.,-1.));
#4022=DIRECTION('ref_axis',(1.,0.,0.));
#4023=DIRECTION('center_axis',(0.,0.,1.));
#4024=DIRECTION('ref_axis',(1.,0.,0.));
#4025=DIRECTION('center_axis',(0.,1.,0.));
#4026=DIRECTION('ref_axis',(-1.,0.,0.));
#4027=DIRECTION('center_axis',(-0.707106781186548,-0.707106781186548,0.));
#4028=DIRECTION('ref_axis',(-0.707106781186548,0.707106781186548,0.));
#4029=DIRECTION('center_axis',(-0.707106781186548,-0.707106781186548,0.));
#4030=DIRECTION('ref_axis',(-0.707106781186548,0.707106781186548,0.));
#4031=DIRECTION('center_axis',(0.,1.,0.));
#4032=DIRECTION('ref_axis',(-1.,0.,0.));
#4033=DIRECTION('',(0.,1.,0.));
#4034=DIRECTION('center_axis',(-3.05063141958642E-8,1.,0.));
#4035=DIRECTION('ref_axis',(-0.999999999999999,-3.05063087128265E-8,0.));
#4036=DIRECTION('center_axis',(0.,0.,-1.));
#4037=DIRECTION('ref_axis',(1.,0.,0.));
#4038=DIRECTION('center_axis',(0.,0.,-1.));
#4039=DIRECTION('ref_axis',(-1.,0.,0.));
#4040=DIRECTION('center_axis',(0.,0.,-1.));
#4041=DIRECTION('ref_axis',(-1.,0.,0.));
#4042=DIRECTION('center_axis',(0.,0.,-1.));
#4043=DIRECTION('ref_axis',(0.447213582416764,-0.894427197541513,0.));
#4044=DIRECTION('center_axis',(0.,0.,-1.));
#4045=DIRECTION('ref_axis',(-1.,0.,0.));
#4046=DIRECTION('center_axis',(3.05063140733995E-8,-1.,0.));
#4047=DIRECTION('ref_axis',(0.999999999999999,3.05063085903618E-8,0.));
#4048=DIRECTION('center_axis',(3.05063183025583E-8,-1.,0.));
#4049=DIRECTION('ref_axis',(0.999999999999999,3.05063183025583E-8,0.));
#4050=DIRECTION('',(3.05063183025583E-8,-0.999999999999999,0.));
#4051=DIRECTION('center_axis',(-0.707106791972162,0.707106770400933,0.));
#4052=DIRECTION('ref_axis',(0.707106770400933,0.707106791972162,0.));
#4053=DIRECTION('center_axis',(-0.70710679197216,0.707106770400935,0.));
#4054=DIRECTION('ref_axis',(0.707106770400935,0.70710679197216,0.));
#4055=DIRECTION('center_axis',(1.,0.,0.));
#4056=DIRECTION('ref_axis',(-8.60070521454529E-25,1.,0.));
#4057=DIRECTION('',(1.,0.,0.));
#4058=DIRECTION('center_axis',(0.,0.,-1.));
#4059=DIRECTION('ref_axis',(1.,0.,0.));
#4060=DIRECTION('center_axis',(0.,0.,-1.));
#4061=DIRECTION('ref_axis',(1.,0.,0.));
#4062=DIRECTION('',(1.,9.66657881825107E-17,0.));
#4063=DIRECTION('center_axis',(0.,0.,-1.));
#4064=DIRECTION('ref_axis',(-3.7721076135103E-14,1.,0.));
#4065=DIRECTION('',(8.24708828276004E-18,1.,0.));
#4066=DIRECTION('center_axis',(0.,0.,-1.));
#4067=DIRECTION('ref_axis',(-1.,4.89354501212191E-15,0.));
#4068=DIRECTION('',(-1.,-1.52033279647402E-16,0.));
#4069=DIRECTION('center_axis',(0.,0.,1.));
#4070=DIRECTION('ref_axis',(1.,5.76739233571507E-15,0.));
#4071=DIRECTION('',(4.66235390918701E-16,1.,0.));
#4072=DIRECTION('center_axis',(0.,0.,-1.));
#4073=DIRECTION('ref_axis',(-1.,5.01795717344707E-15,0.));
#4074=DIRECTION('',(-1.,0.,0.));
#4075=DIRECTION('center_axis',(0.,0.,-1.));
#4076=DIRECTION('ref_axis',(-2.00718286937891E-14,-1.,0.));
#4077=DIRECTION('',(-0.707106781186548,-0.707106781186548,0.));
#4078=DIRECTION('center_axis',(0.,0.,1.));
#4079=DIRECTION('ref_axis',(-3.46043540142882E-14,1.,0.));
#4080=DIRECTION('',(-1.,0.,0.));
#4081=DIRECTION('',(0.,-1.,0.));
#4082=DIRECTION('',(-1.,0.,0.));
#4083=DIRECTION('',(-2.45692508907366E-15,-1.,0.));
#4084=DIRECTION('center_axis',(0.,0.,-1.));
#4085=DIRECTION('ref_axis',(-1.,1.39870617275608E-14,0.));
#4086=DIRECTION('',(-1.,2.09971257612324E-15,0.));
#4087=DIRECTION('center_axis',(0.,0.,-1.));
#4088=DIRECTION('ref_axis',(-1.3987061727561E-14,1.,0.));
#4089=DIRECTION('',(0.,1.,0.));
#4090=DIRECTION('',(-1.,0.,0.));
#4091=DIRECTION('center_axis',(0.,0.,1.));
#4092=DIRECTION('ref_axis',(0.707110493148769,0.707103069204839,0.));
#4093=DIRECTION('',(-0.707103069204832,0.707110493148777,0.));
#4094=DIRECTION('center_axis',(0.,0.,-1.));
#4095=DIRECTION('ref_axis',(-0.707110493148772,-0.707103069204837,0.));
#4096=DIRECTION('',(-1.,-4.96498705846368E-16,0.));
#4097=DIRECTION('center_axis',(0.,0.,-1.));
#4098=DIRECTION('ref_axis',(0.,-1.,0.));
#4099=DIRECTION('',(0.,-1.,0.));
#4100=DIRECTION('center_axis',(0.,0.,1.));
#4101=DIRECTION('ref_axis',(0.,1.,0.));
#4102=DIRECTION('',(-1.,-1.52033279647402E-16,0.));
#4103=DIRECTION('center_axis',(0.,0.,-1.));
#4104=DIRECTION('ref_axis',(6.5247266828292E-15,-1.,0.));
#4105=DIRECTION('',(-5.27813650096643E-16,-1.,0.));
#4106=DIRECTION('center_axis',(0.,0.,-1.));
#4107=DIRECTION('ref_axis',(1.,-1.42728396186888E-15,0.));
#4108=DIRECTION('',(1.,9.66657881825107E-17,0.));
#4109=DIRECTION('',(0.,-1.,0.));
#4110=DIRECTION('center_axis',(0.,0.,-1.));
#4111=DIRECTION('ref_axis',(1.,-1.74838271594509E-14,0.));
#4112=DIRECTION('',(-1.,1.78205939760689E-16,0.));
#4113=DIRECTION('center_axis',(0.,0.,-1.));
#4114=DIRECTION('ref_axis',(-1.39870617275608E-14,-1.,0.));
#4115=DIRECTION('',(0.,1.,0.));
#4116=DIRECTION('center_axis',(0.,0.,-1.));
#4117=DIRECTION('ref_axis',(-1.,0.,0.));
#4118=DIRECTION('center_axis',(0.,0.,-1.));
#4119=DIRECTION('ref_axis',(-1.,0.,0.));
#4120=DIRECTION('center_axis',(0.,0.,-1.));
#4121=DIRECTION('ref_axis',(-1.,0.,0.));
#4122=DIRECTION('center_axis',(0.,0.,-1.));
#4123=DIRECTION('ref_axis',(-1.,0.,0.));
#4124=DIRECTION('center_axis',(0.,0.,-1.));
#4125=DIRECTION('ref_axis',(-1.,0.,0.));
#4126=DIRECTION('center_axis',(0.,0.,-1.));
#4127=DIRECTION('ref_axis',(-1.,0.,0.));
#4128=DIRECTION('center_axis',(0.,0.,-1.));
#4129=DIRECTION('ref_axis',(-1.,0.,0.));
#4130=DIRECTION('center_axis',(0.,0.,-1.));
#4131=DIRECTION('ref_axis',(-1.,0.,0.));
#4132=DIRECTION('center_axis',(0.,0.,1.));
#4133=DIRECTION('ref_axis',(-1.,0.,0.));
#4134=DIRECTION('center_axis',(0.,0.,1.));
#4135=DIRECTION('ref_axis',(-1.,0.,0.));
#4136=DIRECTION('center_axis',(0.,0.,1.));
#4137=DIRECTION('ref_axis',(-1.,0.,0.));
#4138=DIRECTION('center_axis',(0.,0.,1.));
#4139=DIRECTION('ref_axis',(-1.,0.,0.));
#4140=DIRECTION('',(0.,0.,1.));
#4141=DIRECTION('center_axis',(0.,0.,1.));
#4142=DIRECTION('ref_axis',(-1.,0.,0.));
#4143=DIRECTION('',(0.,0.,1.));
#4144=DIRECTION('center_axis',(0.,0.,1.));
#4145=DIRECTION('ref_axis',(-1.,0.,0.));
#4146=DIRECTION('center_axis',(0.,0.,1.));
#4147=DIRECTION('ref_axis',(-1.,0.,0.));
#4148=DIRECTION('center_axis',(0.,0.,1.));
#4149=DIRECTION('ref_axis',(-1.,0.,0.));
#4150=DIRECTION('center_axis',(0.,0.,1.));
#4151=DIRECTION('ref_axis',(-1.,0.,0.));
#4152=DIRECTION('',(0.,0.,1.));
#4153=DIRECTION('center_axis',(0.,0.,1.));
#4154=DIRECTION('ref_axis',(-1.,0.,0.));
#4155=DIRECTION('',(0.,0.,1.));
#4156=DIRECTION('center_axis',(0.,0.,1.));
#4157=DIRECTION('ref_axis',(-1.,0.,0.));
#4158=DIRECTION('center_axis',(0.,0.,1.));
#4159=DIRECTION('ref_axis',(-1.,0.,0.));
#4160=DIRECTION('center_axis',(0.,0.,1.));
#4161=DIRECTION('ref_axis',(-1.,0.,0.));
#4162=DIRECTION('center_axis',(0.,0.,1.));
#4163=DIRECTION('ref_axis',(-1.,0.,0.));
#4164=DIRECTION('',(0.,0.,1.));
#4165=DIRECTION('center_axis',(0.,0.,1.));
#4166=DIRECTION('ref_axis',(-1.,0.,0.));
#4167=DIRECTION('',(0.,0.,1.));
#4168=DIRECTION('center_axis',(0.,0.,1.));
#4169=DIRECTION('ref_axis',(-1.,0.,0.));
#4170=DIRECTION('center_axis',(0.,0.,1.));
#4171=DIRECTION('ref_axis',(-1.,0.,0.));
#4172=DIRECTION('center_axis',(0.,0.,1.));
#4173=DIRECTION('ref_axis',(-1.,0.,0.));
#4174=DIRECTION('center_axis',(0.,0.,1.));
#4175=DIRECTION('ref_axis',(-1.,0.,0.));
#4176=DIRECTION('',(0.,0.,1.));
#4177=DIRECTION('center_axis',(0.,0.,1.));
#4178=DIRECTION('ref_axis',(-1.,0.,0.));
#4179=DIRECTION('',(0.,0.,1.));
#4180=DIRECTION('center_axis',(0.,0.,1.));
#4181=DIRECTION('ref_axis',(-1.,0.,0.));
#4182=DIRECTION('center_axis',(0.,0.,1.));
#4183=DIRECTION('ref_axis',(-1.,0.,0.));
#4184=DIRECTION('center_axis',(0.,0.,1.));
#4185=DIRECTION('ref_axis',(-1.,0.,0.));
#4186=DIRECTION('center_axis',(0.,0.,1.));
#4187=DIRECTION('ref_axis',(-1.,0.,0.));
#4188=DIRECTION('',(0.,0.,1.));
#4189=DIRECTION('center_axis',(0.,0.,1.));
#4190=DIRECTION('ref_axis',(-1.,0.,0.));
#4191=DIRECTION('',(0.,0.,1.));
#4192=DIRECTION('center_axis',(0.,0.,1.));
#4193=DIRECTION('ref_axis',(-1.,0.,0.));
#4194=DIRECTION('center_axis',(0.,0.,1.));
#4195=DIRECTION('ref_axis',(-1.,0.,0.));
#4196=DIRECTION('center_axis',(0.,0.,1.));
#4197=DIRECTION('ref_axis',(-1.,0.,0.));
#4198=DIRECTION('center_axis',(0.,0.,1.));
#4199=DIRECTION('ref_axis',(-1.,0.,0.));
#4200=DIRECTION('',(0.,0.,1.));
#4201=DIRECTION('center_axis',(0.,0.,1.));
#4202=DIRECTION('ref_axis',(-1.,0.,0.));
#4203=DIRECTION('',(0.,0.,1.));
#4204=DIRECTION('center_axis',(0.,0.,1.));
#4205=DIRECTION('ref_axis',(-1.,0.,0.));
#4206=DIRECTION('center_axis',(0.,0.,1.));
#4207=DIRECTION('ref_axis',(-1.,0.,0.));
#4208=DIRECTION('center_axis',(0.,0.,1.));
#4209=DIRECTION('ref_axis',(-1.,0.,0.));
#4210=DIRECTION('center_axis',(0.,0.,1.));
#4211=DIRECTION('ref_axis',(-1.,0.,0.));
#4212=DIRECTION('',(0.,0.,1.));
#4213=DIRECTION('center_axis',(0.,0.,1.));
#4214=DIRECTION('ref_axis',(-1.,0.,0.));
#4215=DIRECTION('',(0.,0.,1.));
#4216=DIRECTION('center_axis',(0.,0.,1.));
#4217=DIRECTION('ref_axis',(-1.,0.,0.));
#4218=DIRECTION('center_axis',(0.,0.,1.));
#4219=DIRECTION('ref_axis',(-1.,0.,0.));
#4220=DIRECTION('center_axis',(0.,0.,1.));
#4221=DIRECTION('ref_axis',(-1.,0.,0.));
#4222=DIRECTION('center_axis',(0.,0.,1.));
#4223=DIRECTION('ref_axis',(-1.,0.,0.));
#4224=DIRECTION('',(0.,0.,1.));
#4225=DIRECTION('center_axis',(0.,0.,1.));
#4226=DIRECTION('ref_axis',(-1.,0.,0.));
#4227=DIRECTION('',(0.,0.,1.));
#4228=DIRECTION('center_axis',(1.,-3.36227445374063E-17,0.));
#4229=DIRECTION('ref_axis',(0.,0.707106781186547,-0.707106781186548));
#4230=DIRECTION('center_axis',(1.,0.,0.));
#4231=DIRECTION('ref_axis',(0.,0.707106781186547,-0.707106781186548));
#4232=DIRECTION('',(1.,-3.36227445374063E-17,0.));
#4233=DIRECTION('center_axis',(-1.,0.,0.));
#4234=DIRECTION('ref_axis',(0.,1.,0.));
#4235=DIRECTION('center_axis',(0.,0.,-1.));
#4236=DIRECTION('ref_axis',(-1.,0.,0.));
#4237=DIRECTION('center_axis',(7.43062654276665E-15,1.,0.));
#4238=DIRECTION('ref_axis',(1.,-7.43062654276665E-15,0.));
#4239=DIRECTION('center_axis',(0.,0.,-1.));
#4240=DIRECTION('ref_axis',(0.70710678118655,0.707106781186544,0.));
#4241=DIRECTION('center_axis',(-5.27813650096642E-16,-1.,0.));
#4242=DIRECTION('ref_axis',(0.707106781186554,0.,-0.707106781186541));
#4243=DIRECTION('center_axis',(0.,1.,0.));
#4244=DIRECTION('ref_axis',(1.,0.,0.));
#4245=DIRECTION('',(-5.27813650096642E-16,-1.,0.));
#4246=DIRECTION('center_axis',(0.,0.,-1.));
#4247=DIRECTION('ref_axis',(-1.,0.,0.));
#4248=DIRECTION('center_axis',(1.,0.,0.));
#4249=DIRECTION('ref_axis',(0.,-1.,0.));
#4250=DIRECTION('center_axis',(0.,0.,-1.));
#4251=DIRECTION('ref_axis',(0.707106781186552,-0.707106781186543,0.));
#4252=DIRECTION('center_axis',(-1.,-1.57422619585275E-16,0.));
#4253=DIRECTION('ref_axis',(0.,-0.707106781186549,-0.707106781186546));
#4254=DIRECTION('center_axis',(1.,0.,0.));
#4255=DIRECTION('ref_axis',(0.,-1.,0.));
#4256=DIRECTION('',(-1.,-1.57422619585275E-16,0.));
#4257=DIRECTION('center_axis',(0.,0.,1.));
#4258=DIRECTION('ref_axis',(1.,0.,0.));
#4259=DIRECTION('center_axis',(2.79741234551215E-14,1.,0.));
#4260=DIRECTION('ref_axis',(1.,-2.79741234551215E-14,0.));
#4261=DIRECTION('center_axis',(0.,0.,1.));
#4262=DIRECTION('ref_axis',(-0.707106781186559,0.707106781186536,0.));
#4263=DIRECTION('center_axis',(0.,-1.,0.));
#4264=DIRECTION('ref_axis',(0.707106781186554,0.,-0.707106781186541));
#4265=DIRECTION('center_axis',(0.,1.,0.));
#4266=DIRECTION('ref_axis',(1.,0.,0.));
#4267=DIRECTION('',(0.,-1.,0.));
#4268=DIRECTION('center_axis',(0.,0.,-1.));
#4269=DIRECTION('ref_axis',(-1.,0.,0.));
#4270=DIRECTION('center_axis',(1.,0.,0.));
#4271=DIRECTION('ref_axis',(0.,-1.,0.));
#4272=DIRECTION('center_axis',(0.,0.,-1.));
#4273=DIRECTION('ref_axis',(0.707106781186551,-0.707106781186544,0.));
#4274=DIRECTION('center_axis',(-1.,9.93004740721635E-16,0.));
#4275=DIRECTION('ref_axis',(0.,-0.707106781186544,-0.707106781186551));
#4276=DIRECTION('center_axis',(1.,0.,0.));
#4277=DIRECTION('ref_axis',(0.,-1.,0.));
#4278=DIRECTION('',(-1.,9.93004740721635E-16,0.));
#4279=DIRECTION('center_axis',(0.,0.,-1.));
#4280=DIRECTION('ref_axis',(-1.,0.,0.));
#4281=DIRECTION('center_axis',(0.707139938276378,-0.707073622541868,0.));
#4282=DIRECTION('ref_axis',(-0.707073622541868,-0.707139938276378,0.));
#4283=DIRECTION('center_axis',(0.,0.,-1.));
#4284=DIRECTION('ref_axis',(-0.382661770839222,-0.923888504711575,0.));
#4285=DIRECTION('center_axis',(-0.707139938276378,0.707073622541869,0.));
#4286=DIRECTION('ref_axis',(-0.499976553297494,-0.500023445603065,-0.707106781186545));
#4287=DIRECTION('center_axis',(0.707139938276378,-0.707073622541868,0.));
#4288=DIRECTION('ref_axis',(-0.707073622541868,-0.707139938276378,0.));
#4289=DIRECTION('',(-0.707139938276377,0.707073622541869,0.));
#4290=DIRECTION('center_axis',(0.,0.,1.));
#4291=DIRECTION('ref_axis',(1.,0.,0.));
#4292=DIRECTION('center_axis',(1.,-1.3987061727561E-14,0.));
#4293=DIRECTION('ref_axis',(-1.3987061727561E-14,-1.,0.));
#4294=DIRECTION('center_axis',(0.,0.,1.));
#4295=DIRECTION('ref_axis',(0.382661770839216,0.923888504711578,0.));
#4296=DIRECTION('center_axis',(-1.,0.,0.));
#4297=DIRECTION('ref_axis',(0.,-0.707106781186544,-0.707106781186551));
#4298=DIRECTION('center_axis',(1.,0.,0.));
#4299=DIRECTION('ref_axis',(0.,-0.707106781186544,-0.707106781186551));
#4300=DIRECTION('',(-1.,0.,0.));
#4301=DIRECTION('center_axis',(-1.,0.,0.));
#4302=DIRECTION('ref_axis',(0.,-0.707106781186544,-0.707106781186551));
#4303=DIRECTION('center_axis',(-1.,2.45692508907366E-15,0.));
#4304=DIRECTION('ref_axis',(0.,-0.707106781186544,-0.707106781186551));
#4305=DIRECTION('',(-1.,0.,0.));
#4306=DIRECTION('center_axis',(1.,0.,0.));
#4307=DIRECTION('ref_axis',(0.,-1.,0.));
#4308=DIRECTION('center_axis',(0.,0.,1.));
#4309=DIRECTION('ref_axis',(1.,0.,0.));
#4310=DIRECTION('center_axis',(0.707106781186555,0.707106781186541,0.));
#4311=DIRECTION('ref_axis',(0.707106781186541,-0.707106781186555,0.));
#4312=DIRECTION('center_axis',(0.,0.,1.));
#4313=DIRECTION('ref_axis',(-0.382683432365093,0.923879532511285,0.));
#4314=DIRECTION('center_axis',(-0.707106781186548,-0.707106781186547,0.));
#4315=DIRECTION('ref_axis',(0.499999999999991,-0.500000000000001,-0.707106781186553));
#4316=DIRECTION('center_axis',(0.707106781186548,0.707106781186548,0.));
#4317=DIRECTION('ref_axis',(0.707106781186547,-0.707106781186547,0.));
#4318=DIRECTION('',(-0.707106781186548,-0.707106781186547,0.));
#4319=DIRECTION('center_axis',(0.,0.,-1.));
#4320=DIRECTION('ref_axis',(-1.,0.,0.));
#4321=DIRECTION('center_axis',(1.,0.,0.));
#4322=DIRECTION('ref_axis',(0.,-1.,0.));
#4323=DIRECTION('center_axis',(0.,0.,-1.));
#4324=DIRECTION('ref_axis',(0.382683432365089,-0.923879532511287,0.));
#4325=DIRECTION('center_axis',(-1.,4.96500318937417E-16,0.));
#4326=DIRECTION('ref_axis',(0.,-0.707106781186554,-0.707106781186541));
#4327=DIRECTION('center_axis',(1.,0.,0.));
#4328=DIRECTION('ref_axis',(0.,-1.,0.));
#4329=DIRECTION('',(-1.,4.96500318937417E-16,0.));
#4330=DIRECTION('center_axis',(0.,0.,-1.));
#4331=DIRECTION('ref_axis',(-1.,0.,0.));
#4332=DIRECTION('center_axis',(1.39870617275611E-14,-1.,0.));
#4333=DIRECTION('ref_axis',(-1.,-1.39870617275611E-14,0.));
#4334=DIRECTION('center_axis',(0.,0.,-1.));
#4335=DIRECTION('ref_axis',(-0.707106781186546,-0.707106781186549,0.));
#4336=DIRECTION('center_axis',(5.20925759354912E-16,1.,0.));
#4337=DIRECTION('ref_axis',(-0.707106781186544,0.,-0.707106781186551));
#4338=DIRECTION('center_axis',(0.,-1.,0.));
#4339=DIRECTION('ref_axis',(-1.,0.,0.));
#4340=DIRECTION('',(5.20925759354912E-16,1.,0.));
#4341=DIRECTION('center_axis',(0.,0.,1.));
#4342=DIRECTION('ref_axis',(1.,0.,0.));
#4343=DIRECTION('center_axis',(1.,-6.99353086378048E-15,0.));
#4344=DIRECTION('ref_axis',(-6.99353086378048E-15,-1.,0.));
#4345=DIRECTION('center_axis',(0.,0.,1.));
#4346=DIRECTION('ref_axis',(0.707106781186547,0.707106781186547,0.));
#4347=DIRECTION('center_axis',(-1.,0.,0.));
#4348=DIRECTION('ref_axis',(0.,-0.707106781186549,-0.707106781186546));
#4349=DIRECTION('center_axis',(1.,0.,0.));
#4350=DIRECTION('ref_axis',(0.,-1.,0.));
#4351=DIRECTION('',(-1.,0.,0.));
#4352=DIRECTION('center_axis',(0.,0.,-1.));
#4353=DIRECTION('ref_axis',(-1.,0.,0.));
#4354=DIRECTION('center_axis',(0.,-1.,0.));
#4355=DIRECTION('ref_axis',(-1.,0.,0.));
#4356=DIRECTION('center_axis',(0.,0.,-1.));
#4357=DIRECTION('ref_axis',(-0.707106781186548,-0.707106781186547,0.));
#4358=DIRECTION('center_axis',(-7.42237945448404E-17,1.,0.));
#4359=DIRECTION('ref_axis',(-0.707106781186548,0.,-0.707106781186547));
#4360=DIRECTION('center_axis',(0.,-1.,0.));
#4361=DIRECTION('ref_axis',(-1.,0.,0.));
#4362=DIRECTION('',(-7.42237945448404E-17,1.,0.));
#4363=DIRECTION('center_axis',(0.,0.,-1.));
#4364=DIRECTION('ref_axis',(-1.,0.,0.));
#4365=DIRECTION('center_axis',(-1.,8.74191357972565E-16,0.));
#4366=DIRECTION('ref_axis',(8.74191357972565E-16,1.,0.));
#4367=DIRECTION('center_axis',(0.,0.,-1.));
#4368=DIRECTION('ref_axis',(-0.707106781186548,0.707106781186547,0.));
#4369=DIRECTION('center_axis',(1.,-3.36227445374063E-17,0.));
#4370=DIRECTION('ref_axis',(0.,0.707106781186547,-0.707106781186548));
#4371=DIRECTION('center_axis',(-1.,0.,0.));
#4372=DIRECTION('ref_axis',(0.,0.707106781186547,-0.707106781186548));
#4373=DIRECTION('',(1.,-3.36227445374063E-17,0.));
#4374=DIRECTION('center_axis',(0.,0.,-1.));
#4375=DIRECTION('ref_axis',(1.,0.,0.));
#4376=DIRECTION('center_axis',(0.,0.,1.));
#4377=DIRECTION('ref_axis',(1.,-1.74838271594509E-14,0.));
#4378=DIRECTION('',(0.,0.,1.));
#4379=DIRECTION('',(0.,0.,1.));
#4380=DIRECTION('center_axis',(-1.78205939760689E-16,-1.,0.));
#4381=DIRECTION('ref_axis',(1.,-1.78205939760689E-16,0.));
#4382=DIRECTION('',(0.,0.,1.));
#4383=DIRECTION('center_axis',(0.,0.,1.));
#4384=DIRECTION('ref_axis',(-1.39870617275608E-14,-1.,0.));
#4385=DIRECTION('',(0.,0.,1.));
#4386=DIRECTION('center_axis',(1.,-2.45692508907366E-15,0.));
#4387=DIRECTION('ref_axis',(-2.45692508907366E-15,-1.,0.));
#4388=DIRECTION('',(0.,0.,-1.));
#4389=DIRECTION('',(0.,0.,-1.));
#4390=DIRECTION('center_axis',(0.,0.,-1.));
#4391=DIRECTION('ref_axis',(-1.,1.39870617275608E-14,0.));
#4392=DIRECTION('',(0.,0.,-1.));
#4393=DIRECTION('center_axis',(-2.09971257612324E-15,-1.,0.));
#4394=DIRECTION('ref_axis',(-1.,2.09971257612324E-15,0.));
#4395=DIRECTION('',(0.,0.,-1.));
#4396=DIRECTION('center_axis',(0.,0.,-1.));
#4397=DIRECTION('ref_axis',(-1.3987061727561E-14,1.,0.));
#4398=DIRECTION('',(0.,0.,-1.));
#4399=DIRECTION('center_axis',(-1.,0.,0.));
#4400=DIRECTION('ref_axis',(0.,1.,0.));
#4401=DIRECTION('',(0.,0.,-1.));
#4402=DIRECTION('',(0.,-1.,0.));
#4403=DIRECTION('center_axis',(0.,-1.,0.));
#4404=DIRECTION('ref_axis',(-0.707106781186545,0.,0.70710678118655));
#4405=DIRECTION('center_axis',(0.,-1.,0.));
#4406=DIRECTION('ref_axis',(0.,0.,1.));
#4407=DIRECTION('',(0.,-1.,0.));
#4408=DIRECTION('center_axis',(0.,1.,0.));
#4409=DIRECTION('ref_axis',(-1.,0.,0.));
#4410=DIRECTION('',(0.,1.,0.));
#4411=DIRECTION('center_axis',(0.,0.,1.));
#4412=DIRECTION('ref_axis',(1.,0.,0.));
#4413=DIRECTION('center_axis',(-1.,0.,0.));
#4414=DIRECTION('ref_axis',(0.,-1.,0.));
#4415=DIRECTION('center_axis',(0.,0.,-1.));
#4416=DIRECTION('ref_axis',(-0.707106781186547,-0.707106781186548,0.));
#4417=DIRECTION('center_axis',(0.,0.,1.));
#4418=DIRECTION('ref_axis',(-0.707106781186547,-0.707106781186548,0.));
#4419=DIRECTION('center_axis',(1.,-4.96500318937417E-16,0.));
#4420=DIRECTION('ref_axis',(0.,-0.707106781186555,0.70710678118654));
#4421=DIRECTION('center_axis',(-1.,0.,0.));
#4422=DIRECTION('ref_axis',(0.,-1.,0.));
#4423=DIRECTION('',(-1.,4.96500318937417E-16,0.));
#4424=DIRECTION('',(1.,-4.96500318937417E-16,0.));
#4425=DIRECTION('center_axis',(0.,0.,1.));
#4426=DIRECTION('ref_axis',(1.,0.,0.));
#4427=DIRECTION('center_axis',(-0.707106781186555,-0.707106781186541,0.));
#4428=DIRECTION('ref_axis',(0.707106781186541,-0.707106781186555,0.));
#4429=DIRECTION('center_axis',(0.,0.,-1.));
#4430=DIRECTION('ref_axis',(0.382683432365089,-0.923879532511287,0.));
#4431=DIRECTION('center_axis',(0.,0.,1.));
#4432=DIRECTION('ref_axis',(0.382683432365089,-0.923879532511287,0.));
#4433=DIRECTION('center_axis',(0.707106781186548,0.707106781186548,0.));
#4434=DIRECTION('ref_axis',(0.500000000000009,-0.499999999999989,0.707106781186549));
#4435=DIRECTION('center_axis',(-0.707106781186548,-0.707106781186548,0.));
#4436=DIRECTION('ref_axis',(0.707106781186547,-0.707106781186547,0.));
#4437=DIRECTION('',(-0.707106781186548,-0.707106781186548,0.));
#4438=DIRECTION('',(0.707106781186548,0.707106781186548,0.));
#4439=DIRECTION('center_axis',(0.,0.,-1.));
#4440=DIRECTION('ref_axis',(-1.,0.,0.));
#4441=DIRECTION('center_axis',(-1.,-2.79741234551219E-14,0.));
#4442=DIRECTION('ref_axis',(2.79741234551219E-14,-1.,0.));
#4443=DIRECTION('center_axis',(0.,0.,1.));
#4444=DIRECTION('ref_axis',(-0.382683432365091,0.923879532511286,0.));
#4445=DIRECTION('center_axis',(0.,0.,-1.));
#4446=DIRECTION('ref_axis',(-0.382683432365091,0.923879532511286,0.));
#4447=DIRECTION('center_axis',(1.,0.,0.));
#4448=DIRECTION('ref_axis',(0.,-0.707106781186545,0.70710678118655));
#4449=DIRECTION('center_axis',(-1.,0.,0.));
#4450=DIRECTION('ref_axis',(0.,-1.,0.));
#4451=DIRECTION('',(-1.,0.,0.));
#4452=DIRECTION('',(1.,0.,0.));
#4453=DIRECTION('center_axis',(0.,0.,-1.));
#4454=DIRECTION('ref_axis',(-1.,0.,0.));
#4455=DIRECTION('center_axis',(-0.707139938276392,0.707073622541854,0.));
#4456=DIRECTION('ref_axis',(-0.707073622541854,-0.707139938276392,0.));
#4457=DIRECTION('center_axis',(0.,0.,1.));
#4458=DIRECTION('ref_axis',(0.38266177083922,0.923888504711576,0.));
#4459=DIRECTION('center_axis',(0.,0.,-1.));
#4460=DIRECTION('ref_axis',(0.38266177083922,0.923888504711576,0.));
#4461=DIRECTION('center_axis',(0.707139938276378,-0.707073622541869,0.));
#4462=DIRECTION('ref_axis',(-0.499976553297494,-0.500023445603066,0.707106781186544));
#4463=DIRECTION('center_axis',(-0.707139938276371,0.707073622541875,0.));
#4464=DIRECTION('ref_axis',(-0.707073622541875,-0.707139938276371,0.));
#4465=DIRECTION('',(-0.707139938276377,0.707073622541869,0.));
#4466=DIRECTION('',(0.707139938276377,-0.707073622541869,0.));
#4467=DIRECTION('center_axis',(0.,0.,1.));
#4468=DIRECTION('ref_axis',(1.,0.,0.));
#4469=DIRECTION('center_axis',(-1.,0.,0.));
#4470=DIRECTION('ref_axis',(0.,-1.,0.));
#4471=DIRECTION('center_axis',(0.,0.,-1.));
#4472=DIRECTION('ref_axis',(-0.382661770839222,-0.923888504711576,0.));
#4473=DIRECTION('center_axis',(0.,0.,1.));
#4474=DIRECTION('ref_axis',(-0.382661770839222,-0.923888504711576,0.));
#4475=DIRECTION('center_axis',(1.,-4.96502370360817E-16,0.));
#4476=DIRECTION('ref_axis',(0.,-0.707106781186555,0.70710678118654));
#4477=DIRECTION('center_axis',(-1.,0.,0.));
#4478=DIRECTION('ref_axis',(0.,-1.,0.));
#4479=DIRECTION('',(-1.,4.96502370360817E-16,0.));
#4480=DIRECTION('',(1.,-4.96502370360817E-16,0.));
#4481=DIRECTION('center_axis',(0.,0.,1.));
#4482=DIRECTION('ref_axis',(1.,0.,0.));
#4483=DIRECTION('center_axis',(0.,-1.,0.));
#4484=DIRECTION('ref_axis',(1.,0.,0.));
#4485=DIRECTION('center_axis',(0.,0.,-1.));
#4486=DIRECTION('ref_axis',(0.707106781186547,-0.707106781186547,0.));
#4487=DIRECTION('center_axis',(0.,0.,1.));
#4488=DIRECTION('ref_axis',(0.707106781186548,-0.707106781186548,0.));
#4489=DIRECTION('center_axis',(0.,1.,0.));
#4490=DIRECTION('ref_axis',(0.707106781186555,0.,0.70710678118654));
#4491=DIRECTION('center_axis',(0.,-1.,0.));
#4492=DIRECTION('ref_axis',(1.,0.,0.));
#4493=DIRECTION('',(0.,-1.,0.));
#4494=DIRECTION('',(0.,1.,0.));
#4495=DIRECTION('center_axis',(0.,0.,-1.));
#4496=DIRECTION('ref_axis',(-1.,0.,0.));
#4497=DIRECTION('center_axis',(-1.,-2.79741234551221E-14,0.));
#4498=DIRECTION('ref_axis',(2.79741234551221E-14,-1.,0.));
#4499=DIRECTION('center_axis',(0.,0.,1.));
#4500=DIRECTION('ref_axis',(-0.707106781186559,0.707106781186536,0.));
#4501=DIRECTION('center_axis',(0.,0.,-1.));
#4502=DIRECTION('ref_axis',(-0.707106781186559,0.707106781186536,0.));
#4503=DIRECTION('center_axis',(1.,3.14845239170551E-16,0.));
#4504=DIRECTION('ref_axis',(0.,-0.707106781186545,0.70710678118655));
#4505=DIRECTION('center_axis',(-1.,0.,0.));
#4506=DIRECTION('ref_axis',(0.,-1.,0.));
#4507=DIRECTION('',(-1.,-3.14845239170551E-16,0.));
#4508=DIRECTION('',(1.,3.14845239170551E-16,0.));
#4509=DIRECTION('center_axis',(0.,0.,1.));
#4510=DIRECTION('ref_axis',(1.,0.,0.));
#4511=DIRECTION('center_axis',(0.,-1.,0.));
#4512=DIRECTION('ref_axis',(1.,0.,0.));
#4513=DIRECTION('center_axis',(0.,0.,-1.));
#4514=DIRECTION('ref_axis',(0.70710678118655,-0.707106781186545,0.));
#4515=DIRECTION('center_axis',(0.,0.,1.));
#4516=DIRECTION('ref_axis',(0.70710678118655,-0.707106781186545,0.));
#4517=DIRECTION('center_axis',(5.27813650096642E-16,1.,0.));
#4518=DIRECTION('ref_axis',(0.707106781186535,0.,0.70710678118656));
#4519=DIRECTION('center_axis',(1.31128703695886E-15,-1.,0.));
#4520=DIRECTION('ref_axis',(1.,1.31128703695886E-15,0.));
#4521=DIRECTION('',(-5.27813650096642E-16,-1.,0.));
#4522=DIRECTION('',(5.27813650096642E-16,1.,0.));
#4523=DIRECTION('center_axis',(0.,0.,1.));
#4524=DIRECTION('ref_axis',(1.,0.,0.));
#4525=DIRECTION('center_axis',(1.,0.,0.));
#4526=DIRECTION('ref_axis',(0.,1.,0.));
#4527=DIRECTION('center_axis',(0.,0.,-1.));
#4528=DIRECTION('ref_axis',(0.707106781186548,0.707106781186547,0.));
#4529=DIRECTION('center_axis',(0.,0.,1.));
#4530=DIRECTION('ref_axis',(0.707106781186548,0.707106781186547,0.));
#4531=DIRECTION('center_axis',(-1.,6.30426460076368E-18,0.));
#4532=DIRECTION('ref_axis',(0.,0.707106781186548,0.707106781186547));
#4533=DIRECTION('center_axis',(1.,-1.04902962956708E-14,0.));
#4534=DIRECTION('ref_axis',(1.04902962956708E-14,1.,0.));
#4535=DIRECTION('',(1.,-6.30426460076368E-18,0.));
#4536=DIRECTION('',(-1.,6.30426460076368E-18,0.));
#4537=DIRECTION('center_axis',(0.,0.,1.));
#4538=DIRECTION('ref_axis',(1.,0.,0.));
#4539=DIRECTION('center_axis',(0.,1.,0.));
#4540=DIRECTION('ref_axis',(-1.,0.,0.));
#4541=DIRECTION('center_axis',(0.,0.,-1.));
#4542=DIRECTION('ref_axis',(-0.707106781186548,0.707106781186547,0.));
#4543=DIRECTION('center_axis',(0.,0.,1.));
#4544=DIRECTION('ref_axis',(-0.707106781186548,0.707106781186547,0.));
#4545=DIRECTION('center_axis',(1.64941765655201E-17,-1.,0.));
#4546=DIRECTION('ref_axis',(-0.707106781186548,0.,0.707106781186548));
#4547=DIRECTION('center_axis',(0.,1.,0.));
#4548=DIRECTION('ref_axis',(-1.,0.,0.));
#4549=DIRECTION('',(-1.64941765655201E-17,1.,0.));
#4550=DIRECTION('',(1.64941765655201E-17,-1.,0.));
#4551=DIRECTION('center_axis',(0.,0.,1.));
#4552=DIRECTION('ref_axis',(1.,0.,0.));
#4553=DIRECTION('center_axis',(-1.,8.7419135797256E-16,0.));
#4554=DIRECTION('ref_axis',(-8.7419135797256E-16,-1.,0.));
#4555=DIRECTION('center_axis',(0.,0.,-1.));
#4556=DIRECTION('ref_axis',(-0.707106781186548,-0.707106781186547,0.));
#4557=DIRECTION('center_axis',(0.,0.,1.));
#4558=DIRECTION('ref_axis',(-0.707106781186548,-0.707106781186547,0.));
#4559=DIRECTION('center_axis',(1.,0.,0.));
#4560=DIRECTION('ref_axis',(0.,-0.70710678118655,0.707106781186545));
#4561=DIRECTION('center_axis',(-1.,0.,0.));
#4562=DIRECTION('ref_axis',(0.,-1.,0.));
#4563=DIRECTION('',(-1.,0.,0.));
#4564=DIRECTION('',(1.,0.,0.));
#4565=DIRECTION('center_axis',(0.,0.,-1.));
#4566=DIRECTION('ref_axis',(-1.,0.,0.));
#4567=DIRECTION('center_axis',(0.,0.,1.));
#4568=DIRECTION('ref_axis',(0.707106781186545,0.70710678118655,0.));
#4569=DIRECTION('center_axis',(0.,0.,-1.));
#4570=DIRECTION('ref_axis',(0.707106781186545,0.70710678118655,0.));
#4571=DIRECTION('center_axis',(0.,0.,1.));
#4572=DIRECTION('ref_axis',(6.41284057545214E-15,-1.,0.));
#4573=DIRECTION('',(0.,0.,1.));
#4574=DIRECTION('',(0.,0.,1.));
#4575=DIRECTION('center_axis',(-4.96502370360817E-16,-1.,0.));
#4576=DIRECTION('ref_axis',(1.,-4.96502370360817E-16,0.));
#4577=DIRECTION('',(0.,0.,1.));
#4578=DIRECTION('center_axis',(0.,0.,1.));
#4579=DIRECTION('ref_axis',(-0.707073622541865,-0.707139938276381,0.));
#4580=DIRECTION('',(0.,0.,1.));
#4581=DIRECTION('center_axis',(-0.707073622541869,-0.707139938276378,0.));
#4582=DIRECTION('ref_axis',(0.707139938276377,-0.707073622541869,0.));
#4583=DIRECTION('',(0.,0.,1.));
#4584=DIRECTION('center_axis',(0.,0.,1.));
#4585=DIRECTION('ref_axis',(0.707073622541849,0.707139938276398,0.));
#4586=DIRECTION('',(0.,0.,1.));
#4587=DIRECTION('center_axis',(0.,-1.,0.));
#4588=DIRECTION('ref_axis',(1.,0.,0.));
#4589=DIRECTION('',(0.,0.,1.));
#4590=DIRECTION('',(0.,0.,1.));
#4591=DIRECTION('center_axis',(0.,1.,0.));
#4592=DIRECTION('ref_axis',(0.,0.,1.));
#4593=DIRECTION('',(1.,0.,2.88710479216944E-15));
#4594=DIRECTION('center_axis',(0.,1.,0.));
#4595=DIRECTION('ref_axis',(1.,0.,2.31660709862722E-14));
#4596=DIRECTION('',(0.,0.,-1.));
#4597=DIRECTION('',(1.,0.,0.));
#4598=DIRECTION('center_axis',(0.,0.,1.));
#4599=DIRECTION('ref_axis',(-2.30695693428593E-14,1.,0.));
#4600=DIRECTION('',(0.,0.,1.));
#4601=DIRECTION('center_axis',(0.707106781186548,-0.707106781186548,0.));
#4602=DIRECTION('ref_axis',(0.707106781186548,0.707106781186548,0.));
#4603=DIRECTION('',(0.,0.,1.));
#4604=DIRECTION('center_axis',(0.,0.,1.));
#4605=DIRECTION('ref_axis',(9.61926086317803E-15,-1.,0.));
#4606=DIRECTION('',(0.,0.,1.));
#4607=DIRECTION('center_axis',(-4.96500318937417E-16,-1.,0.));
#4608=DIRECTION('ref_axis',(1.,-4.96500318937417E-16,0.));
#4609=DIRECTION('',(0.,0.,1.));
#4610=DIRECTION('center_axis',(0.,0.,1.));
#4611=DIRECTION('ref_axis',(-1.,-3.20642028772608E-15,0.));
#4612=DIRECTION('',(0.,0.,1.));
#4613=DIRECTION('center_axis',(-1.,0.,0.));
#4614=DIRECTION('ref_axis',(0.,-1.,0.));
#4615=DIRECTION('',(0.,0.,1.));
#4616=DIRECTION('center_axis',(0.,0.,1.));
#4617=DIRECTION('ref_axis',(1.,0.,0.));
#4618=DIRECTION('',(-0.707103069204832,0.707110493148777,0.));
#4619=DIRECTION('center_axis',(0.,0.,1.));
#4620=DIRECTION('ref_axis',(0.707110493148769,0.707103069204839,0.));
#4621=DIRECTION('',(-1.,0.,0.));
#4622=DIRECTION('center_axis',(0.,0.,1.));
#4623=DIRECTION('ref_axis',(-3.46043540142882E-14,1.,0.));
#4624=DIRECTION('',(-0.707106781186548,-0.707106781186548,0.));
#4625=DIRECTION('center_axis',(0.,0.,-1.));
#4626=DIRECTION('ref_axis',(-2.00718286937891E-14,-1.,0.));
#4627=DIRECTION('',(-1.,0.,0.));
#4628=DIRECTION('center_axis',(0.,0.,-1.));
#4629=DIRECTION('ref_axis',(-1.,5.01795717344707E-15,0.));
#4630=DIRECTION('',(4.66235390918701E-16,1.,0.));
#4631=DIRECTION('center_axis',(0.,0.,1.));
#4632=DIRECTION('ref_axis',(1.,5.76739233571507E-15,0.));
#4633=DIRECTION('',(-1.,-1.52033279647402E-16,0.));
#4634=DIRECTION('center_axis',(0.,0.,-1.));
#4635=DIRECTION('ref_axis',(-1.,4.89354501212191E-15,0.));
#4636=DIRECTION('',(8.24708828276004E-18,1.,0.));
#4637=DIRECTION('center_axis',(0.,0.,-1.));
#4638=DIRECTION('ref_axis',(-3.7721076135103E-14,1.,0.));
#4639=DIRECTION('',(1.,9.66657881825107E-17,0.));
#4640=DIRECTION('center_axis',(0.,0.,-1.));
#4641=DIRECTION('ref_axis',(1.,-1.42728396186888E-15,0.));
#4642=DIRECTION('',(-5.27813650096643E-16,-1.,0.));
#4643=DIRECTION('center_axis',(0.,0.,-1.));
#4644=DIRECTION('ref_axis',(6.5247266828292E-15,-1.,0.));
#4645=DIRECTION('',(-1.,-1.52033279647402E-16,0.));
#4646=DIRECTION('center_axis',(0.,0.,1.));
#4647=DIRECTION('ref_axis',(0.,1.,0.));
#4648=DIRECTION('',(0.,-1.,0.));
#4649=DIRECTION('center_axis',(0.,0.,-1.));
#4650=DIRECTION('ref_axis',(0.,-1.,0.));
#4651=DIRECTION('',(-1.,-4.96498705846368E-16,0.));
#4652=DIRECTION('center_axis',(0.,0.,-1.));
#4653=DIRECTION('ref_axis',(-0.707110493148772,-0.707103069204837,0.));
#4654=DIRECTION('center_axis',(-1.,0.,0.));
#4655=DIRECTION('ref_axis',(0.,0.,-1.));
#4656=DIRECTION('',(0.,0.,-1.));
#4657=DIRECTION('',(0.,-1.,0.));
#4658=DIRECTION('',(0.,0.,1.));
#4659=DIRECTION('center_axis',(0.,-1.,0.));
#4660=DIRECTION('ref_axis',(-1.,0.,1.52983487645198E-14));
#4661=DIRECTION('center_axis',(-6.30426460076368E-18,-1.,0.));
#4662=DIRECTION('ref_axis',(-1.,0.,1.52983487645198E-14));
#4663=DIRECTION('',(0.,-1.,0.));
#4664=DIRECTION('center_axis',(-9.66657881825107E-17,1.,0.));
#4665=DIRECTION('ref_axis',(-1.,0.,1.52983487645198E-14));
#4666=DIRECTION('center_axis',(0.,0.,1.));
#4667=DIRECTION('ref_axis',(-1.,0.,0.));
#4668=DIRECTION('',(-1.,6.30426460076368E-18,0.));
#4669=DIRECTION('',(0.,-1.,0.));
#4670=DIRECTION('',(1.,9.66657881825107E-17,0.));
#4671=DIRECTION('center_axis',(0.,-1.,0.));
#4672=DIRECTION('ref_axis',(0.,0.,1.));
#4673=DIRECTION('center_axis',(-6.30426460076368E-18,-1.,0.));
#4674=DIRECTION('ref_axis',(0.,0.,1.));
#4675=DIRECTION('',(0.,-1.,0.));
#4676=DIRECTION('center_axis',(-9.66657881825107E-17,1.,0.));
#4677=DIRECTION('ref_axis',(0.,0.,1.));
#4678=DIRECTION('center_axis',(1.,0.,0.));
#4679=DIRECTION('ref_axis',(0.,0.,1.));
#4680=DIRECTION('',(0.,0.,1.));
#4681=DIRECTION('',(0.,0.,-1.));
#4682=DIRECTION('center_axis',(0.,0.,1.));
#4683=DIRECTION('ref_axis',(1.,0.,0.));
#4684=DIRECTION('',(0.,1.,0.));
#4685=DIRECTION('',(-1.,0.,0.));
#4686=DIRECTION('center_axis',(6.30426460076368E-18,1.,0.));
#4687=DIRECTION('ref_axis',(-1.,6.30426460076368E-18,0.));
#4688=DIRECTION('',(0.,0.,1.));
#4689=DIRECTION('',(0.,0.,1.));
#4690=DIRECTION('center_axis',(-1.,0.,0.));
#4691=DIRECTION('ref_axis',(0.,0.,1.));
#4692=DIRECTION('',(0.,0.,-1.));
#4693=DIRECTION('',(0.,1.,0.));
#4694=DIRECTION('center_axis',(1.,0.,0.));
#4695=DIRECTION('ref_axis',(0.,0.,-1.));
#4696=DIRECTION('',(0.,1.,0.));
#4697=DIRECTION('',(0.,0.,1.));
#4698=DIRECTION('center_axis',(0.,1.,0.));
#4699=DIRECTION('ref_axis',(1.,0.,2.31660709862722E-14));
#4700=DIRECTION('',(0.,1.,0.));
#4701=DIRECTION('center_axis',(0.,-1.,0.));
#4702=DIRECTION('ref_axis',(1.,0.,2.31660709862722E-14));
#4703=DIRECTION('center_axis',(-2.88710479216944E-15,0.,1.));
#4704=DIRECTION('ref_axis',(1.,0.,2.88710479216944E-15));
#4705=DIRECTION('',(0.,1.,0.));
#4706=DIRECTION('',(-1.,0.,-2.88710479216944E-15));
#4707=DIRECTION('center_axis',(0.,1.,0.));
#4708=DIRECTION('ref_axis',(0.,0.,1.));
#4709=DIRECTION('center_axis',(0.,-1.,0.));
#4710=DIRECTION('ref_axis',(0.,0.,1.));
#4711=DIRECTION('center_axis',(0.,1.,0.));
#4712=DIRECTION('ref_axis',(-1.,0.,0.));
#4713=DIRECTION('',(0.,0.,1.));
#4714=DIRECTION('',(0.,0.,1.));
#4715=DIRECTION('center_axis',(0.,0.,1.));
#4716=DIRECTION('ref_axis',(-0.707110493148772,-0.707103069204837,0.));
#4717=DIRECTION('',(0.,0.,1.));
#4718=DIRECTION('',(0.,0.,1.));
#4719=DIRECTION('center_axis',(-4.96498705846368E-16,1.,0.));
#4720=DIRECTION('ref_axis',(-1.,-4.96498705846368E-16,0.));
#4721=DIRECTION('',(0.,0.,1.));
#4722=DIRECTION('center_axis',(0.,0.,1.));
#4723=DIRECTION('ref_axis',(0.,-1.,0.));
#4724=DIRECTION('',(0.,0.,1.));
#4725=DIRECTION('center_axis',(-1.,0.,0.));
#4726=DIRECTION('ref_axis',(0.,-1.,0.));
#4727=DIRECTION('',(0.,0.,1.));
#4728=DIRECTION('center_axis',(0.,0.,1.));
#4729=DIRECTION('ref_axis',(0.,1.,0.));
#4730=DIRECTION('',(0.,0.,1.));
#4731=DIRECTION('center_axis',(-1.52033279647402E-16,1.,0.));
#4732=DIRECTION('ref_axis',(-1.,-1.52033279647402E-16,0.));
#4733=DIRECTION('',(0.,0.,1.));
#4734=DIRECTION('center_axis',(0.,0.,1.));
#4735=DIRECTION('ref_axis',(6.5247266828292E-15,-1.,0.));
#4736=DIRECTION('',(0.,0.,1.));
#4737=DIRECTION('center_axis',(-1.,5.27813650096643E-16,0.));
#4738=DIRECTION('ref_axis',(-5.27813650096643E-16,-1.,0.));
#4739=DIRECTION('',(0.,0.,1.));
#4740=DIRECTION('center_axis',(0.,0.,1.));
#4741=DIRECTION('ref_axis',(1.,-1.42728396186888E-15,0.));
#4742=DIRECTION('',(0.,0.,1.));
#4743=DIRECTION('center_axis',(9.66657881825107E-17,-1.,0.));
#4744=DIRECTION('ref_axis',(1.,9.66657881825107E-17,0.));
#4745=DIRECTION('',(0.,0.,1.));
#4746=DIRECTION('center_axis',(0.,0.,1.));
#4747=DIRECTION('ref_axis',(-3.7721076135103E-14,1.,0.));
#4748=DIRECTION('',(0.,0.,1.));
#4749=DIRECTION('center_axis',(1.,-8.24708828276004E-18,0.));
#4750=DIRECTION('ref_axis',(8.24708828276004E-18,1.,0.));
#4751=DIRECTION('',(0.,0.,1.));
#4752=DIRECTION('center_axis',(0.,0.,1.));
#4753=DIRECTION('ref_axis',(-1.,4.89354501212191E-15,0.));
#4754=DIRECTION('',(0.,0.,1.));
#4755=DIRECTION('center_axis',(-1.52033279647402E-16,1.,0.));
#4756=DIRECTION('ref_axis',(-1.,-1.52033279647402E-16,0.));
#4757=DIRECTION('',(0.,0.,1.));
#4758=DIRECTION('center_axis',(0.,0.,1.));
#4759=DIRECTION('ref_axis',(1.,5.76739233571507E-15,0.));
#4760=DIRECTION('',(0.,0.,1.));
#4761=DIRECTION('center_axis',(1.,-4.66235390918701E-16,0.));
#4762=DIRECTION('ref_axis',(4.66235390918701E-16,1.,0.));
#4763=DIRECTION('',(0.,0.,1.));
#4764=DIRECTION('center_axis',(0.,0.,1.));
#4765=DIRECTION('ref_axis',(-1.,5.01795717344707E-15,0.));
#4766=DIRECTION('',(0.,0.,1.));
#4767=DIRECTION('center_axis',(0.,1.,0.));
#4768=DIRECTION('ref_axis',(-1.,0.,0.));
#4769=DIRECTION('',(0.,0.,1.));
#4770=DIRECTION('center_axis',(0.,0.,1.));
#4771=DIRECTION('ref_axis',(-2.00718286937891E-14,-1.,0.));
#4772=DIRECTION('',(0.,0.,1.));
#4773=DIRECTION('center_axis',(-0.707106781186548,0.707106781186548,0.));
#4774=DIRECTION('ref_axis',(-0.707106781186548,-0.707106781186548,0.));
#4775=DIRECTION('',(0.,0.,1.));
#4776=DIRECTION('center_axis',(0.,0.,1.));
#4777=DIRECTION('ref_axis',(-3.46043540142882E-14,1.,0.));
#4778=DIRECTION('center_axis',(0.,0.,1.));
#4779=DIRECTION('ref_axis',(0.707110493148769,0.707103069204839,0.));
#4780=DIRECTION('',(0.,0.,1.));
#4781=DIRECTION('center_axis',(0.707110493148777,0.707103069204832,0.));
#4782=DIRECTION('ref_axis',(-0.707103069204832,0.707110493148777,0.));
#4783=DIRECTION('center_axis',(3.14845239170551E-16,-1.,0.));
#4784=DIRECTION('ref_axis',(1.,3.14845239170551E-16,0.));
#4785=DIRECTION('',(0.,0.,1.));
#4786=DIRECTION('',(0.,0.,-1.));
#4787=DIRECTION('center_axis',(0.,0.,1.));
#4788=DIRECTION('ref_axis',(-2.30695693428604E-14,1.,0.));
#4789=DIRECTION('',(0.,0.,1.));
#4790=DIRECTION('center_axis',(1.,0.,0.));
#4791=DIRECTION('ref_axis',(0.,1.,0.));
#4792=DIRECTION('center_axis',(0.,0.,1.));
#4793=DIRECTION('ref_axis',(1.,1.15347846714302E-14,0.));
#4794=DIRECTION('',(0.,0.,1.));
#4795=DIRECTION('center_axis',(0.,-1.,0.));
#4796=DIRECTION('ref_axis',(1.,0.,0.));
#4797=DIRECTION('',(0.,0.,1.));
#4798=DIRECTION('center_axis',(0.,0.,1.));
#4799=DIRECTION('ref_axis',(-1.,0.,0.));
#4800=DIRECTION('',(0.,0.,1.));
#4801=DIRECTION('center_axis',(-1.,-1.64941765655201E-17,0.));
#4802=DIRECTION('ref_axis',(1.64941765655201E-17,-1.,0.));
#4803=DIRECTION('',(0.,0.,1.));
#4804=DIRECTION('center_axis',(0.,0.,1.));
#4805=DIRECTION('ref_axis',(2.98246615077275E-16,1.,0.));
#4806=DIRECTION('center_axis',(0.,0.,1.));
#4807=DIRECTION('ref_axis',(1.,-1.1929864603091E-15,0.));
#4808=DIRECTION('',(0.,0.,1.));
#4809=DIRECTION('center_axis',(1.,-5.27813650096642E-16,0.));
#4810=DIRECTION('ref_axis',(5.27813650096642E-16,1.,0.));
#4811=DIRECTION('',(0.,0.,1.));
#4812=DIRECTION('center_axis',(0.,0.,1.));
#4813=DIRECTION('ref_axis',(4.77194584123641E-15,-1.,0.));
#4814=CARTESIAN_POINT('',(0.,0.,0.));
#4815=CARTESIAN_POINT('Origin',(130.772617057106,-40.6601193369521,0.));
#4816=CARTESIAN_POINT('',(131.072617057106,-40.6601193404721,0.));
#4817=CARTESIAN_POINT('',(131.072617057106,-36.7974288620818,0.));
#4818=CARTESIAN_POINT('',(131.072617057106,-40.6601193369521,0.));
#4819=CARTESIAN_POINT('',(130.472617057106,-40.6601193334322,-3.67394039744212E-17));
#4820=CARTESIAN_POINT('Origin',(130.772617057106,-40.6601193369521,0.));
#4821=CARTESIAN_POINT('',(130.472617057106,-36.9301976362967,0.));
#4822=CARTESIAN_POINT('',(130.472617057106,-40.6601193369521,0.));
#4823=CARTESIAN_POINT('',(130.772617057106,-36.5447210315293,0.300000000000005));
#4824=CARTESIAN_POINT('Ctrl Pts',(130.772617057106,-36.5447210315293,0.300000000000005));
#4825=CARTESIAN_POINT('Ctrl Pts',(130.771814277608,-36.5457042314491,0.300000000000005));
#4826=CARTESIAN_POINT('Ctrl Pts',(130.771011666315,-36.5466875777064,0.299996777725635));
#4827=CARTESIAN_POINT('Ctrl Pts',(130.733138790943,-36.5931054537653,0.299692798401323));
#4828=CARTESIAN_POINT('Ctrl Pts',(130.696015420974,-36.6393854416394,0.292524186880901));
#4829=CARTESIAN_POINT('Ctrl Pts',(130.62780718321,-36.725849276852,0.265133811264559));
#4830=CARTESIAN_POINT('Ctrl Pts',(130.595429840985,-36.7675926376646,0.245305469550505));
#4831=CARTESIAN_POINT('Ctrl Pts',(130.544602154022,-36.8340509027324,0.19729859363927));
#4832=CARTESIAN_POINT('Ctrl Pts',(130.523899183051,-36.8614673696913,0.171423673034001));
#4833=CARTESIAN_POINT('Ctrl Pts',(130.496177794392,-36.8984645077149,0.118985880977787));
#4834=CARTESIAN_POINT('Ctrl Pts',(130.486815949557,-36.9110502243775,0.0951094657361321));
#4835=CARTESIAN_POINT('Ctrl Pts',(130.475422469693,-36.9264019778109,0.0467872276829219));
#4836=CARTESIAN_POINT('Ctrl Pts',(130.472617057106,-36.9301976362978,0.0237091338500299));
#4837=CARTESIAN_POINT('Ctrl Pts',(130.472617057106,-36.9301976362967,-1.06190515207873E-11));
#4838=CARTESIAN_POINT('Ctrl Pts',(131.072617057106,-36.7974288620818,-6.78636452836786E-12));
#4839=CARTESIAN_POINT('Ctrl Pts',(131.072617057107,-36.7974288620823,0.0298726416954041));
#4840=CARTESIAN_POINT('Ctrl Pts',(131.068162552367,-36.793548911916,0.0591051563020305));
#4841=CARTESIAN_POINT('Ctrl Pts',(131.05034335872,-36.7780924028576,0.118016664570366));
#4842=CARTESIAN_POINT('Ctrl Pts',(131.036271904071,-36.7659119108117,0.146280534749599));
#4843=CARTESIAN_POINT('Ctrl Pts',(130.997050829549,-36.7321972390613,0.20277493614157));
#4844=CARTESIAN_POINT('Ctrl Pts',(130.970130419067,-36.7092027890193,0.228551849951667));
#4845=CARTESIAN_POINT('Ctrl Pts',(130.91598715964,-36.6634408205211,0.265235464455953));
#4846=CARTESIAN_POINT('Ctrl Pts',(130.889240894619,-36.6410069398219,0.27789868364522));
#4847=CARTESIAN_POINT('Ctrl Pts',(130.833516802774,-36.5946817933991,0.295238288374495));
#4848=CARTESIAN_POINT('Ctrl Pts',(130.804297953648,-36.5706003869015,0.299753087885218));
#4849=CARTESIAN_POINT('Ctrl Pts',(130.774238038315,-36.5460447169878,0.299996715215931));
#4850=CARTESIAN_POINT('Ctrl Pts',(130.773427585841,-36.5453828255735,0.300000000000005));
#4851=CARTESIAN_POINT('Ctrl Pts',(130.772617057106,-36.5447210315293,0.300000000000005));
#4852=CARTESIAN_POINT('Origin',(130.772617057106,-40.6601193369521,0.));
#4853=CARTESIAN_POINT('',(130.725802083859,-36.5066726456998,0.296324751379114));
#4854=CARTESIAN_POINT('Ctrl Pts',(130.725802083859,-36.5066726456998,0.296324751379114));
#4855=CARTESIAN_POINT('Ctrl Pts',(130.740553316788,-36.5186066445746,0.298655230259863));
#4856=CARTESIAN_POINT('Ctrl Pts',(130.755390284568,-36.5306617302435,0.299870232581428));
#4857=CARTESIAN_POINT('Ctrl Pts',(130.770996205289,-36.5433977709352,0.299996716373954));
#4858=CARTESIAN_POINT('Ctrl Pts',(130.771806671257,-36.5440593541506,0.300000000000005));
#4859=CARTESIAN_POINT('Ctrl Pts',(130.772617057106,-36.5447210315293,0.300000000000005));
#4860=CARTESIAN_POINT('',(130.772615795475,-36.4598576724529,0.300000000000005));
#4861=CARTESIAN_POINT('Origin',(130.772617057106,-36.4598576724529,0.));
#4862=CARTESIAN_POINT('',(131.072617057106,-36.1598576724529,0.));
#4863=CARTESIAN_POINT('Origin',(130.772617057106,-36.4598576724529,0.));
#4864=CARTESIAN_POINT('',(131.072617057106,-36.1923804781299,0.));
#4865=CARTESIAN_POINT('',(131.072617057106,-40.6601193369521,0.));
#4866=CARTESIAN_POINT('Ctrl Pts',(130.772617057106,-36.5447210315293,0.300000000000005));
#4867=CARTESIAN_POINT('Ctrl Pts',(130.773419527352,-36.5437382103654,0.300000000000005));
#4868=CARTESIAN_POINT('Ctrl Pts',(130.774222174487,-36.5427555246321,0.299996780207766));
#4869=CARTESIAN_POINT('Ctrl Pts',(130.808462162035,-36.5008503005336,0.299721947287011));
#4870=CARTESIAN_POINT('Ctrl Pts',(130.842522678696,-36.4597930105758,0.293858661122925));
#4871=CARTESIAN_POINT('Ctrl Pts',(130.906210307194,-36.3840777669708,0.270583567652753));
#4872=CARTESIAN_POINT('Ctrl Pts',(130.936630151953,-36.3484017532612,0.25381391672641));
#4873=CARTESIAN_POINT('Ctrl Pts',(130.988888049367,-36.2877691777791,0.210304852258953));
#4874=CARTESIAN_POINT('Ctrl Pts',(131.011800497298,-36.2614747953192,0.184720446943075));
#4875=CARTESIAN_POINT('Ctrl Pts',(131.043958619692,-36.2248027802309,0.130660521253366));
#4876=CARTESIAN_POINT('Ctrl Pts',(131.055180653672,-36.2120869157275,0.104965667128321));
#4877=CARTESIAN_POINT('Ctrl Pts',(131.069143495409,-36.196294917122,0.0521028922553366));
#4878=CARTESIAN_POINT('Ctrl Pts',(131.072617057107,-36.192380478129,0.026366136374333));
#4879=CARTESIAN_POINT('Ctrl Pts',(131.072617057106,-36.1923804781299,-8.56393449719779E-12));
#4880=CARTESIAN_POINT('Origin',(126.572356703521,-40.6601192876696,0.));
#4881=CARTESIAN_POINT('',(128.592512713843,-43.9964346983749,0.));
#4882=CARTESIAN_POINT('',(126.572356384593,-36.7598576724529,0.));
#4883=CARTESIAN_POINT('Origin',(126.572356703521,-40.6601192876696,0.));
#4884=CARTESIAN_POINT('',(129.092512777681,-44.0203276740309,0.300000000000005));
#4885=CARTESIAN_POINT('Ctrl Pts',(129.092512777681,-44.0203276740309,0.300000000000005));
#4886=CARTESIAN_POINT('Ctrl Pts',(129.091158795397,-44.0203276741024,0.300000000000005));
#4887=CARTESIAN_POINT('Ctrl Pts',(129.089804805013,-44.0203271504072,0.299996700119718));
#4888=CARTESIAN_POINT('Ctrl Pts',(129.027135087314,-44.0202786689735,0.2996912174714));
#4889=CARTESIAN_POINT('Ctrl Pts',(128.965052914499,-44.0191175611117,0.292626796408896));
#4890=CARTESIAN_POINT('Ctrl Pts',(128.851096051017,-44.0150567269678,0.265069407745404));
#4891=CARTESIAN_POINT('Ctrl Pts',(128.797022385345,-44.0122277981331,0.245297015016781));
#4892=CARTESIAN_POINT('Ctrl Pts',(128.712401633528,-44.0066658023324,0.197179535590298));
#4893=CARTESIAN_POINT('Ctrl Pts',(128.678182610244,-44.0040120936211,0.171563277037316));
#4894=CARTESIAN_POINT('Ctrl Pts',(128.63201369681,-44.0001057702354,0.119309135042695));
#4895=CARTESIAN_POINT('Ctrl Pts',(128.616350678188,-43.9986763139518,0.0954323309688996));
#4896=CARTESIAN_POINT('Ctrl Pts',(128.597229970959,-43.996892413099,0.0469909711273968));
#4897=CARTESIAN_POINT('Ctrl Pts',(128.592512713841,-43.9964346983748,0.0238071307601588));
#4898=CARTESIAN_POINT('Ctrl Pts',(128.592512713843,-43.9964346983749,-1.04013853810485E-11));
#4899=CARTESIAN_POINT('',(129.092512797123,-44.3885447615033,0.));
#4900=CARTESIAN_POINT('Ctrl Pts',(129.092512797123,-44.3885447615033,-2.48179493613777E-12));
#4901=CARTESIAN_POINT('Ctrl Pts',(129.092512797123,-44.3885447615034,0.0153411738899959));
#4902=CARTESIAN_POINT('Ctrl Pts',(129.092512797048,-44.3871251281199,0.0306157777631244));
#4903=CARTESIAN_POINT('Ctrl Pts',(129.092512796576,-44.3781927945849,0.0786132956995877));
#4904=CARTESIAN_POINT('Ctrl Pts',(129.092512795915,-44.3656241845685,0.10977986196486));
#4905=CARTESIAN_POINT('Ctrl Pts',(129.092512793901,-44.32747448455,0.170486169408672));
#4906=CARTESIAN_POINT('Ctrl Pts',(129.092512792494,-44.300871329497,0.198381081244705));
#4907=CARTESIAN_POINT('Ctrl Pts',(129.092512789074,-44.2360959905433,0.246973866418683));
#4908=CARTESIAN_POINT('Ctrl Pts',(129.092512787026,-44.1973136449565,0.266206251919331));
#4909=CARTESIAN_POINT('Ctrl Pts',(129.092512782607,-44.1136198999622,0.292890417375528));
#4910=CARTESIAN_POINT('Ctrl Pts',(129.092512780224,-44.068467195728,0.299695866439104));
#4911=CARTESIAN_POINT('Ctrl Pts',(129.092512777789,-44.0223656719634,0.299996677256724));
#4912=CARTESIAN_POINT('Ctrl Pts',(129.092512777735,-44.0213466721299,0.300000000000005));
#4913=CARTESIAN_POINT('Ctrl Pts',(129.092512777681,-44.0203276740309,0.300000000000005));
#4914=CARTESIAN_POINT('',(126.572356391633,-36.1598576724529,0.));
#4915=CARTESIAN_POINT('Origin',(126.572356703521,-40.6601192876696,0.));
#4916=CARTESIAN_POINT('',(126.572356388113,-36.4598576724529,0.300000000000005));
#4917=CARTESIAN_POINT('Origin',(126.572356388113,-36.4598576724529,0.));
#4918=CARTESIAN_POINT('Origin',(126.572356388113,-36.4598576724529,0.));
#4919=CARTESIAN_POINT('Origin',(130.772615795475,-36.4598576724529,0.));
#4920=CARTESIAN_POINT('',(129.367606213053,-36.7598576724529,0.));
#4921=CARTESIAN_POINT('Ctrl Pts',(129.367606213053,-36.7598576724529,-2.16070454748885E-11));
#4922=CARTESIAN_POINT('Ctrl Pts',(129.367606213051,-36.7598576724534,0.00713368812845724));
#4923=CARTESIAN_POINT('Ctrl Pts',(129.368557238952,-36.7596033665738,0.0141467689607111));
#4924=CARTESIAN_POINT('Ctrl Pts',(129.372279280644,-36.7586098650817,0.0282845660863615));
#4925=CARTESIAN_POINT('Ctrl Pts',(129.375101349876,-36.7578571949966,0.0352228170938526));
#4926=CARTESIAN_POINT('Ctrl Pts',(129.386576464476,-36.7548054465743,0.0569019957578561));
#4927=CARTESIAN_POINT('Ctrl Pts',(129.398102030263,-36.7517537814487,0.0702778539391704));
#4928=CARTESIAN_POINT('Ctrl Pts',(129.452357223258,-36.7375309890407,0.120492432015804));
#4929=CARTESIAN_POINT('Ctrl Pts',(129.51565733788,-36.721473296184,0.148193652457473));
#4930=CARTESIAN_POINT('Ctrl Pts',(129.679995038632,-36.6813353581142,0.209151390175803));
#4931=CARTESIAN_POINT('Ctrl Pts',(129.851924939702,-36.6412072085558,0.24365590668418));
#4932=CARTESIAN_POINT('Ctrl Pts',(130.275126484048,-36.5641421917556,0.284053174059829));
#4933=CARTESIAN_POINT('Ctrl Pts',(130.490000591479,-36.5315668643168,0.292391829228225));
#4934=CARTESIAN_POINT('Ctrl Pts',(130.725802083859,-36.5066726456998,0.296324751379112));
#4935=CARTESIAN_POINT('',(130.772615795475,-36.7598576724529,0.));
#4936=CARTESIAN_POINT('',(130.772615795475,-36.1598576724529,0.));
#4937=CARTESIAN_POINT('Origin',(126.572356703521,-40.6601192876696,0.));
#4938=CARTESIAN_POINT('',(129.592512838997,-43.9964346455755,0.));
#4939=CARTESIAN_POINT('Origin',(126.572356703521,-40.6601192876696,0.));
#4940=CARTESIAN_POINT('Ctrl Pts',(129.092512777681,-44.0203276740309,0.300000000000005));
#4941=CARTESIAN_POINT('Ctrl Pts',(129.09386676822,-44.0203276739594,0.300000000000005));
#4942=CARTESIAN_POINT('Ctrl Pts',(129.095220766869,-44.0203271501147,0.299996700079451));
#4943=CARTESIAN_POINT('Ctrl Pts',(129.157876406916,-44.0202786726611,0.299691284189652));
#4944=CARTESIAN_POINT('Ctrl Pts',(129.219943938248,-44.0191181002866,0.292630035896116));
#4945=CARTESIAN_POINT('Ctrl Pts',(129.333891480325,-44.0150584873329,0.265081994878822));
#4946=CARTESIAN_POINT('Ctrl Pts',(129.387968817876,-44.0122297444318,0.245311975592368));
#4947=CARTESIAN_POINT('Ctrl Pts',(129.472602256909,-44.0066673953175,0.197195266077236));
#4948=CARTESIAN_POINT('Ctrl Pts',(129.506829706269,-44.0040131330533,0.171576035814628));
#4949=CARTESIAN_POINT('Ctrl Pts',(129.553007670422,-44.0001061010149,0.119315390534548));
#4950=CARTESIAN_POINT('Ctrl Pts',(129.568673049417,-43.9986764328961,0.0954364086872311));
#4951=CARTESIAN_POINT('Ctrl Pts',(129.587795384868,-43.9968923800962,0.046991931006624));
#4952=CARTESIAN_POINT('Ctrl Pts',(129.592512838998,-43.9964346455754,0.023807628749984));
#4953=CARTESIAN_POINT('Ctrl Pts',(129.592512838997,-43.9964346455755,-1.04015675103524E-11));
#4954=CARTESIAN_POINT('',(129.092512757433,-43.6368363198509,0.));
#4955=CARTESIAN_POINT('Ctrl Pts',(129.092512757433,-43.6368363198509,-4.02073465050284E-12));
#4956=CARTESIAN_POINT('Ctrl Pts',(129.092512757433,-43.6368363198506,0.0172071113569591));
#4957=CARTESIAN_POINT('Ctrl Pts',(129.092512757536,-43.6387750690166,0.0342840915464477));
#4958=CARTESIAN_POINT('Ctrl Pts',(129.092512758105,-43.6495524320321,0.0819368110668158));
#4959=CARTESIAN_POINT('Ctrl Pts',(129.092512758711,-43.6626003905777,0.110898731029883));
#4960=CARTESIAN_POINT('Ctrl Pts',(129.092512760767,-43.7017251568624,0.169298520420583));
#4961=CARTESIAN_POINT('Ctrl Pts',(129.092512762331,-43.7295947633006,0.196865512083716));
#4962=CARTESIAN_POINT('Ctrl Pts',(129.092512765893,-43.7970620840842,0.245625288067106));
#4963=CARTESIAN_POINT('Ctrl Pts',(129.09251276805,-43.8379184764876,0.265355978801726));
#4964=CARTESIAN_POINT('Ctrl Pts',(129.092512772628,-43.9246236785927,0.292545533490248));
#4965=CARTESIAN_POINT('Ctrl Pts',(129.092512775077,-43.9710148673842,0.299688416500079));
#4966=CARTESIAN_POINT('Ctrl Pts',(129.092512777574,-44.0182890186183,0.299996675112514));
#4967=CARTESIAN_POINT('Ctrl Pts',(129.092512777628,-44.0193083471954,0.300000000000005));
#4968=CARTESIAN_POINT('Ctrl Pts',(129.092512777681,-44.0203276740309,0.300000000000005));
#4969=CARTESIAN_POINT('Origin',(126.572356703521,-40.6601192876696,0.));
#4970=CARTESIAN_POINT('Origin',(136.524999955297,-50.1649999552965,0.));
#4971=CARTESIAN_POINT('Origin',(131.612668497008,-40.6601190215442,0.));
#4972=CARTESIAN_POINT('Origin',(136.524999955297,-50.1649999552965,0.));
#4973=CARTESIAN_POINT('',(142.008814637489,-83.0105432701309,0.));
#4974=CARTESIAN_POINT('',(147.343910056067,-83.0105432701309,0.));
#4975=CARTESIAN_POINT('',(141.934455005682,-83.0105432701309,0.));
#4976=CARTESIAN_POINT('',(142.008814637489,-77.0505432701309,0.));
#4977=CARTESIAN_POINT('',(142.008814637489,-84.2805432701309,0.));
#4978=CARTESIAN_POINT('',(140.738814637489,-75.7805432701309,0.));
#4979=CARTESIAN_POINT('Origin',(140.738814637489,-77.050543270131,0.));
#4980=CARTESIAN_POINT('',(132.278814637489,-75.7805432701309,0.));
#4981=CARTESIAN_POINT('',(140.738814637489,-75.7805432701309,0.));
#4982=CARTESIAN_POINT('',(131.008814637489,-77.0505432701309,0.));
#4983=CARTESIAN_POINT('Origin',(132.278814637489,-77.050543270131,0.));
#4984=CARTESIAN_POINT('',(131.008814637489,-83.0105432701309,0.));
#4985=CARTESIAN_POINT('',(131.008814637489,-77.0505432701309,0.));
#4986=CARTESIAN_POINT('',(125.704645526517,-83.0105432701309,0.));
#4987=CARTESIAN_POINT('',(133.766907296393,-83.0105432701309,0.));
#4988=CARTESIAN_POINT('',(123.717675471383,-83.8335732149967,0.));
#4989=CARTESIAN_POINT('Origin',(125.704645526517,-85.8205432701309,0.));
#4990=CARTESIAN_POINT('',(106.741902775416,-100.809345910963,0.));
#4991=CARTESIAN_POINT('',(135.336649907286,-72.2145987790932,0.));
#4992=CARTESIAN_POINT('',(103.72255681975,-102.059999955297,0.));
#4993=CARTESIAN_POINT('Origin',(103.72255681975,-97.7899999552964,0.));
#4994=CARTESIAN_POINT('',(67.9449999552965,-102.059999955297,0.));
#4995=CARTESIAN_POINT('',(120.123778387523,-102.059999955297,0.));
#4996=CARTESIAN_POINT('',(63.6749999552965,-97.7899999552965,0.));
#4997=CARTESIAN_POINT('Origin',(67.9449999552965,-97.7899999552965,0.));
#4998=CARTESIAN_POINT('',(63.6749999552965,-80.7399999552965,0.));
#4999=CARTESIAN_POINT('',(63.6749999552965,-73.9774999552965,0.));
#5000=CARTESIAN_POINT('',(60.8649999552965,-77.9299999552965,0.));
#5001=CARTESIAN_POINT('Origin',(60.8649999552965,-80.7399999552965,0.));
#5002=CARTESIAN_POINT('',(4.44499995529652,-77.9299999552965,0.));
#5003=CARTESIAN_POINT('',(98.6949999552965,-77.9299999552965,0.));
#5004=CARTESIAN_POINT('',(-1.73000004470348,-71.7549999552965,0.));
#5005=CARTESIAN_POINT('Origin',(4.44499995529652,-71.7549999552965,0.));
#5006=CARTESIAN_POINT('',(-1.73000004470348,-4.44499995529652,0.));
#5007=CARTESIAN_POINT('',(-1.73000004470348,-60.9599999552965,0.));
#5008=CARTESIAN_POINT('',(4.44499995529652,1.73000004470349,0.));
#5009=CARTESIAN_POINT('Origin',(4.44499995529651,-4.44499995529651,0.));
#5010=CARTESIAN_POINT('',(129.00000192225,1.73000004470349,0.));
#5011=CARTESIAN_POINT('',(70.4849999552965,1.73000004470349,0.));
#5012=CARTESIAN_POINT('',(129.00000192225,-16.7300002682209,0.));
#5013=CARTESIAN_POINT('',(129.00000192225,-23.5824999552965,0.));
#5014=CARTESIAN_POINT('',(130.27000192225,-18.0000002682209,0.));
#5015=CARTESIAN_POINT('Origin',(130.27000192225,-16.7300002682209,0.));
#5016=CARTESIAN_POINT('',(142.730002145767,-18.0000002682209,0.));
#5017=CARTESIAN_POINT('',(133.397500938773,-18.0000002682209,0.));
#5018=CARTESIAN_POINT('',(144.000002145767,-16.7300002682209,0.));
#5019=CARTESIAN_POINT('Origin',(142.730002145767,-16.7300002682209,0.));
#5020=CARTESIAN_POINT('',(144.000002145767,1.73000004470348,0.));
#5021=CARTESIAN_POINT('',(144.000002145767,-33.4475001117587,0.));
#5022=CARTESIAN_POINT('',(268.604999955297,1.73000004470348,0.));
#5023=CARTESIAN_POINT('',(70.4849999552965,1.73000004470349,0.));
#5024=CARTESIAN_POINT('',(274.779999955296,-4.44499995529651,0.));
#5025=CARTESIAN_POINT('Origin',(268.604999955297,-4.44499995529647,0.));
#5026=CARTESIAN_POINT('',(274.779999955296,-71.7549999552965,0.));
#5027=CARTESIAN_POINT('',(274.779999955297,-27.3049999552966,0.));
#5028=CARTESIAN_POINT('',(268.604999955297,-77.9299999552965,0.));
#5029=CARTESIAN_POINT('Origin',(268.604999955297,-71.7549999552965,0.));
#5030=CARTESIAN_POINT('',(212.184999955296,-77.9299999552965,0.));
#5031=CARTESIAN_POINT('',(202.564999955297,-77.9299999552965,0.));
#5032=CARTESIAN_POINT('',(209.374999955296,-80.7399999552965,0.));
#5033=CARTESIAN_POINT('Origin',(212.184999955297,-80.7399999552966,0.));
#5034=CARTESIAN_POINT('',(209.374999955297,-97.7899999552965,0.));
#5035=CARTESIAN_POINT('',(209.374999955297,-65.4524999552965,0.));
#5036=CARTESIAN_POINT('',(205.104999955297,-102.059999955297,0.));
#5037=CARTESIAN_POINT('Origin',(205.104999955296,-97.7899999552965,0.));
#5038=CARTESIAN_POINT('',(169.327590914745,-102.059999955297,0.));
#5039=CARTESIAN_POINT('',(170.814999955297,-102.059999955297,0.));
#5040=CARTESIAN_POINT('',(166.308386546491,-100.809487491737,0.));
#5041=CARTESIAN_POINT('Origin',(169.327590914745,-97.7899999552964,0.));
#5042=CARTESIAN_POINT('',(149.330786935409,-83.8334800435743,0.));
#5043=CARTESIAN_POINT('',(146.200719764431,-80.7037064109644,0.));
#5044=CARTESIAN_POINT('Origin',(147.343910056067,-85.820543270131,0.));
#5045=CARTESIAN_POINT('',(131.612668159072,-45.1603793751293,0.));
#5046=CARTESIAN_POINT('Origin',(131.612668497008,-40.6601190215442,0.));
#5047=CARTESIAN_POINT('',(136.112928850593,-45.1603800510007,0.));
#5048=CARTESIAN_POINT('',(131.612668136544,-45.1603793751293,0.));
#5049=CARTESIAN_POINT('',(136.112928850593,-45.1278572206443,0.));
#5050=CARTESIAN_POINT('',(136.112928850593,-44.8603800059452,0.));
#5051=CARTESIAN_POINT('',(136.652981146607,-45.160379109004,-3.67394039744204E-17));
#5052=CARTESIAN_POINT('Origin',(136.65298092131,-40.6601190215442,0.));
#5053=CARTESIAN_POINT('',(137.193032361211,-45.1603800059452,0.));
#5054=CARTESIAN_POINT('',(140.853241274895,-45.160379109004,0.));
#5055=CARTESIAN_POINT('',(141.693293030204,-45.1603800059451,0.));
#5056=CARTESIAN_POINT('',(137.493032361211,-45.1603800059452,0.));
#5057=CARTESIAN_POINT('',(144.213449475669,-44.3885446751648,0.));
#5058=CARTESIAN_POINT('Origin',(141.693292714796,-40.6601196523601,0.));
#5059=CARTESIAN_POINT('',(151.233866123499,-40.6601193278002,0.));
#5060=CARTESIAN_POINT('Origin',(146.733605769914,-40.6601193369521,0.));
#5061=CARTESIAN_POINT('',(151.233865986213,-36.1598589340846,0.));
#5062=CARTESIAN_POINT('',(151.233865995364,-36.4598589249327,0.));
#5063=CARTESIAN_POINT('',(142.233345416329,-36.1598589340846,0.));
#5064=CARTESIAN_POINT('',(142.533345416329,-36.1598589340846,0.));
#5065=CARTESIAN_POINT('',(142.233345416329,-36.1923812614494,0.));
#5066=CARTESIAN_POINT('',(142.233345416329,-40.6601193369521,0.));
#5067=CARTESIAN_POINT('',(139.17313704707,-36.9316938906642,0.));
#5068=CARTESIAN_POINT('Origin',(141.693292714796,-40.6601196523601,0.));
#5069=CARTESIAN_POINT('',(136.652979975086,-36.1598589340846,-3.67394039744204E-17));
#5070=CARTESIAN_POINT('Origin',(136.65298092131,-40.6601190215442,0.));
#5071=CARTESIAN_POINT('',(134.552849640589,-36.1598589340846,-3.67394039744204E-17));
#5072=CARTESIAN_POINT('',(134.552849640589,-36.1598589340846,0.));
#5073=CARTESIAN_POINT('',(132.152719482107,-36.15985920021,0.));
#5074=CARTESIAN_POINT('',(132.452719306093,-36.15985920021,0.));
#5075=CARTESIAN_POINT('',(132.152719491876,-36.1923804243352,0.));
#5076=CARTESIAN_POINT('',(132.15272083385,-40.6601194270631,0.));
#5077=CARTESIAN_POINT('Origin',(131.612668497008,-40.6601190215442,0.));
#5078=CARTESIAN_POINT('',(93.0049999552965,-78.7399999552965,0.));
#5079=CARTESIAN_POINT('Origin',(90.8049999552965,-78.7399999552965,0.));
#5080=CARTESIAN_POINT('',(184.444999955296,-78.7399999552965,0.));
#5081=CARTESIAN_POINT('Origin',(182.244999955296,-78.7399999552965,0.));
#5082=CARTESIAN_POINT('',(127.294999955297,-22.2249999552965,0.));
#5083=CARTESIAN_POINT('Origin',(125.094999955297,-22.2249999552965,0.));
#5084=CARTESIAN_POINT('',(150.154999955297,-22.2249999552965,0.));
#5085=CARTESIAN_POINT('Origin',(147.954999955297,-22.2249999552965,0.));
#5086=CARTESIAN_POINT('',(270.804999955296,-71.7549999552965,0.));
#5087=CARTESIAN_POINT('Origin',(268.604999955297,-71.7549999552965,0.));
#5088=CARTESIAN_POINT('',(270.804999955297,-4.44499995529652,0.));
#5089=CARTESIAN_POINT('Origin',(268.604999955297,-4.44499995529652,0.));
#5090=CARTESIAN_POINT('',(6.64499995529652,-71.7549999552965,0.));
#5091=CARTESIAN_POINT('Origin',(4.44499995529652,-71.7549999552965,0.));
#5092=CARTESIAN_POINT('',(6.64499995529652,-4.44499995529652,0.));
#5093=CARTESIAN_POINT('Origin',(4.44499995529652,-4.44499995529652,0.));
#5094=CARTESIAN_POINT('Origin',(131.612668497008,-40.6601190215442,0.));
#5095=CARTESIAN_POINT('',(131.612668204127,-44.5603793751293,-3.67394039744212E-17));
#5096=CARTESIAN_POINT('Origin',(131.612668497008,-40.6601190215442,0.));
#5097=CARTESIAN_POINT('Origin',(131.6126681816,-44.8603793751293,0.));
#5098=CARTESIAN_POINT('Origin',(131.612668497008,-40.6601190215442,0.));
#5099=CARTESIAN_POINT('Origin',(131.612668497008,-40.6601190215442,0.));
#5100=CARTESIAN_POINT('Origin',(131.612668497008,-40.6601190215442,0.));
#5101=CARTESIAN_POINT('',(132.452719597708,-36.5447209622904,0.300000000000005));
#5102=CARTESIAN_POINT('Ctrl Pts',(132.452719597708,-36.5447209622904,0.300000000000005));
#5103=CARTESIAN_POINT('Ctrl Pts',(132.451917126823,-36.5437381407275,0.300000000000005));
#5104=CARTESIAN_POINT('Ctrl Pts',(132.451114479173,-36.5427554547376,0.299996780205614));
#5105=CARTESIAN_POINT('Ctrl Pts',(132.416875705254,-36.5008517324563,0.299721957023458));
#5106=CARTESIAN_POINT('Ctrl Pts',(132.38281646337,-36.4597959713779,0.293859091309627));
#5107=CARTESIAN_POINT('Ctrl Pts',(132.319130894984,-36.3840831289571,0.270585699016194));
#5108=CARTESIAN_POINT('Ctrl Pts',(132.288711931694,-36.3484081103718,0.253817245508969));
#5109=CARTESIAN_POINT('Ctrl Pts',(132.236453647475,-36.2877750123884,0.210310193703388));
#5110=CARTESIAN_POINT('Ctrl Pts',(132.213540186574,-36.2614794462133,0.18472590010353));
#5111=CARTESIAN_POINT('Ctrl Pts',(132.181380512201,-36.2248056462605,0.130665906705595));
#5112=CARTESIAN_POINT('Ctrl Pts',(132.170157854694,-36.2120890729899,0.104971019898407));
#5113=CARTESIAN_POINT('Ctrl Pts',(132.156193999699,-36.1962959292822,0.0521082354740364));
#5114=CARTESIAN_POINT('Ctrl Pts',(132.152719491876,-36.1923804243352,0.0263661981976052));
#5115=CARTESIAN_POINT('Ctrl Pts',(132.152719491876,-36.1923804243352,-3.67394039744204E-17));
#5116=CARTESIAN_POINT('',(132.152719673614,-36.7974288252699,0.));
#5117=CARTESIAN_POINT('Ctrl Pts',(132.152719673614,-36.7974288252699,3.67394039744212E-17));
#5118=CARTESIAN_POINT('Ctrl Pts',(132.152719673614,-36.7974288252699,0.0298726930465361));
#5119=CARTESIAN_POINT('Ctrl Pts',(132.157175246204,-36.7935479448766,0.0591104777056771));
#5120=CARTESIAN_POINT('Ctrl Pts',(132.174995551316,-36.7780904713249,0.118021881603595));
#5121=CARTESIAN_POINT('Ctrl Pts',(132.189067656771,-36.76590941829,0.146285692932784));
#5122=CARTESIAN_POINT('Ctrl Pts',(132.228290223458,-36.7321934767919,0.202779825587284));
#5123=CARTESIAN_POINT('Ctrl Pts',(132.25521152345,-36.7091982825972,0.228556442260314));
#5124=CARTESIAN_POINT('Ctrl Pts',(132.309354930499,-36.6634362310082,0.265238234266942));
#5125=CARTESIAN_POINT('Ctrl Pts',(132.336100279828,-36.6410031343034,0.277900448963112));
#5126=CARTESIAN_POINT('Ctrl Pts',(132.391822276265,-36.5946797453199,0.295238660061062));
#5127=CARTESIAN_POINT('Ctrl Pts',(132.421039913022,-36.5705993377332,0.299753097603249));
#5128=CARTESIAN_POINT('Ctrl Pts',(132.451098616592,-36.5460446482004,0.299996715214527));
#5129=CARTESIAN_POINT('Ctrl Pts',(132.451909069061,-36.5453827565214,0.300000000000005));
#5130=CARTESIAN_POINT('Ctrl Pts',(132.452719597708,-36.5447209622904,0.300000000000005));
#5131=CARTESIAN_POINT('Origin',(131.612668497008,-40.6601190215442,0.));
#5132=CARTESIAN_POINT('Origin',(135.812928850593,-44.8603800059452,0.));
#5133=CARTESIAN_POINT('',(135.512928850593,-40.6601193594799,0.));
#5134=CARTESIAN_POINT('',(135.512928850593,-44.3900399357039,0.));
#5135=CARTESIAN_POINT('',(135.512928850593,-44.8603800059452,0.));
#5136=CARTESIAN_POINT('',(135.812928850593,-40.6601193369522,0.300000000000005));
#5137=CARTESIAN_POINT('Origin',(135.812928850593,-40.6601193369522,0.));
#5138=CARTESIAN_POINT('',(136.112928850593,-40.6601193144244,0.));
#5139=CARTESIAN_POINT('Origin',(135.812928850593,-40.6601193369522,0.));
#5140=CARTESIAN_POINT('',(136.112928850593,-44.5228088240971,0.));
#5141=CARTESIAN_POINT('',(136.112928850593,-44.8603800059452,0.));
#5142=CARTESIAN_POINT('',(135.812928850593,-44.7755166111814,0.299999999999998));
#5143=CARTESIAN_POINT('Ctrl Pts',(135.812928850593,-44.7755166111814,0.299999999999998));
#5144=CARTESIAN_POINT('Ctrl Pts',(135.813739379461,-44.7748548171408,0.299999999999998));
#5145=CARTESIAN_POINT('Ctrl Pts',(135.814549832058,-44.7741929257391,0.299996715214904));
#5146=CARTESIAN_POINT('Ctrl Pts',(135.844608544333,-44.749638242746,0.29975309759559));
#5147=CARTESIAN_POINT('Ctrl Pts',(135.873826188971,-44.7255578421912,0.295238659753901));
#5148=CARTESIAN_POINT('Ctrl Pts',(135.929548200888,-44.6792344660804,0.277900447590383));
#5149=CARTESIAN_POINT('Ctrl Pts',(135.956293557715,-44.656801375504,0.265238232093623));
#5150=CARTESIAN_POINT('Ctrl Pts',(136.010436978241,-44.6110393377683,0.228556438727058));
#5151=CARTESIAN_POINT('Ctrl Pts',(136.037358284389,-44.5880441509559,0.202779821940231));
#5152=CARTESIAN_POINT('Ctrl Pts',(136.076580859709,-44.554328220531,0.146285689631804));
#5153=CARTESIAN_POINT('Ctrl Pts',(136.090652968187,-44.5421471715475,0.118021878814323));
#5154=CARTESIAN_POINT('Ctrl Pts',(136.108473277063,-44.5266897031882,0.0591104761872534));
#5155=CARTESIAN_POINT('Ctrl Pts',(136.112928850593,-44.5228088240971,0.0298726922903096));
#5156=CARTESIAN_POINT('Ctrl Pts',(136.112928850593,-44.5228088240971,3.67394039744204E-17));
#5157=CARTESIAN_POINT('Ctrl Pts',(135.512928850593,-44.3900399357039,3.67394039744204E-17));
#5158=CARTESIAN_POINT('Ctrl Pts',(135.512928850593,-44.3900399357039,0.0237092028303477));
#5159=CARTESIAN_POINT('Ctrl Pts',(135.515735113723,-44.393836744072,0.0467925908612316));
#5160=CARTESIAN_POINT('Ctrl Pts',(135.527129531759,-44.4091897578784,0.0951149611587281));
#5161=CARTESIAN_POINT('Ctrl Pts',(135.536491991916,-44.4217762947857,0.1189915212911));
#5162=CARTESIAN_POINT('Ctrl Pts',(135.564215018859,-44.4587755874657,0.171429711794538));
#5163=CARTESIAN_POINT('Ctrl Pts',(135.584919151688,-44.486193554271,0.197304715636548));
#5164=CARTESIAN_POINT('Ctrl Pts',(135.635747496464,-44.5526525495598,0.245309427484689));
#5165=CARTESIAN_POINT('Ctrl Pts',(135.66812393048,-44.5943946671598,0.265136352091058));
#5166=CARTESIAN_POINT('Ctrl Pts',(135.736330018258,-44.6808556820413,0.292524724845694));
#5167=CARTESIAN_POINT('Ctrl Pts',(135.773451974933,-44.7271338849374,0.299692809456967));
#5168=CARTESIAN_POINT('Ctrl Pts',(135.81132345924,-44.7735500639839,0.2999967777234));
#5169=CARTESIAN_POINT('Ctrl Pts',(135.812126070806,-44.7745334107417,0.299999999999998));
#5170=CARTESIAN_POINT('Ctrl Pts',(135.812928850593,-44.7755166111814,0.299999999999998));
#5171=CARTESIAN_POINT('Origin',(135.812928850593,-44.8603800059452,0.));
#5172=CARTESIAN_POINT('',(135.812928850593,-44.8603800059452,0.300000000000005));
#5173=CARTESIAN_POINT('Origin',(135.812928850593,-44.8603800059452,0.));
#5174=CARTESIAN_POINT('',(135.766113857944,-44.8135650062654,0.296324748313891));
#5175=CARTESIAN_POINT('Origin',(135.812928850593,-44.8603800059451,0.));
#5176=CARTESIAN_POINT('Ctrl Pts',(135.812928850593,-44.7755166111814,0.299999999999998));
#5177=CARTESIAN_POINT('Ctrl Pts',(135.812118464617,-44.7761782885512,0.299999999999998));
#5178=CARTESIAN_POINT('Ctrl Pts',(135.811307998513,-44.7768398717643,0.299996716372877));
#5179=CARTESIAN_POINT('Ctrl Pts',(135.795702070659,-44.7895759161214,0.29987023250231));
#5180=CARTESIAN_POINT('Ctrl Pts',(135.780865096586,-44.8016310048299,0.298655229087246));
#5181=CARTESIAN_POINT('Ctrl Pts',(135.766113857944,-44.8135650062654,0.29632474831389));
#5182=CARTESIAN_POINT('Ctrl Pts',(136.112928850593,-45.1278572206443,-3.67394039744204E-17));
#5183=CARTESIAN_POINT('Ctrl Pts',(136.112928850593,-45.1278572206443,0.0263661989452593));
#5184=CARTESIAN_POINT('Ctrl Pts',(136.109454343748,-45.1239417146385,0.0521082369680599));
#5185=CARTESIAN_POINT('Ctrl Pts',(136.095490492743,-45.108148566715,0.104971022634657));
#5186=CARTESIAN_POINT('Ctrl Pts',(136.084267838518,-45.0954319901327,0.13066590994072));
#5187=CARTESIAN_POINT('Ctrl Pts',(136.052108173899,-45.0587581809972,0.18472590371688));
#5188=CARTESIAN_POINT('Ctrl Pts',(136.029194720261,-45.0324626085792,0.210310197261998));
#5189=CARTESIAN_POINT('Ctrl Pts',(135.976936453833,-44.9718294975435,0.253817247829578));
#5190=CARTESIAN_POINT('Ctrl Pts',(135.946517501743,-44.9361544722384,0.270585700590646));
#5191=CARTESIAN_POINT('Ctrl Pts',(135.882831957327,-44.8604416160838,0.293859091686306));
#5192=CARTESIAN_POINT('Ctrl Pts',(135.848772728122,-44.8193858474378,0.29972195704449));
#5193=CARTESIAN_POINT('Ctrl Pts',(135.814533968543,-44.7774821191081,0.299996780205462));
#5194=CARTESIAN_POINT('Ctrl Pts',(135.813731321116,-44.776499432852,0.299999999999998));
#5195=CARTESIAN_POINT('Ctrl Pts',(135.812928850593,-44.7755166111814,0.299999999999998));
#5196=CARTESIAN_POINT('Origin',(131.612668497008,-40.6601190215442,0.));
#5197=CARTESIAN_POINT('',(132.752719713494,-36.9301975680099,0.));
#5198=CARTESIAN_POINT('Origin',(131.612668497008,-40.6601190215442,0.));
#5199=CARTESIAN_POINT('Ctrl Pts',(132.452719597708,-36.5447209622904,0.300000000000005));
#5200=CARTESIAN_POINT('Ctrl Pts',(132.453522377764,-36.5457041625083,0.300000000000005));
#5201=CARTESIAN_POINT('Ctrl Pts',(132.454324989739,-36.5466875092284,0.299996777722803));
#5202=CARTESIAN_POINT('Ctrl Pts',(132.492196488239,-36.593103679523,0.299692809446476));
#5203=CARTESIAN_POINT('Ctrl Pts',(132.52931846047,-36.6393818759051,0.292524724489637));
#5204=CARTESIAN_POINT('Ctrl Pts',(132.597524575693,-36.7258428768184,0.265136350280797));
#5205=CARTESIAN_POINT('Ctrl Pts',(132.629901022779,-36.7675849876349,0.245309424779492));
#5206=CARTESIAN_POINT('Ctrl Pts',(132.680729386954,-36.8340439705261,0.197304711569778));
#5207=CARTESIAN_POINT('Ctrl Pts',(132.7014335273,-36.8614619316358,0.171429707773502));
#5208=CARTESIAN_POINT('Ctrl Pts',(132.729156564058,-36.8984612162364,0.118991517842558));
#5209=CARTESIAN_POINT('Ctrl Pts',(132.738519027471,-36.9110477502949,0.0951149582730756));
#5210=CARTESIAN_POINT('Ctrl Pts',(132.749913449407,-36.9264007605332,0.046792589315416));
#5211=CARTESIAN_POINT('Ctrl Pts',(132.752719713494,-36.9301975680099,0.0237092020537116));
#5212=CARTESIAN_POINT('Ctrl Pts',(132.752719713494,-36.9301975680099,3.67394039744212E-17));
#5213=CARTESIAN_POINT('',(132.499533673617,-36.5066732875473,0.296324891338434));
#5214=CARTESIAN_POINT('Ctrl Pts',(132.499533673617,-36.5066732875473,0.296324891338434));
#5215=CARTESIAN_POINT('Ctrl Pts',(132.484782736939,-36.5186070535047,0.298655278781241));
#5216=CARTESIAN_POINT('Ctrl Pts',(132.46994607095,-36.5306618998065,0.29987023495237));
#5217=CARTESIAN_POINT('Ctrl Pts',(132.454340449378,-36.5433977012899,0.299996716372996));
#5218=CARTESIAN_POINT('Ctrl Pts',(132.453529983524,-36.5440592846803,0.300000000000005));
#5219=CARTESIAN_POINT('Ctrl Pts',(132.452719597708,-36.5447209622904,0.300000000000005));
#5220=CARTESIAN_POINT('',(133.857733435074,-36.7598592002099,0.));
#5221=CARTESIAN_POINT('Ctrl Pts',(133.857733435074,-36.7598592002099,-3.67394039744204E-17));
#5222=CARTESIAN_POINT('Ctrl Pts',(133.857733435074,-36.7598592002099,0.0103533236800734));
#5223=CARTESIAN_POINT('Ctrl Pts',(133.855728782295,-36.7593229009885,0.0203834065893165));
#5224=CARTESIAN_POINT('Ctrl Pts',(133.847504838122,-36.7571305528798,0.0421752558882533));
#5225=CARTESIAN_POINT('Ctrl Pts',(133.840488670339,-36.7552642435836,0.0532899482292923));
#5226=CARTESIAN_POINT('Ctrl Pts',(133.818383340984,-36.7494233145844,0.0803682251724394));
#5227=CARTESIAN_POINT('Ctrl Pts',(133.80027533397,-36.7446801885082,0.0951260681510279));
#5228=CARTESIAN_POINT('Ctrl Pts',(133.741336454187,-36.7294592315207,0.134837102208888));
#5229=CARTESIAN_POINT('Ctrl Pts',(133.690551219866,-36.7167141302743,0.156233741007984));
#5230=CARTESIAN_POINT('Ctrl Pts',(133.499243532491,-36.6704527747566,0.222191874328554));
#5231=CARTESIAN_POINT('Ctrl Pts',(133.287337932811,-36.6219760429359,0.257513241605256));
#5232=CARTESIAN_POINT('Ctrl Pts',(132.847570413273,-36.5491860246689,0.28774628065075));
#5233=CARTESIAN_POINT('Ctrl Pts',(132.679483391652,-36.5256710561549,0.293323580193782));
#5234=CARTESIAN_POINT('Ctrl Pts',(132.499533673617,-36.5066732875473,0.296324891338433));
#5235=CARTESIAN_POINT('Origin',(131.612668497008,-40.6601190215442,0.));
#5236=CARTESIAN_POINT('Origin',(131.6126681816,-44.8603793751293,0.));
#5237=CARTESIAN_POINT('',(134.407918170663,-44.5603797949337,0.));
#5238=CARTESIAN_POINT('',(131.612668226655,-44.5603793751293,0.));
#5239=CARTESIAN_POINT('Ctrl Pts',(135.766113857944,-44.8135650062654,0.296324748313891));
#5240=CARTESIAN_POINT('Ctrl Pts',(135.573406708609,-44.7932203460688,0.29311059300605));
#5241=CARTESIAN_POINT('Ctrl Pts',(135.3943714672,-44.7677045476692,0.286945016825323));
#5242=CARTESIAN_POINT('Ctrl Pts',(134.968633311137,-44.6955811691704,0.255297840258257));
#5243=CARTESIAN_POINT('Ctrl Pts',(134.771209309508,-44.6507572343459,0.221998229015774));
#5244=CARTESIAN_POINT('Ctrl Pts',(134.583158628612,-44.6055314204816,0.159575201290334));
#5245=CARTESIAN_POINT('Ctrl Pts',(134.52863754512,-44.5918870001891,0.137365520899706));
#5246=CARTESIAN_POINT('Ctrl Pts',(134.466568217682,-44.5758702423271,0.0960837927077878));
#5247=CARTESIAN_POINT('Ctrl Pts',(134.447886913938,-44.5709787313065,0.08103962817584));
#5248=CARTESIAN_POINT('Ctrl Pts',(134.42530719859,-44.5650130956164,0.0535150406069886));
#5249=CARTESIAN_POINT('Ctrl Pts',(134.418206373833,-44.5631243216805,0.0423164586583453));
#5250=CARTESIAN_POINT('Ctrl Pts',(134.409928540651,-44.5609176244488,0.0204116752473822));
#5251=CARTESIAN_POINT('Ctrl Pts',(134.407918170663,-44.5603797949337,0.0103680788125976));
#5252=CARTESIAN_POINT('Ctrl Pts',(134.407918170663,-44.5603797949337,-3.67394039744204E-17));
#5253=CARTESIAN_POINT('Origin',(136.524999955297,-50.1649999552965,0.));
#5254=CARTESIAN_POINT('Origin',(136.524999955297,-50.1649999552965,0.));
#5255=CARTESIAN_POINT('',(132.15272083385,-40.6601192468412,-3.67394039744204E-17));
#5256=CARTESIAN_POINT('',(132.15272083385,-40.6601194270631,0.));
#5257=CARTESIAN_POINT('Origin',(136.65298092131,-40.6601190215442,0.));
#5258=CARTESIAN_POINT('Origin',(136.65298092131,-40.6601190215442,0.));
#5259=CARTESIAN_POINT('',(136.652981326828,-44.560379109004,0.));
#5260=CARTESIAN_POINT('Origin',(136.65298092131,-40.6601190215442,0.));
#5261=CARTESIAN_POINT('Origin',(136.652981236718,-44.860379109004,0.));
#5262=CARTESIAN_POINT('Origin',(132.45272083385,-40.6601193369521,0.));
#5263=CARTESIAN_POINT('',(132.75272083385,-40.6601194270631,0.));
#5264=CARTESIAN_POINT('',(132.75272083385,-40.6601192468412,0.));
#5265=CARTESIAN_POINT('Origin',(132.45272083385,-40.6601193369521,0.));
#5266=CARTESIAN_POINT('Origin',(136.524999955297,-50.1649999552965,0.));
#5267=CARTESIAN_POINT('',(134.552849640589,-36.7598589340846,0.));
#5268=CARTESIAN_POINT('',(132.452719306093,-36.7598592002099,0.));
#5269=CARTESIAN_POINT('',(136.652979975086,-36.7598589340846,0.));
#5270=CARTESIAN_POINT('',(134.552849640589,-36.7598589340846,0.));
#5271=CARTESIAN_POINT('',(138.673136967098,-37.3238039434234,0.));
#5272=CARTESIAN_POINT('Origin',(136.65298092131,-40.6601190215442,0.));
#5273=CARTESIAN_POINT('',(137.193032361211,-40.66011965236,0.));
#5274=CARTESIAN_POINT('Origin',(141.693292714796,-40.6601196523601,0.));
#5275=CARTESIAN_POINT('',(137.193032361211,-44.560379109004,0.));
#5276=CARTESIAN_POINT('',(137.193032361211,-40.66011965236,0.));
#5277=CARTESIAN_POINT('',(140.853241274895,-44.560379109004,0.));
#5278=CARTESIAN_POINT('Origin',(140.853241274895,-44.860379109004,0.));
#5279=CARTESIAN_POINT('',(137.493032361211,-44.8603800059452,0.300000000000005));
#5280=CARTESIAN_POINT('Origin',(137.493032361211,-44.860379109004,0.));
#5281=CARTESIAN_POINT('Origin',(137.493032361211,-44.8603800059452,0.));
#5282=CARTESIAN_POINT('Origin',(140.853241008769,-40.6601193369521,0.));
#5283=CARTESIAN_POINT('',(140.853241274895,-44.8603791090039,0.299999999999998));
#5284=CARTESIAN_POINT('',(141.153241008769,-44.5603800059451,0.));
#5285=CARTESIAN_POINT('Origin',(140.853241008769,-44.8603800059451,0.));
#5286=CARTESIAN_POINT('',(140.553241008769,-44.560379109004,0.));
#5287=CARTESIAN_POINT('Origin',(140.853241008769,-44.8603800059451,0.));
#5288=CARTESIAN_POINT('',(140.553241008769,-40.6601192468411,0.));
#5289=CARTESIAN_POINT('',(140.553241008769,-40.6601193369521,0.));
#5290=CARTESIAN_POINT('',(141.153241008769,-40.6601194270631,-3.67394039744204E-17));
#5291=CARTESIAN_POINT('Origin',(140.853241008769,-40.6601193369521,0.));
#5292=CARTESIAN_POINT('',(141.153241008769,-40.6601193369521,0.));
#5293=CARTESIAN_POINT('Origin',(136.65298092131,-40.6601190215442,0.));
#5294=CARTESIAN_POINT('',(139.173137016826,-37.2999109838565,0.299999999999998));
#5295=CARTESIAN_POINT('Ctrl Pts',(139.173137016826,-37.2999109838565,0.299999999999998));
#5296=CARTESIAN_POINT('Ctrl Pts',(139.17313701691,-37.2988963115905,0.299999999999998));
#5297=CARTESIAN_POINT('Ctrl Pts',(139.173137016993,-37.2978816376128,0.299996705408264));
#5298=CARTESIAN_POINT('Ctrl Pts',(139.173137019804,-37.2640661417056,0.29977699768231));
#5299=CARTESIAN_POINT('Ctrl Pts',(139.173137022511,-37.2312392492169,0.296117141691363));
#5300=CARTESIAN_POINT('Ctrl Pts',(139.173137027706,-37.168247807736,0.281847970275033));
#5301=CARTESIAN_POINT('Ctrl Pts',(139.173137030196,-37.1379830593875,0.271440080146548));
#5302=CARTESIAN_POINT('Ctrl Pts',(139.173137035662,-37.0714011469241,0.238993263539535));
#5303=CARTESIAN_POINT('Ctrl Pts',(139.173137038554,-37.0365254695716,0.214299437536314));
#5304=CARTESIAN_POINT('Ctrl Pts',(139.173137042894,-36.9833292182623,0.157701105399321));
#5305=CARTESIAN_POINT('Ctrl Pts',(139.173137044466,-36.9636583433733,0.127950957317658));
#5306=CARTESIAN_POINT('Ctrl Pts',(139.173137046546,-36.938132396778,0.0647803019330181));
#5307=CARTESIAN_POINT('Ctrl Pts',(139.17313704707,-36.9316938906636,0.0326810118944015));
#5308=CARTESIAN_POINT('Ctrl Pts',(139.17313704707,-36.9316938906642,-5.14848755644264E-12));
#5309=CARTESIAN_POINT('Ctrl Pts',(138.673136967098,-37.3238039434234,-1.03992518658972E-11));
#5310=CARTESIAN_POINT('Ctrl Pts',(138.673136967097,-37.3238039434236,0.0238009942636975));
#5311=CARTESIAN_POINT('Ctrl Pts',(138.677851796145,-37.3233464666302,0.0469791429189982));
#5312=CARTESIAN_POINT('Ctrl Pts',(138.69695133347,-37.3215645168802,0.0953792765260741));
#5313=CARTESIAN_POINT('Ctrl Pts',(138.712583050108,-37.3201378497994,0.119226959584088));
#5314=CARTESIAN_POINT('Ctrl Pts',(138.75861279497,-37.3162424876206,0.171372802826899));
#5315=CARTESIAN_POINT('Ctrl Pts',(138.792691443653,-37.3135981419469,0.196935173802462));
#5316=CARTESIAN_POINT('Ctrl Pts',(138.877298772864,-37.3080292953913,0.245171431918386));
#5317=CARTESIAN_POINT('Ctrl Pts',(138.931556413933,-37.3051875729453,0.265031276015373));
#5318=CARTESIAN_POINT('Ctrl Pts',(139.045708826428,-37.3011201714657,0.292632824226746));
#5319=CARTESIAN_POINT('Ctrl Pts',(139.107805460527,-37.2999592548028,0.299695830732939));
#5320=CARTESIAN_POINT('Ctrl Pts',(139.170468812881,-37.2999114921303,0.299996796329971));
#5321=CARTESIAN_POINT('Ctrl Pts',(139.171802918705,-37.2999109837459,0.299999999999998));
#5322=CARTESIAN_POINT('Ctrl Pts',(139.173137016826,-37.2999109838565,0.299999999999998));
#5323=CARTESIAN_POINT('Origin',(136.652979975086,-36.4598589340846,0.));
#5324=CARTESIAN_POINT('Origin',(132.452719306093,-36.4598592002099,0.));
#5325=CARTESIAN_POINT('',(132.452719306093,-36.4598592002102,0.299999999999998));
#5326=CARTESIAN_POINT('Origin',(132.452719572218,-36.4598592002099,0.));
#5327=CARTESIAN_POINT('Origin',(132.452719572218,-36.4598592002099,0.));
#5328=CARTESIAN_POINT('Origin',(134.552849640589,-36.4598589340846,0.));
#5329=CARTESIAN_POINT('Origin',(132.45272083385,-40.6601193369521,0.));
#5330=CARTESIAN_POINT('Origin',(136.65298092131,-40.6601190215442,0.));
#5331=CARTESIAN_POINT('Origin',(136.65298092131,-40.6601190215442,0.));
#5332=CARTESIAN_POINT('Origin',(136.65298092131,-40.6601190215442,0.));
#5333=CARTESIAN_POINT('',(139.17313698467,-37.6834023460542,0.));
#5334=CARTESIAN_POINT('Origin',(136.65298092131,-40.6601190215442,0.));
#5335=CARTESIAN_POINT('Ctrl Pts',(139.173137016826,-37.2999109838565,0.299999999999998));
#5336=CARTESIAN_POINT('Ctrl Pts',(139.173137016741,-37.3009259671161,0.299999999999998));
#5337=CARTESIAN_POINT('Ctrl Pts',(139.173137016658,-37.3019409520945,0.299996703388411));
#5338=CARTESIAN_POINT('Ctrl Pts',(139.173137013584,-37.3389099984334,0.299756667629479));
#5339=CARTESIAN_POINT('Ctrl Pts',(139.173137010596,-37.3749212655052,0.295389866106159));
#5340=CARTESIAN_POINT('Ctrl Pts',(139.173137004819,-37.444166970206,0.278716867094635));
#5341=CARTESIAN_POINT('Ctrl Pts',(139.173137002018,-37.4776317960912,0.266511299940193));
#5342=CARTESIAN_POINT('Ctrl Pts',(139.173136996167,-37.5473594280167,0.230560193474444));
#5343=CARTESIAN_POINT('Ctrl Pts',(139.173136993179,-37.5828288903515,0.204676312997164));
#5344=CARTESIAN_POINT('Ctrl Pts',(139.173136988787,-37.6348240467972,0.147856879950493));
#5345=CARTESIAN_POINT('Ctrl Pts',(139.173136987195,-37.6536058776112,0.119297145413735));
#5346=CARTESIAN_POINT('Ctrl Pts',(139.173136985176,-37.677430295345,0.0597702072542098));
#5347=CARTESIAN_POINT('Ctrl Pts',(139.17313698467,-37.6834023460551,0.0302080049214701));
#5348=CARTESIAN_POINT('Ctrl Pts',(139.17313698467,-37.6834023460542,-6.69581917622835E-12));
#5349=CARTESIAN_POINT('',(139.673137060573,-37.3238040260356,0.));
#5350=CARTESIAN_POINT('Ctrl Pts',(139.673137060573,-37.3238040260356,-1.0399940154546E-11));
#5351=CARTESIAN_POINT('Ctrl Pts',(139.673137060574,-37.3238040260357,0.0238029817301929));
#5352=CARTESIAN_POINT('Ctrl Pts',(139.668421445351,-37.3233464714676,0.046982973843952));
#5353=CARTESIAN_POINT('Ctrl Pts',(139.649315449551,-37.3215639239419,0.0953954550562185));
#5354=CARTESIAN_POINT('Ctrl Pts',(139.633674394991,-37.3201364230539,0.119251754837679));
#5355=CARTESIAN_POINT('Ctrl Pts',(139.587609154838,-37.3162382943912,0.171423007289315));
#5356=CARTESIAN_POINT('Ctrl Pts',(139.553497643632,-37.3135917984353,0.196996946574235));
#5357=CARTESIAN_POINT('Ctrl Pts',(139.468840491675,-37.3080215758959,0.24523023402483));
#5358=CARTESIAN_POINT('Ctrl Pts',(139.414568182755,-37.3051805884711,0.265080788444558));
#5359=CARTESIAN_POINT('Ctrl Pts',(139.300452248505,-37.3011180192671,0.292645563860712));
#5360=CARTESIAN_POINT('Ctrl Pts',(139.23841323314,-37.2999592245204,0.299696089666936));
#5361=CARTESIAN_POINT('Ctrl Pts',(139.175805282979,-37.2999114925979,0.299996796180502));
#5362=CARTESIAN_POINT('Ctrl Pts',(139.174471146001,-37.2999109839671,0.299999999999998));
#5363=CARTESIAN_POINT('Ctrl Pts',(139.173137016826,-37.2999109838565,0.299999999999998));
#5364=CARTESIAN_POINT('Origin',(136.65298092131,-40.6601190215442,0.));
#5365=CARTESIAN_POINT('Origin',(134.552849640589,-36.4598589340846,0.));
#5366=CARTESIAN_POINT('Origin',(137.493032361211,-40.66011965236,0.));
#5367=CARTESIAN_POINT('',(137.793032361211,-40.66011965236,-3.67394039744212E-17));
#5368=CARTESIAN_POINT('Origin',(137.493032361211,-40.66011965236,0.));
#5369=CARTESIAN_POINT('',(137.793032361211,-44.5603800059451,0.));
#5370=CARTESIAN_POINT('',(137.793032361211,-40.66011965236,0.));
#5371=CARTESIAN_POINT('Origin',(137.493032361211,-44.8603800059452,0.));
#5372=CARTESIAN_POINT('Origin',(136.524999955297,-50.1649999552965,0.));
#5373=CARTESIAN_POINT('Origin',(137.493032361211,-44.8603800059452,0.));
#5374=CARTESIAN_POINT('',(141.693293030204,-44.5603800059451,0.));
#5375=CARTESIAN_POINT('',(137.493032361211,-44.5603800059451,0.));
#5376=CARTESIAN_POINT('',(141.693293030204,-44.8603800059451,0.300000000000005));
#5377=CARTESIAN_POINT('Origin',(141.693293030204,-44.8603800059451,0.));
#5378=CARTESIAN_POINT('Origin',(141.693293030204,-44.8603800059451,0.));
#5379=CARTESIAN_POINT('',(137.493032361211,-44.5603800059451,0.));
#5380=CARTESIAN_POINT('Origin',(136.524999955297,-50.1649999552965,0.));
#5381=CARTESIAN_POINT('',(142.233345416329,-36.7974296692894,0.));
#5382=CARTESIAN_POINT('Origin',(141.693292714796,-40.6601196523601,0.));
#5383=CARTESIAN_POINT('',(142.233345416329,-40.660119346104,0.));
#5384=CARTESIAN_POINT('',(142.233345416329,-40.6601193369521,0.));
#5385=CARTESIAN_POINT('',(143.713449513709,-43.9964345855692,0.));
#5386=CARTESIAN_POINT('Origin',(146.733605769914,-40.6601193369521,0.));
#5387=CARTESIAN_POINT('Origin',(141.693292714796,-40.6601196523601,0.));
#5388=CARTESIAN_POINT('Origin',(141.693292714796,-40.6601196523601,0.));
#5389=CARTESIAN_POINT('',(142.533345416329,-36.5447219198747,0.300000000000005));
#5390=CARTESIAN_POINT('Ctrl Pts',(142.533345416329,-36.5447219198747,0.300000000000005));
#5391=CARTESIAN_POINT('Ctrl Pts',(142.532542945799,-36.5437390980551,0.300000000000005));
#5392=CARTESIAN_POINT('Ctrl Pts',(142.531740298401,-36.5427564116909,0.29999678020559));
#5393=CARTESIAN_POINT('Ctrl Pts',(142.497501536322,-36.5008526743337,0.299721957026286));
#5394=CARTESIAN_POINT('Ctrl Pts',(142.46344230473,-36.4597968970185,0.293859090873771));
#5395=CARTESIAN_POINT('Ctrl Pts',(142.399756756315,-36.3840840256557,0.270585696457955));
#5396=CARTESIAN_POINT('Ctrl Pts',(142.369337802364,-36.3484089933175,0.253817241377964));
#5397=CARTESIAN_POINT('Ctrl Pts',(142.317079536967,-36.2877758753266,0.210310187036359));
#5398=CARTESIAN_POINT('Ctrl Pts',(142.294166085382,-36.2614803017271,0.184725893593742));
#5399=CARTESIAN_POINT('Ctrl Pts',(142.262006424423,-36.2248064918321,0.130665901279945));
#5400=CARTESIAN_POINT('Ctrl Pts',(142.250783771672,-36.2120899152048,0.104971015388568));
#5401=CARTESIAN_POINT('Ctrl Pts',(142.236819922662,-36.1962967674081,0.0521082330935611));
#5402=CARTESIAN_POINT('Ctrl Pts',(142.233345416329,-36.1923812614494,0.0263661970049944));
#5403=CARTESIAN_POINT('Ctrl Pts',(142.233345416329,-36.1923812614494,-3.67394039744198E-17));
#5404=CARTESIAN_POINT('Ctrl Pts',(142.233345416329,-36.7974296692894,3.67394039744212E-17));
#5405=CARTESIAN_POINT('Ctrl Pts',(142.233345416329,-36.7974296692894,0.0298726942174107));
#5406=CARTESIAN_POINT('Ctrl Pts',(142.237800990434,-36.7935487902998,0.0591104800579226));
#5407=CARTESIAN_POINT('Ctrl Pts',(142.255621301516,-36.778091322424,0.118021885799607));
#5408=CARTESIAN_POINT('Ctrl Pts',(142.26969341154,-36.7659102739883,0.146285697825422));
#5409=CARTESIAN_POINT('Ctrl Pts',(142.308915990379,-36.7321943457403,0.202779830738142));
#5410=CARTESIAN_POINT('Ctrl Pts',(142.335837298181,-36.7091991610433,0.228556447128331));
#5411=CARTESIAN_POINT('Ctrl Pts',(142.389980719287,-36.6634371297752,0.265238237249623));
#5412=CARTESIAN_POINT('Ctrl Pts',(142.416726074385,-36.6410040440169,0.277900450881401));
#5413=CARTESIAN_POINT('Ctrl Pts',(142.472448082491,-36.5946806779234,0.295238660455608));
#5414=CARTESIAN_POINT('Ctrl Pts',(142.501665724937,-36.5706002826586,0.299753097614241));
#5415=CARTESIAN_POINT('Ctrl Pts',(142.531724434853,-36.5460456051387,0.29999671521482));
#5416=CARTESIAN_POINT('Ctrl Pts',(142.532534887468,-36.5453837138149,0.300000000000005));
#5417=CARTESIAN_POINT('Ctrl Pts',(142.533345416329,-36.5447219198747,0.300000000000005));
#5418=CARTESIAN_POINT('Origin',(141.693292714796,-40.6601196523601,0.));
#5419=CARTESIAN_POINT('',(144.213449452627,-44.0203275409682,0.300000000000005));
#5420=CARTESIAN_POINT('Ctrl Pts',(144.213449452627,-44.0203275409682,0.300000000000005));
#5421=CARTESIAN_POINT('Ctrl Pts',(144.212115354251,-44.0203275410517,0.300000000000005));
#5422=CARTESIAN_POINT('Ctrl Pts',(144.210781248037,-44.0203270326381,0.29999679632691));
#5423=CARTESIAN_POINT('Ctrl Pts',(144.148120148004,-44.0202792704261,0.299695841348262));
#5424=CARTESIAN_POINT('Ctrl Pts',(144.086025853976,-44.0191184393389,0.292633339202198));
#5425=CARTESIAN_POINT('Ctrl Pts',(143.971877016751,-44.015051307964,0.265033779142349));
#5426=CARTESIAN_POINT('Ctrl Pts',(143.917620893887,-44.0122097644868,0.245175329208854));
#5427=CARTESIAN_POINT('Ctrl Pts',(143.833012562138,-44.0066410211933,0.196941253298191));
#5428=CARTESIAN_POINT('Ctrl Pts',(143.798932037922,-44.003996580515,0.171378818729307));
#5429=CARTESIAN_POINT('Ctrl Pts',(143.752899608624,-44.0001010360636,0.119232603507408));
#5430=CARTESIAN_POINT('Ctrl Pts',(143.737266874873,-43.998674287004,0.0953847867223286));
#5431=CARTESIAN_POINT('Ctrl Pts',(143.718165768356,-43.9968921987806,0.0469845221011543));
#5432=CARTESIAN_POINT('Ctrl Pts',(143.713449513709,-43.9964345855692,0.0238010720654064));
#5433=CARTESIAN_POINT('Ctrl Pts',(143.713449513709,-43.9964345855692,3.67394039744212E-17));
#5434=CARTESIAN_POINT('Ctrl Pts',(144.213449475669,-44.3885446751648,-3.67394039744198E-17));
#5435=CARTESIAN_POINT('Ctrl Pts',(144.213449475669,-44.3885446751648,0.0326810457206031));
#5436=CARTESIAN_POINT('Ctrl Pts',(144.213449475266,-44.3821047612718,0.0647855837683537));
#5437=CARTESIAN_POINT('Ctrl Pts',(144.213449473668,-44.3565773986497,0.127955987737671));
#5438=CARTESIAN_POINT('Ctrl Pts',(144.213449472469,-44.336905755641,0.157705957502944));
#5439=CARTESIAN_POINT('Ctrl Pts',(144.213449469146,-44.2837078650966,0.21430376038777));
#5440=CARTESIAN_POINT('Ctrl Pts',(144.213449466926,-44.2488312906361,0.238997174894793));
#5441=CARTESIAN_POINT('Ctrl Pts',(144.213449462759,-44.1822494056748,0.271442342185895));
#5442=CARTESIAN_POINT('Ctrl Pts',(144.213449460866,-44.1519856967707,0.281849408807536));
#5443=CARTESIAN_POINT('Ctrl Pts',(144.213449456924,-44.0889966155563,0.296117439033569));
#5444=CARTESIAN_POINT('Ctrl Pts',(144.213449454859,-44.0561710552133,0.299777006313353));
#5445=CARTESIAN_POINT('Ctrl Pts',(144.213449452755,-44.0223568877025,0.299996705407477));
#5446=CARTESIAN_POINT('Ctrl Pts',(144.21344945269,-44.0213422134785,0.300000000000005));
#5447=CARTESIAN_POINT('Ctrl Pts',(144.213449452627,-44.0203275409682,0.300000000000005));
#5448=CARTESIAN_POINT('Origin',(141.693292714796,-40.6601196523601,0.));
#5449=CARTESIAN_POINT('Origin',(141.693292714796,-40.6601196523601,0.));
#5450=CARTESIAN_POINT('Origin',(141.693292714796,-40.6601196523601,0.));
#5451=CARTESIAN_POINT('',(144.713449388555,-43.9964345229921,0.));
#5452=CARTESIAN_POINT('Ctrl Pts',(144.213449452627,-44.0203275409682,0.300000000000005));
#5453=CARTESIAN_POINT('Ctrl Pts',(144.214783582145,-44.0203275408847,0.300000000000005));
#5454=CARTESIAN_POINT('Ctrl Pts',(144.216117719336,-44.0203270322828,0.299996796177869));
#5455=CARTESIAN_POINT('Ctrl Pts',(144.278723418605,-44.020279303325,0.299696100276431));
#5456=CARTESIAN_POINT('Ctrl Pts',(144.340760092694,-44.0191205966276,0.292646078376968));
#5457=CARTESIAN_POINT('Ctrl Pts',(144.454872449438,-44.0150583021037,0.265083290250233));
#5458=CARTESIAN_POINT('Ctrl Pts',(144.509143238623,-44.0122174959486,0.245234130333502));
#5459=CARTESIAN_POINT('Ctrl Pts',(144.593801393072,-44.0066473803171,0.197003026682045));
#5460=CARTESIAN_POINT('Ctrl Pts',(144.627914781468,-44.0040007907043,0.171429024403795));
#5461=CARTESIAN_POINT('Ctrl Pts',(144.673982708602,-44.0001024814757,0.119257400250106));
#5462=CARTESIAN_POINT('Ctrl Pts',(144.689624781262,-43.998674899158,0.0954009665732857));
#5463=CARTESIAN_POINT('Ctrl Pts',(144.708732347411,-43.996892213821,0.0469883537200561));
#5464=CARTESIAN_POINT('Ctrl Pts',(144.713449388555,-43.9964345229921,0.0238030599082412));
#5465=CARTESIAN_POINT('Ctrl Pts',(144.713449388555,-43.9964345229921,-3.67394039744198E-17));
#5466=CARTESIAN_POINT('',(144.213449428629,-43.6368361258371,0.));
#5467=CARTESIAN_POINT('Ctrl Pts',(144.213449428629,-43.6368361258371,3.67394039744212E-17));
#5468=CARTESIAN_POINT('Ctrl Pts',(144.213449428629,-43.6368361258371,0.0302080467274596));
#5469=CARTESIAN_POINT('Ctrl Pts',(144.213449429002,-43.6428095900865,0.0597755102726561));
#5470=CARTESIAN_POINT('Ctrl Pts',(144.213449430493,-43.666635467969,0.11930232518119));
#5471=CARTESIAN_POINT('Ctrl Pts',(144.213449431669,-43.6854181491876,0.147861993182422));
#5472=CARTESIAN_POINT('Ctrl Pts',(144.213449434923,-43.7374152216942,0.204681125601221));
#5473=CARTESIAN_POINT('Ctrl Pts',(144.213449437143,-43.7728858041715,0.230564692571939));
#5474=CARTESIAN_POINT('Ctrl Pts',(144.213449441506,-43.8426135688108,0.266514003002574));
#5475=CARTESIAN_POINT('Ctrl Pts',(144.2134494436,-43.8760772150533,0.278718588553745));
#5476=CARTESIAN_POINT('Ctrl Pts',(144.213449447933,-43.9453202650706,0.295390231280465));
#5477=CARTESIAN_POINT('Ctrl Pts',(144.213449450198,-43.981330024725,0.299756677361402));
#5478=CARTESIAN_POINT('Ctrl Pts',(144.213449452498,-44.018297572238,0.299996703387619));
#5479=CARTESIAN_POINT('Ctrl Pts',(144.213449452563,-44.0193125574635,0.300000000000005));
#5480=CARTESIAN_POINT('Ctrl Pts',(144.213449452627,-44.0203275409682,0.300000000000005));
#5481=CARTESIAN_POINT('',(142.833345416329,-36.9301986527308,0.));
#5482=CARTESIAN_POINT('Origin',(141.693292714796,-40.6601196523601,0.));
#5483=CARTESIAN_POINT('Ctrl Pts',(142.533345416329,-36.5447219198747,0.300000000000005));
#5484=CARTESIAN_POINT('Ctrl Pts',(142.534148196098,-36.545705120434,0.300000000000005));
#5485=CARTESIAN_POINT('Ctrl Pts',(142.534950807683,-36.5466884673591,0.299996777723334));
#5486=CARTESIAN_POINT('Ctrl Pts',(142.572822294944,-36.5931046566423,0.299692809435122));
#5487=CARTESIAN_POINT('Ctrl Pts',(142.609944254993,-36.6393828705608,0.292524723640948));
#5488=CARTESIAN_POINT('Ctrl Pts',(142.678150347503,-36.7258439044118,0.265136346394684));
#5489=CARTESIAN_POINT('Ctrl Pts',(142.710526783674,-36.7675860311861,0.245309418612302));
#5490=CARTESIAN_POINT('Ctrl Pts',(142.76135512664,-36.8340450344577,0.19730470210395));
#5491=CARTESIAN_POINT('Ctrl Pts',(142.782059256818,-36.8614630020205,0.171429698726301));
#5492=CARTESIAN_POINT('Ctrl Pts',(142.809782279401,-36.8984622946435,0.118991510602045));
#5493=CARTESIAN_POINT('Ctrl Pts',(142.819144737891,-36.9110488312642,0.0951149523166281));
#5494=CARTESIAN_POINT('Ctrl Pts',(142.830539153749,-36.9264018445188,0.0467925862360406));
#5495=CARTESIAN_POINT('Ctrl Pts',(142.833345416329,-36.9301986527308,0.023709200505847));
#5496=CARTESIAN_POINT('Ctrl Pts',(142.833345416329,-36.9301986527308,3.67394039744212E-17));
#5497=CARTESIAN_POINT('',(142.580160189785,-36.5066737075405,0.296324782943085));
#5498=CARTESIAN_POINT('Ctrl Pts',(142.580160189785,-36.5066737075405,0.296324782943084));
#5499=CARTESIAN_POINT('Ctrl Pts',(142.565409023405,-36.5186076493337,0.298655241116145));
#5500=CARTESIAN_POINT('Ctrl Pts',(142.550572123049,-36.5306626767082,0.299870233095496));
#5501=CARTESIAN_POINT('Ctrl Pts',(142.534966268403,-36.543398659483,0.299996716372922));
#5502=CARTESIAN_POINT('Ctrl Pts',(142.534155802314,-36.5440602425922,0.300000000000005));
#5503=CARTESIAN_POINT('Ctrl Pts',(142.533345416329,-36.5447219198747,0.300000000000005));
#5504=CARTESIAN_POINT('',(143.938356094642,-36.7598589340845,0.));
#5505=CARTESIAN_POINT('Ctrl Pts',(143.938356094642,-36.7598589340845,0.));
#5506=CARTESIAN_POINT('Ctrl Pts',(143.938356094642,-36.7598589340845,0.0103680841697905));
#5507=CARTESIAN_POINT('Ctrl Pts',(143.936345723614,-36.7593211043158,0.0204116858073528));
#5508=CARTESIAN_POINT('Ctrl Pts',(143.928067886196,-36.7571144060587,0.0423164802952859));
#5509=CARTESIAN_POINT('Ctrl Pts',(143.920967057906,-36.7552256312739,0.0535150677860326));
#5510=CARTESIAN_POINT('Ctrl Pts',(143.898387331839,-36.7492599930562,0.0810396680880549));
#5511=CARTESIAN_POINT('Ctrl Pts',(143.879706019845,-36.7443684801425,0.0960838391144715));
#5512=CARTESIAN_POINT('Ctrl Pts',(143.81763666828,-36.7283517170261,0.13736558220859));
#5513=CARTESIAN_POINT('Ctrl Pts',(143.763115567352,-36.7147072933225,0.159575268895636));
#5514=CARTESIAN_POINT('Ctrl Pts',(143.575064781504,-36.6694814579794,0.221998326207206));
#5515=CARTESIAN_POINT('Ctrl Pts',(143.377640643642,-36.6246574966565,0.255297944106568));
#5516=CARTESIAN_POINT('Ctrl Pts',(142.951902352809,-36.5525341230694,0.286945082739539));
#5517=CARTESIAN_POINT('Ctrl Pts',(142.772867211137,-36.5270183490189,0.293110641444701));
#5518=CARTESIAN_POINT('Ctrl Pts',(142.580160189785,-36.5066737075405,0.296324782943083));
#5519=CARTESIAN_POINT('Origin',(141.693292714796,-40.6601196523601,0.));
#5520=CARTESIAN_POINT('Origin',(142.533345416329,-40.6601193369521,0.));
#5521=CARTESIAN_POINT('',(142.533345416329,-36.4598589340845,0.299999999999994));
#5522=CARTESIAN_POINT('Origin',(142.533345416329,-36.4598589340845,0.));
#5523=CARTESIAN_POINT('Origin',(142.533345416329,-36.4598589340845,0.));
#5524=CARTESIAN_POINT('Origin',(142.533345416329,-40.6601193369521,0.));
#5525=CARTESIAN_POINT('',(142.833345416329,-40.6601193278002,-3.67394039744198E-17));
#5526=CARTESIAN_POINT('',(142.833345416329,-40.6601193369521,0.));
#5527=CARTESIAN_POINT('Origin',(142.533345416329,-40.6601193369521,0.));
#5528=CARTESIAN_POINT('Origin',(136.524999955297,-50.1649999552965,0.));
#5529=CARTESIAN_POINT('Origin',(146.733605769914,-40.6601193369521,0.));
#5530=CARTESIAN_POINT('Origin',(146.733605769914,-40.6601193369521,0.));
#5531=CARTESIAN_POINT('Origin',(146.733605769914,-40.6601193369521,0.));
#5532=CARTESIAN_POINT('',(150.633866123499,-40.660119346104,-3.67394039744198E-17));
#5533=CARTESIAN_POINT('Origin',(146.733605769914,-40.6601193369521,0.));
#5534=CARTESIAN_POINT('Origin',(150.933866123499,-40.6601193369521,0.));
#5535=CARTESIAN_POINT('Origin',(150.933865995364,-36.4598589340846,0.));
#5536=CARTESIAN_POINT('',(150.633866004516,-36.7598589340845,0.));
#5537=CARTESIAN_POINT('',(150.633865995364,-36.4598589432365,0.));
#5538=CARTESIAN_POINT('',(150.933865995364,-36.4598589340846,0.299999999999994));
#5539=CARTESIAN_POINT('Origin',(150.933865995364,-36.4598589340845,0.));
#5540=CARTESIAN_POINT('Origin',(150.933865995364,-36.4598589340846,0.));
#5541=CARTESIAN_POINT('Origin',(142.533345416329,-36.4598589340845,0.));
#5542=CARTESIAN_POINT('',(142.533345416329,-36.7598589340845,0.));
#5543=CARTESIAN_POINT('Origin',(136.524999955297,-50.1649999552965,0.));
#5544=CARTESIAN_POINT('Origin',(136.524999955297,-50.1649999552965,2.));
#5545=CARTESIAN_POINT('',(4.44499998509912,1.00000001490116,2.));
#5546=CARTESIAN_POINT('',(129.00000192225,1.00000004470348,2.00000002980232));
#5547=CARTESIAN_POINT('',(268.60391335543,1.00000001490119,2.));
#5548=CARTESIAN_POINT('',(-1.00000001490116,-4.44499998509884,2.));
#5549=CARTESIAN_POINT('Origin',(4.44499998509932,-4.44499998509932,2.));
#5550=CARTESIAN_POINT('',(-1.00000001490116,-71.7549999850988,2.));
#5551=CARTESIAN_POINT('',(-1.00000001490116,-4.44499998509884,2.));
#5552=CARTESIAN_POINT('',(4.44499998509884,-77.1999999850989,2.));
#5553=CARTESIAN_POINT('Origin',(4.44499998509883,-71.7549999850989,2.));
#5554=CARTESIAN_POINT('',(62.8649999850988,-77.1999999850988,2.));
#5555=CARTESIAN_POINT('',(4.44499998509884,-77.1999999850989,2.));
#5556=CARTESIAN_POINT('',(64.4049999850989,-78.7399999850988,2.));
#5557=CARTESIAN_POINT('Origin',(62.8649999850988,-78.7399999850988,2.));
#5558=CARTESIAN_POINT('',(64.4049999850988,-97.7899999850989,2.));
#5559=CARTESIAN_POINT('',(64.4049999850989,-78.7399999850988,2.));
#5560=CARTESIAN_POINT('',(67.9449999850988,-101.329999985099,2.));
#5561=CARTESIAN_POINT('Origin',(67.9449999850988,-97.7899999850989,2.));
#5562=CARTESIAN_POINT('',(103.722883974298,-101.329999985099,2.));
#5563=CARTESIAN_POINT('',(67.9449999850988,-101.329999985099,2.));
#5564=CARTESIAN_POINT('',(106.226041979698,-100.293157990499,2.));
#5565=CARTESIAN_POINT('Origin',(103.722883974298,-97.789999985099,2.));
#5566=CARTESIAN_POINT('',(123.787601113292,-82.731598856906,2.));
#5567=CARTESIAN_POINT('',(106.226041979698,-100.293157990499,2.));
#5568=CARTESIAN_POINT('',(124.876545556319,-82.2805432999333,2.));
#5569=CARTESIAN_POINT('Origin',(124.876545556319,-83.8205432999334,2.));
#5570=CARTESIAN_POINT('',(131.000001952052,-82.2805432701309,2.00000002980232));
#5571=CARTESIAN_POINT('',(124.876545556319,-82.2805432999333,2.));
#5572=CARTESIAN_POINT('',(131.000001952052,-84.2805432701309,2.00000002980232));
#5573=CARTESIAN_POINT('',(131.000001952052,-67.2227716127137,2.));
#5574=CARTESIAN_POINT('',(131.008814637489,-84.2805432701309,2.));
#5575=CARTESIAN_POINT('',(147.343910056067,-84.2805432701309,2.));
#5576=CARTESIAN_POINT('',(131.008814637489,-77.0505432701309,2.));
#5577=CARTESIAN_POINT('',(131.008814637489,-77.0505432701309,2.));
#5578=CARTESIAN_POINT('',(132.278814637489,-75.7805432701309,2.));
#5579=CARTESIAN_POINT('Origin',(132.278814637489,-77.050543270131,2.));
#5580=CARTESIAN_POINT('',(140.738814637489,-75.7805432701309,2.));
#5581=CARTESIAN_POINT('',(140.738814637489,-75.7805432701309,2.));
#5582=CARTESIAN_POINT('',(142.008814637489,-77.0505432701309,2.));
#5583=CARTESIAN_POINT('Origin',(140.738814637489,-77.050543270131,2.));
#5584=CARTESIAN_POINT('',(142.008814637489,-82.2805432999333,2.));
#5585=CARTESIAN_POINT('',(142.008814637489,-84.2805432701309,2.));
#5586=CARTESIAN_POINT('',(148.172763048553,-82.2805432999333,2.));
#5587=CARTESIAN_POINT('',(124.876545556319,-82.2805432999333,2.));
#5588=CARTESIAN_POINT('',(149.261713208003,-82.7316045733578,2.));
#5589=CARTESIAN_POINT('Origin',(148.172763048553,-83.8205432999333,2.));
#5590=CARTESIAN_POINT('',(166.823069106344,-100.293144850084,2.));
#5591=CARTESIAN_POINT('',(166.823069106344,-100.293144850084,2.));
#5592=CARTESIAN_POINT('',(169.326240252091,-101.329999985099,2.));
#5593=CARTESIAN_POINT('Origin',(169.326240252091,-97.7899999850987,2.));
#5594=CARTESIAN_POINT('',(205.10391335543,-101.329999985099,2.));
#5595=CARTESIAN_POINT('',(205.10391335543,-101.329999985099,2.));
#5596=CARTESIAN_POINT('',(208.64391335543,-97.7899999850989,2.));
#5597=CARTESIAN_POINT('Origin',(205.10391335543,-97.7899999850989,2.));
#5598=CARTESIAN_POINT('',(208.64391335543,-78.7399999850988,2.));
#5599=CARTESIAN_POINT('',(208.64391335543,-97.7899999850989,2.));
#5600=CARTESIAN_POINT('',(210.18391335543,-77.1999999850989,2.));
#5601=CARTESIAN_POINT('Origin',(210.18391335543,-78.7399999850988,2.));
#5602=CARTESIAN_POINT('',(268.60391335543,-77.1999999850988,2.));
#5603=CARTESIAN_POINT('',(210.18391335543,-77.1999999850989,2.));
#5604=CARTESIAN_POINT('',(274.04891335543,-71.7549999850988,2.));
#5605=CARTESIAN_POINT('Origin',(268.60391335543,-71.7549999850988,2.));
#5606=CARTESIAN_POINT('',(274.04891335543,-4.44499998509885,2.));
#5607=CARTESIAN_POINT('',(274.04891335543,-71.7549999850988,2.));
#5608=CARTESIAN_POINT('',(268.60391335543,1.00000001490119,2.));
#5609=CARTESIAN_POINT('Origin',(268.60391335543,-4.44499998509884,2.));
#5610=CARTESIAN_POINT('',(144.000002145767,1.00000004470348,2.00000002980232));
#5611=CARTESIAN_POINT('',(268.60391335543,1.00000001490119,2.));
#5612=CARTESIAN_POINT('',(144.000002145767,-16.7300002682209,2.));
#5613=CARTESIAN_POINT('',(144.000002145767,-33.4475001117587,2.));
#5614=CARTESIAN_POINT('',(142.730002145767,-18.0000002682209,2.));
#5615=CARTESIAN_POINT('Origin',(142.730002145767,-16.7300002682209,2.));
#5616=CARTESIAN_POINT('',(130.27000192225,-18.0000002682209,2.));
#5617=CARTESIAN_POINT('',(133.397500938773,-18.0000002682209,2.));
#5618=CARTESIAN_POINT('',(129.00000192225,-16.7300002682209,2.));
#5619=CARTESIAN_POINT('Origin',(130.27000192225,-16.7300002682209,2.));
#5620=CARTESIAN_POINT('',(129.00000192225,-23.5824999552965,2.));
#5621=CARTESIAN_POINT('',(5.64499995529652,-4.44499995529652,2.));
#5622=CARTESIAN_POINT('Origin',(4.44499995529652,-4.44499995529652,2.));
#5623=CARTESIAN_POINT('',(5.64499995529652,-71.7549999552965,2.));
#5624=CARTESIAN_POINT('Origin',(4.44499995529652,-71.7549999552965,2.));
#5625=CARTESIAN_POINT('',(269.804999955297,-4.44499995529652,2.));
#5626=CARTESIAN_POINT('Origin',(268.604999955297,-4.44499995529652,2.));
#5627=CARTESIAN_POINT('',(269.804999955297,-71.7549999552965,2.));
#5628=CARTESIAN_POINT('Origin',(268.604999955297,-71.7549999552965,2.));
#5629=CARTESIAN_POINT('',(149.154999955297,-22.2249999552965,2.));
#5630=CARTESIAN_POINT('Origin',(147.954999955297,-22.2249999552965,2.));
#5631=CARTESIAN_POINT('',(126.294999955296,-22.2249999552965,2.));
#5632=CARTESIAN_POINT('Origin',(125.094999955297,-22.2249999552965,2.));
#5633=CARTESIAN_POINT('',(183.444999955296,-78.7399999552965,2.));
#5634=CARTESIAN_POINT('Origin',(182.244999955296,-78.7399999552965,2.));
#5635=CARTESIAN_POINT('',(92.0049999552965,-78.7399999552965,2.));
#5636=CARTESIAN_POINT('Origin',(90.8049999552965,-78.7399999552965,2.));
#5637=CARTESIAN_POINT('Origin',(90.8049999552965,-78.7399999552965,0.5));
#5638=CARTESIAN_POINT('',(93.0049999552965,-78.7399999552965,0.5));
#5639=CARTESIAN_POINT('Origin',(90.8049999552965,-78.7399999552965,0.5));
#5640=CARTESIAN_POINT('',(92.0049999552965,-78.7399999552965,0.5));
#5641=CARTESIAN_POINT('Origin',(90.8049999552965,-78.7399999552965,0.5));
#5642=CARTESIAN_POINT('Origin',(90.8049999552965,-78.7399999552965,0.25));
#5643=CARTESIAN_POINT('',(93.0049999552965,-78.7399999552965,0.25));
#5644=CARTESIAN_POINT('Origin',(90.8049999552965,-78.7399999552965,1.));
#5645=CARTESIAN_POINT('',(92.0049999552965,-78.7399999552965,1.));
#5646=CARTESIAN_POINT('Origin',(182.244999955296,-78.7399999552965,0.5));
#5647=CARTESIAN_POINT('',(184.444999955296,-78.7399999552965,0.5));
#5648=CARTESIAN_POINT('Origin',(182.244999955296,-78.7399999552965,0.5));
#5649=CARTESIAN_POINT('',(183.444999955296,-78.7399999552965,0.5));
#5650=CARTESIAN_POINT('Origin',(182.244999955296,-78.7399999552965,0.5));
#5651=CARTESIAN_POINT('Origin',(182.244999955296,-78.7399999552965,0.25));
#5652=CARTESIAN_POINT('',(184.444999955296,-78.7399999552965,0.25));
#5653=CARTESIAN_POINT('Origin',(182.244999955296,-78.7399999552965,1.));
#5654=CARTESIAN_POINT('',(183.444999955296,-78.7399999552965,1.));
#5655=CARTESIAN_POINT('Origin',(125.094999955297,-22.2249999552965,0.5));
#5656=CARTESIAN_POINT('',(127.294999955297,-22.2249999552965,0.5));
#5657=CARTESIAN_POINT('Origin',(125.094999955297,-22.2249999552965,0.5));
#5658=CARTESIAN_POINT('',(126.294999955296,-22.2249999552965,0.5));
#5659=CARTESIAN_POINT('Origin',(125.094999955297,-22.2249999552965,0.5));
#5660=CARTESIAN_POINT('Origin',(125.094999955297,-22.2249999552965,0.25));
#5661=CARTESIAN_POINT('',(127.294999955297,-22.2249999552965,0.25));
#5662=CARTESIAN_POINT('Origin',(125.094999955297,-22.2249999552965,1.));
#5663=CARTESIAN_POINT('',(126.294999955296,-22.2249999552965,1.));
#5664=CARTESIAN_POINT('Origin',(147.954999955297,-22.2249999552965,0.5));
#5665=CARTESIAN_POINT('',(150.154999955297,-22.2249999552965,0.5));
#5666=CARTESIAN_POINT('Origin',(147.954999955297,-22.2249999552965,0.5));
#5667=CARTESIAN_POINT('',(149.154999955297,-22.2249999552965,0.5));
#5668=CARTESIAN_POINT('Origin',(147.954999955297,-22.2249999552965,0.5));
#5669=CARTESIAN_POINT('Origin',(147.954999955297,-22.2249999552965,0.25));
#5670=CARTESIAN_POINT('',(150.154999955297,-22.2249999552965,0.25));
#5671=CARTESIAN_POINT('Origin',(147.954999955297,-22.2249999552965,1.));
#5672=CARTESIAN_POINT('',(149.154999955297,-22.2249999552965,1.));
#5673=CARTESIAN_POINT('Origin',(268.604999955297,-71.7549999552965,0.5));
#5674=CARTESIAN_POINT('',(270.804999955296,-71.7549999552965,0.5));
#5675=CARTESIAN_POINT('Origin',(268.604999955297,-71.7549999552965,0.5));
#5676=CARTESIAN_POINT('',(269.804999955297,-71.7549999552965,0.5));
#5677=CARTESIAN_POINT('Origin',(268.604999955297,-71.7549999552965,0.5));
#5678=CARTESIAN_POINT('Origin',(268.604999955297,-71.7549999552965,0.25));
#5679=CARTESIAN_POINT('',(270.804999955296,-71.7549999552965,0.25));
#5680=CARTESIAN_POINT('Origin',(268.604999955297,-71.7549999552965,1.));
#5681=CARTESIAN_POINT('',(269.804999955297,-71.7549999552965,1.));
#5682=CARTESIAN_POINT('Origin',(268.604999955297,-4.44499995529652,0.5));
#5683=CARTESIAN_POINT('',(270.804999955297,-4.44499995529652,0.5));
#5684=CARTESIAN_POINT('Origin',(268.604999955297,-4.44499995529652,0.5));
#5685=CARTESIAN_POINT('',(269.804999955297,-4.44499995529652,0.5));
#5686=CARTESIAN_POINT('Origin',(268.604999955297,-4.44499995529652,0.5));
#5687=CARTESIAN_POINT('Origin',(268.604999955297,-4.44499995529652,0.25));
#5688=CARTESIAN_POINT('',(270.804999955297,-4.44499995529652,0.25));
#5689=CARTESIAN_POINT('Origin',(268.604999955297,-4.44499995529652,1.));
#5690=CARTESIAN_POINT('',(269.804999955297,-4.44499995529652,1.));
#5691=CARTESIAN_POINT('Origin',(4.44499995529652,-71.7549999552965,0.5));
#5692=CARTESIAN_POINT('',(6.64499995529652,-71.7549999552965,0.5));
#5693=CARTESIAN_POINT('Origin',(4.44499995529652,-71.7549999552965,0.5));
#5694=CARTESIAN_POINT('',(5.64499995529652,-71.7549999552965,0.5));
#5695=CARTESIAN_POINT('Origin',(4.44499995529652,-71.7549999552965,0.5));
#5696=CARTESIAN_POINT('Origin',(4.44499995529652,-71.7549999552965,0.25));
#5697=CARTESIAN_POINT('',(6.64499995529652,-71.7549999552965,0.25));
#5698=CARTESIAN_POINT('Origin',(4.44499995529652,-71.7549999552965,1.));
#5699=CARTESIAN_POINT('',(5.64499995529652,-71.7549999552965,1.));
#5700=CARTESIAN_POINT('Origin',(4.44499995529652,-4.44499995529652,0.5));
#5701=CARTESIAN_POINT('',(6.64499995529652,-4.44499995529652,0.5));
#5702=CARTESIAN_POINT('Origin',(4.44499995529652,-4.44499995529652,0.5));
#5703=CARTESIAN_POINT('',(5.64499995529652,-4.44499995529652,0.5));
#5704=CARTESIAN_POINT('Origin',(4.44499995529652,-4.44499995529652,0.5));
#5705=CARTESIAN_POINT('Origin',(4.44499995529652,-4.44499995529652,0.25));
#5706=CARTESIAN_POINT('',(6.64499995529652,-4.44499995529652,0.25));
#5707=CARTESIAN_POINT('Origin',(4.44499995529652,-4.44499995529652,1.));
#5708=CARTESIAN_POINT('',(5.64499995529652,-4.44499995529652,1.));
#5709=CARTESIAN_POINT('Origin',(70.4849999552965,1.73000004470349,1.27));
#5710=CARTESIAN_POINT('',(144.000002145767,3.00000004470348,1.27));
#5711=CARTESIAN_POINT('Origin',(144.000002145767,1.73000004470348,1.27));
#5712=CARTESIAN_POINT('',(268.604999955297,3.00000004470348,1.27));
#5713=CARTESIAN_POINT('',(70.4849999552965,3.00000004470348,1.27));
#5714=CARTESIAN_POINT('Origin',(268.604999955297,1.73000004470348,1.27));
#5715=CARTESIAN_POINT('Origin',(268.604999955297,-4.44499995529647,1.27));
#5716=CARTESIAN_POINT('',(276.049999955297,-4.44499995529652,1.27));
#5717=CARTESIAN_POINT('Origin',(274.779999955296,-4.44499995529651,1.27));
#5718=CARTESIAN_POINT('Origin',(268.604999955297,-4.44499995529647,1.27));
#5719=CARTESIAN_POINT('Origin',(274.779999955297,-27.3049999552966,1.27));
#5720=CARTESIAN_POINT('',(276.049999955296,-71.7549999552965,1.27));
#5721=CARTESIAN_POINT('Origin',(274.779999955296,-71.7549999552965,1.27));
#5722=CARTESIAN_POINT('',(276.049999955297,-27.3049999552966,1.27));
#5723=CARTESIAN_POINT('Origin',(268.604999955297,-71.7549999552965,1.27));
#5724=CARTESIAN_POINT('',(268.604999955297,-79.1999999552965,1.27));
#5725=CARTESIAN_POINT('Origin',(268.604999955297,-77.9299999552965,1.27));
#5726=CARTESIAN_POINT('Origin',(268.604999955297,-71.7549999552965,1.27));
#5727=CARTESIAN_POINT('Origin',(202.564999955297,-77.9299999552965,1.27));
#5728=CARTESIAN_POINT('',(212.184999955296,-79.1999999552965,1.27));
#5729=CARTESIAN_POINT('Origin',(212.184999955296,-77.9299999552965,1.27));
#5730=CARTESIAN_POINT('',(202.564999955297,-79.1999999552965,1.27));
#5731=CARTESIAN_POINT('Origin',(212.184999955297,-80.7399999552966,1.27));
#5732=CARTESIAN_POINT('',(210.644999955296,-80.7399999552965,1.27));
#5733=CARTESIAN_POINT('Origin',(209.374999955296,-80.7399999552965,1.27));
#5734=CARTESIAN_POINT('Origin',(212.184999955297,-80.7399999552966,1.27));
#5735=CARTESIAN_POINT('Origin',(209.374999955297,-65.4524999552965,1.27));
#5736=CARTESIAN_POINT('',(210.644999955296,-97.7899999552965,1.27));
#5737=CARTESIAN_POINT('Origin',(209.374999955297,-97.7899999552965,1.27));
#5738=CARTESIAN_POINT('',(210.644999955296,-65.4524999552965,1.27));
#5739=CARTESIAN_POINT('Origin',(205.104999955296,-97.7899999552965,1.27));
#5740=CARTESIAN_POINT('',(205.104999955297,-103.329999955297,1.27));
#5741=CARTESIAN_POINT('Origin',(205.104999955297,-102.059999955297,1.27));
#5742=CARTESIAN_POINT('Origin',(205.104999955296,-97.7899999552965,1.27));
#5743=CARTESIAN_POINT('Origin',(170.814999955297,-102.059999955297,1.27));
#5744=CARTESIAN_POINT('',(169.327590914745,-103.329999955297,1.27));
#5745=CARTESIAN_POINT('Origin',(169.327590914745,-102.059999955297,1.27));
#5746=CARTESIAN_POINT('',(170.814999955297,-103.329999955297,1.27));
#5747=CARTESIAN_POINT('Origin',(169.327590914745,-97.7899999552964,1.27));
#5748=CARTESIAN_POINT('',(165.410403045863,-101.707555213348,1.27));
#5749=CARTESIAN_POINT('Origin',(166.308386546491,-100.809487491737,1.27));
#5750=CARTESIAN_POINT('Origin',(169.327590914745,-97.7899999552964,1.27));
#5751=CARTESIAN_POINT('Origin',(146.200719764431,-80.7037064109644,1.27));
#5752=CARTESIAN_POINT('',(148.432803434781,-84.7315477651853,1.27));
#5753=CARTESIAN_POINT('Origin',(149.330786935409,-83.8334800435743,1.27));
#5754=CARTESIAN_POINT('',(145.302736263803,-81.6017741325754,1.27));
#5755=CARTESIAN_POINT('Origin',(147.343910056067,-85.820543270131,1.27));
#5756=CARTESIAN_POINT('',(147.343910056067,-84.2805432701309,1.27));
#5757=CARTESIAN_POINT('Origin',(147.343910056067,-83.0105432701309,1.27));
#5758=CARTESIAN_POINT('Origin',(147.343910056067,-85.820543270131,1.27));
#5759=CARTESIAN_POINT('Origin',(141.934455005682,-83.0105432701309,1.27));
#5760=CARTESIAN_POINT('',(142.008814637489,-84.2805432701309,1.27));
#5761=CARTESIAN_POINT('Origin',(142.008814637489,-83.0105432701309,1.27));
#5762=CARTESIAN_POINT('',(141.934455005682,-84.2805432701309,1.27));
#5763=CARTESIAN_POINT('Origin',(133.766907296393,-83.0105432701309,1.27));
#5764=CARTESIAN_POINT('',(131.008814637489,-84.2805432701309,1.27));
#5765=CARTESIAN_POINT('Origin',(131.008814637489,-83.0105432701309,1.27));
#5766=CARTESIAN_POINT('',(125.704645526517,-84.2805432701309,1.27));
#5767=CARTESIAN_POINT('',(133.766907296393,-84.2805432701309,1.27));
#5768=CARTESIAN_POINT('Origin',(125.704645526517,-83.0105432701309,1.27));
#5769=CARTESIAN_POINT('Origin',(125.704645526517,-85.8205432701309,1.27));
#5770=CARTESIAN_POINT('',(124.615701083489,-84.7315988271036,1.27));
#5771=CARTESIAN_POINT('Origin',(123.717675471383,-83.8335732149967,1.27));
#5772=CARTESIAN_POINT('Origin',(125.704645526517,-85.8205432701309,1.27));
#5773=CARTESIAN_POINT('Origin',(135.336649907286,-72.2145987790932,1.27));
#5774=CARTESIAN_POINT('',(107.639928387523,-101.70737152307,1.27));
#5775=CARTESIAN_POINT('Origin',(106.741902775416,-100.809345910963,1.27));
#5776=CARTESIAN_POINT('',(136.234675519393,-73.1126243912001,1.27));
#5777=CARTESIAN_POINT('Origin',(103.72255681975,-97.7899999552964,1.27));
#5778=CARTESIAN_POINT('',(103.72255681975,-103.329999955297,1.27));
#5779=CARTESIAN_POINT('Origin',(103.72255681975,-102.059999955297,1.27));
#5780=CARTESIAN_POINT('Origin',(103.72255681975,-97.7899999552964,1.27));
#5781=CARTESIAN_POINT('Origin',(120.123778387523,-102.059999955297,1.27));
#5782=CARTESIAN_POINT('',(67.9449999552965,-103.329999955297,1.27));
#5783=CARTESIAN_POINT('Origin',(67.9449999552965,-102.059999955297,1.27));
#5784=CARTESIAN_POINT('',(120.123778387523,-103.329999955297,1.27));
#5785=CARTESIAN_POINT('Origin',(67.9449999552965,-97.7899999552965,1.27));
#5786=CARTESIAN_POINT('',(62.4049999552965,-97.7899999552965,1.27));
#5787=CARTESIAN_POINT('Origin',(63.6749999552965,-97.7899999552965,1.27));
#5788=CARTESIAN_POINT('Origin',(67.9449999552965,-97.7899999552965,1.27));
#5789=CARTESIAN_POINT('Origin',(63.6749999552965,-73.9774999552965,1.27));
#5790=CARTESIAN_POINT('',(62.4049999552965,-80.7399999552965,1.27));
#5791=CARTESIAN_POINT('Origin',(63.6749999552965,-80.7399999552965,1.27));
#5792=CARTESIAN_POINT('',(62.4049999552965,-73.9774999552965,1.27));
#5793=CARTESIAN_POINT('Origin',(60.8649999552965,-80.7399999552965,1.27));
#5794=CARTESIAN_POINT('',(60.8649999552965,-79.1999999552965,1.27));
#5795=CARTESIAN_POINT('Origin',(60.8649999552965,-77.9299999552965,1.27));
#5796=CARTESIAN_POINT('Origin',(60.8649999552965,-80.7399999552965,1.27));
#5797=CARTESIAN_POINT('Origin',(98.6949999552965,-77.9299999552965,1.27));
#5798=CARTESIAN_POINT('',(4.44499995529652,-79.1999999552965,1.27));
#5799=CARTESIAN_POINT('Origin',(4.44499995529652,-77.9299999552965,1.27));
#5800=CARTESIAN_POINT('',(98.6949999552965,-79.1999999552965,1.27));
#5801=CARTESIAN_POINT('Origin',(4.44499995529652,-71.7549999552965,1.27));
#5802=CARTESIAN_POINT('',(-3.00000004470348,-71.7549999552965,1.27));
#5803=CARTESIAN_POINT('Origin',(-1.73000004470348,-71.7549999552965,1.27));
#5804=CARTESIAN_POINT('Origin',(4.44499995529652,-71.7549999552965,1.27));
#5805=CARTESIAN_POINT('Origin',(-1.73000004470348,-60.9599999552965,1.27));
#5806=CARTESIAN_POINT('',(-3.00000004470348,-4.44499995529652,1.27));
#5807=CARTESIAN_POINT('Origin',(-1.73000004470348,-4.44499995529652,1.27));
#5808=CARTESIAN_POINT('',(-3.00000004470348,-60.9599999552965,1.27));
#5809=CARTESIAN_POINT('Origin',(4.44499995529651,-4.44499995529651,1.27));
#5810=CARTESIAN_POINT('',(4.44499995529652,3.00000004470349,1.27));
#5811=CARTESIAN_POINT('Origin',(4.44499995529652,1.73000004470349,1.27));
#5812=CARTESIAN_POINT('Origin',(4.44499995529651,-4.44499995529651,1.27));
#5813=CARTESIAN_POINT('Origin',(70.4849999552965,1.73000004470349,1.27));
#5814=CARTESIAN_POINT('',(129.00000192225,3.00000004470348,1.27));
#5815=CARTESIAN_POINT('Origin',(129.00000192225,1.73000004470348,1.27));
#5816=CARTESIAN_POINT('',(70.4849999552965,3.00000004470348,1.27));
#5817=CARTESIAN_POINT('Origin',(136.524999955297,-50.1649999552965,0.));
#5818=CARTESIAN_POINT('Origin',(142.730002145767,-16.7300002682209,0.));
#5819=CARTESIAN_POINT('',(142.730002145767,-18.0000002682209,0.));
#5820=CARTESIAN_POINT('',(144.000002145767,-16.7300002682209,0.));
#5821=CARTESIAN_POINT('Origin',(130.27000192225,-18.0000002682209,0.));
#5822=CARTESIAN_POINT('',(130.27000192225,-18.0000002682209,0.));
#5823=CARTESIAN_POINT('Origin',(130.27000192225,-16.7300002682209,0.));
#5824=CARTESIAN_POINT('',(129.00000192225,-16.7300002682209,0.));
#5825=CARTESIAN_POINT('Origin',(131.008814637489,-77.0505432701309,2.));
#5826=CARTESIAN_POINT('',(131.008814637489,-77.0505432701309,2.));
#5827=CARTESIAN_POINT('',(131.008814637489,-84.2805432701309,2.));
#5828=CARTESIAN_POINT('Origin',(132.278814637489,-77.050543270131,2.));
#5829=CARTESIAN_POINT('',(132.278814637489,-75.7805432701309,2.));
#5830=CARTESIAN_POINT('Origin',(140.738814637489,-75.7805432701309,2.));
#5831=CARTESIAN_POINT('',(140.738814637489,-75.7805432701309,2.));
#5832=CARTESIAN_POINT('Origin',(140.738814637489,-77.050543270131,2.));
#5833=CARTESIAN_POINT('',(142.008814637489,-77.0505432701309,2.));
#5834=CARTESIAN_POINT('Origin',(142.008814637489,-84.2805432701309,2.));
#5835=CARTESIAN_POINT('',(142.008814637489,-84.2805432701309,2.));
#5836=CARTESIAN_POINT('',(142.008814637489,-84.2805432701309,2.));
#5837=CARTESIAN_POINT('',(142.008814637489,-67.2227716127137,2.));
#5838=CARTESIAN_POINT('Origin',(63.6749999552965,-65.4524999552965,10.73));
#5839=CARTESIAN_POINT('',(63.6749999552965,-80.7399999552965,12.));
#5840=CARTESIAN_POINT('',(62.4049999552965,-80.7399999552965,10.73));
#5841=CARTESIAN_POINT('Origin',(63.6749999552965,-80.7399999552965,10.73));
#5842=CARTESIAN_POINT('',(62.4049999552965,-97.7899999552965,10.73));
#5843=CARTESIAN_POINT('',(62.4049999552965,-65.4524999552965,10.73));
#5844=CARTESIAN_POINT('',(63.6749999552965,-97.7899999552965,12.));
#5845=CARTESIAN_POINT('Origin',(63.6749999552965,-97.7899999552965,10.73));
#5846=CARTESIAN_POINT('',(63.6749999552965,-65.4524999552965,12.));
#5847=CARTESIAN_POINT('Origin',(67.9449999552965,-97.7899999552965,10.73));
#5848=CARTESIAN_POINT('',(67.9449999552965,-103.329999955297,10.73));
#5849=CARTESIAN_POINT('',(67.9449999552965,-102.059999955297,12.));
#5850=CARTESIAN_POINT('Origin',(67.9449999552965,-102.059999955297,10.73));
#5851=CARTESIAN_POINT('Origin',(67.9449999552965,-97.7899999552965,12.));
#5852=CARTESIAN_POINT('Origin',(67.9449999552965,-97.7899999552965,10.73));
#5853=CARTESIAN_POINT('Origin',(102.234999955297,-102.059999955297,10.73));
#5854=CARTESIAN_POINT('',(103.72255681975,-103.329999955297,10.73));
#5855=CARTESIAN_POINT('',(103.72255681975,-102.059999955297,12.));
#5856=CARTESIAN_POINT('Origin',(103.72255681975,-102.059999955297,10.73));
#5857=CARTESIAN_POINT('',(102.234999955297,-102.059999955297,12.));
#5858=CARTESIAN_POINT('',(102.234999955297,-103.329999955297,10.73));
#5859=CARTESIAN_POINT('Origin',(103.72255681975,-97.7899999552964,10.73));
#5860=CARTESIAN_POINT('',(107.639928387523,-101.70737152307,10.73));
#5861=CARTESIAN_POINT('',(106.741902775416,-100.809345910963,12.));
#5862=CARTESIAN_POINT('Origin',(106.741902775416,-100.809345910963,10.73));
#5863=CARTESIAN_POINT('Origin',(103.72255681975,-97.7899999552964,12.));
#5864=CARTESIAN_POINT('Origin',(103.72255681975,-97.7899999552964,10.73));
#5865=CARTESIAN_POINT('Origin',(126.848763559303,-80.7024851270764,10.73));
#5866=CARTESIAN_POINT('',(124.615701083489,-84.7315988271036,10.73));
#5867=CARTESIAN_POINT('',(123.717675471382,-83.8335732149967,12.));
#5868=CARTESIAN_POINT('Origin',(123.717675471382,-83.8335732149967,10.73));
#5869=CARTESIAN_POINT('',(126.848763559303,-80.7024851270764,12.));
#5870=CARTESIAN_POINT('',(127.74678917141,-81.6005107391833,10.73));
#5871=CARTESIAN_POINT('Origin',(125.704645526517,-85.820543270131,10.73));
#5872=CARTESIAN_POINT('',(125.704645526517,-84.2805432701309,10.73));
#5873=CARTESIAN_POINT('',(125.704645526517,-83.0105432701309,12.));
#5874=CARTESIAN_POINT('Origin',(125.704645526517,-83.0105432701309,10.73));
#5875=CARTESIAN_POINT('Origin',(125.704645526517,-85.820543270131,12.));
#5876=CARTESIAN_POINT('Origin',(125.704645526517,-85.820543270131,10.73));
#5877=CARTESIAN_POINT('Origin',(131.114822740907,-83.0105432701309,10.73));
#5878=CARTESIAN_POINT('',(147.343910056067,-84.2805432701309,10.73));
#5879=CARTESIAN_POINT('',(147.343910056067,-83.0105432701309,12.));
#5880=CARTESIAN_POINT('Origin',(147.343910056067,-83.0105432701309,10.73));
#5881=CARTESIAN_POINT('',(131.114822740907,-83.0105432701309,12.));
#5882=CARTESIAN_POINT('',(131.114822740907,-84.2805432701309,10.73));
#5883=CARTESIAN_POINT('Origin',(147.343910056067,-85.820543270131,10.73));
#5884=CARTESIAN_POINT('',(148.432803434781,-84.7315477651853,10.73));
#5885=CARTESIAN_POINT('',(149.330786935409,-83.8334800435743,12.));
#5886=CARTESIAN_POINT('Origin',(149.330786935409,-83.8334800435743,10.73));
#5887=CARTESIAN_POINT('Origin',(147.343910056067,-85.820543270131,12.));
#5888=CARTESIAN_POINT('Origin',(147.343910056067,-85.820543270131,10.73));
#5889=CARTESIAN_POINT('Origin',(137.711919958891,-72.2157026868832,10.73));
#5890=CARTESIAN_POINT('',(165.410403045863,-101.707555213348,10.73));
#5891=CARTESIAN_POINT('',(166.308386546491,-100.809487491737,12.));
#5892=CARTESIAN_POINT('Origin',(166.308386546491,-100.809487491737,10.73));
#5893=CARTESIAN_POINT('',(137.711919958891,-72.2157026868832,12.));
#5894=CARTESIAN_POINT('',(136.813936458262,-73.1137704084942,10.73));
#5895=CARTESIAN_POINT('Origin',(169.327590914745,-97.7899999552965,10.73));
#5896=CARTESIAN_POINT('',(169.327590914745,-103.329999955297,10.73));
#5897=CARTESIAN_POINT('',(169.327590914745,-102.059999955297,12.));
#5898=CARTESIAN_POINT('Origin',(169.327590914745,-102.059999955297,10.73));
#5899=CARTESIAN_POINT('Origin',(169.327590914745,-97.7899999552965,12.));
#5900=CARTESIAN_POINT('Origin',(169.327590914745,-97.7899999552965,10.73));
#5901=CARTESIAN_POINT('Origin',(152.926295435021,-102.059999955296,10.73));
#5902=CARTESIAN_POINT('',(205.104999955297,-103.329999955297,10.73));
#5903=CARTESIAN_POINT('',(205.104999955297,-102.059999955297,12.));
#5904=CARTESIAN_POINT('Origin',(205.104999955297,-102.059999955297,10.73));
#5905=CARTESIAN_POINT('',(152.926295435021,-102.059999955296,12.));
#5906=CARTESIAN_POINT('',(152.926295435021,-103.329999955297,10.73));
#5907=CARTESIAN_POINT('Origin',(205.104999955296,-97.7899999552965,10.73));
#5908=CARTESIAN_POINT('',(210.644999955296,-97.7899999552965,10.73));
#5909=CARTESIAN_POINT('',(209.374999955297,-97.7899999552965,12.));
#5910=CARTESIAN_POINT('Origin',(209.374999955297,-97.7899999552965,10.73));
#5911=CARTESIAN_POINT('Origin',(205.104999955296,-97.7899999552965,12.));
#5912=CARTESIAN_POINT('Origin',(205.104999955296,-97.7899999552965,10.73));
#5913=CARTESIAN_POINT('Origin',(209.374999955297,-73.9774999552965,10.73));
#5914=CARTESIAN_POINT('',(210.644999955296,-80.7399999552965,10.73));
#5915=CARTESIAN_POINT('',(209.374999955297,-80.7399999552965,12.));
#5916=CARTESIAN_POINT('Origin',(209.374999955297,-80.7399999552965,10.73));
#5917=CARTESIAN_POINT('',(209.374999955297,-73.9774999552965,12.));
#5918=CARTESIAN_POINT('',(210.644999955296,-73.9774999552965,10.73));
#5919=CARTESIAN_POINT('Origin',(212.184999955297,-80.7399999552965,10.73));
#5920=CARTESIAN_POINT('',(212.184999955296,-79.1999999552965,10.73));
#5921=CARTESIAN_POINT('',(212.184999955296,-77.9299999552965,12.));
#5922=CARTESIAN_POINT('Origin',(212.184999955296,-77.9299999552965,10.73));
#5923=CARTESIAN_POINT('Origin',(212.184999955297,-80.7399999552965,12.));
#5924=CARTESIAN_POINT('Origin',(212.184999955297,-80.7399999552965,10.73));
#5925=CARTESIAN_POINT('Origin',(174.354999955297,-77.9299999552966,10.73));
#5926=CARTESIAN_POINT('',(268.604999955297,-79.1999999552965,10.73));
#5927=CARTESIAN_POINT('',(268.604999955297,-77.9299999552965,12.));
#5928=CARTESIAN_POINT('Origin',(268.604999955297,-77.9299999552965,10.73));
#5929=CARTESIAN_POINT('',(174.354999955297,-77.9299999552966,12.));
#5930=CARTESIAN_POINT('',(174.354999955297,-79.1999999552965,10.73));
#5931=CARTESIAN_POINT('Origin',(268.604999955297,-71.7549999552965,10.73));
#5932=CARTESIAN_POINT('',(276.049999955296,-71.7549999552965,10.73));
#5933=CARTESIAN_POINT('',(274.779999955296,-71.7549999552965,12.));
#5934=CARTESIAN_POINT('Origin',(274.779999955296,-71.7549999552965,10.73));
#5935=CARTESIAN_POINT('Origin',(268.604999955297,-71.7549999552965,12.));
#5936=CARTESIAN_POINT('Origin',(268.604999955297,-71.7549999552965,10.73));
#5937=CARTESIAN_POINT('Origin',(274.779999955296,-60.9599999552966,10.73));
#5938=CARTESIAN_POINT('',(276.049999955297,-4.44499995529652,10.73));
#5939=CARTESIAN_POINT('',(274.779999955297,-4.44499995529652,12.));
#5940=CARTESIAN_POINT('Origin',(274.779999955297,-4.44499995529652,10.73));
#5941=CARTESIAN_POINT('',(274.779999955296,-60.9599999552966,12.));
#5942=CARTESIAN_POINT('',(276.049999955296,-60.9599999552966,10.73));
#5943=CARTESIAN_POINT('Origin',(268.604999955297,-4.44499995529651,10.73));
#5944=CARTESIAN_POINT('',(268.604999955297,3.00000004470348,10.73));
#5945=CARTESIAN_POINT('',(268.604999955297,1.73000004470348,12.));
#5946=CARTESIAN_POINT('Origin',(268.604999955297,1.73000004470348,10.73));
#5947=CARTESIAN_POINT('Origin',(268.604999955297,-4.44499995529651,12.));
#5948=CARTESIAN_POINT('Origin',(268.604999955297,-4.44499995529651,10.73));
#5949=CARTESIAN_POINT('Origin',(202.564999955297,1.73000004470348,10.73));
#5950=CARTESIAN_POINT('',(4.44499995529652,3.00000004470348,10.73));
#5951=CARTESIAN_POINT('',(4.4449999552965,1.73000004470348,12.));
#5952=CARTESIAN_POINT('Origin',(4.4449999552965,1.73000004470348,10.73));
#5953=CARTESIAN_POINT('',(202.564999955297,1.73000004470348,12.));
#5954=CARTESIAN_POINT('',(202.564999955297,3.00000004470348,10.73));
#5955=CARTESIAN_POINT('Origin',(4.44499995529651,-4.44499995529651,10.73));
#5956=CARTESIAN_POINT('',(-3.00000004470348,-4.44499995529652,10.73));
#5957=CARTESIAN_POINT('',(-1.73000004470348,-4.44499995529652,12.));
#5958=CARTESIAN_POINT('Origin',(-1.73000004470348,-4.44499995529652,10.73));
#5959=CARTESIAN_POINT('Origin',(4.44499995529651,-4.44499995529651,12.));
#5960=CARTESIAN_POINT('Origin',(4.44499995529651,-4.44499995529651,10.73));
#5961=CARTESIAN_POINT('Origin',(-1.73000004470349,-27.3049999552965,10.73));
#5962=CARTESIAN_POINT('',(-3.00000004470348,-71.7549999552965,10.73));
#5963=CARTESIAN_POINT('',(-1.73000004470348,-71.7549999552965,12.));
#5964=CARTESIAN_POINT('Origin',(-1.73000004470348,-71.7549999552965,10.73));
#5965=CARTESIAN_POINT('',(-1.73000004470349,-27.3049999552965,12.));
#5966=CARTESIAN_POINT('',(-3.00000004470348,-27.3049999552965,10.73));
#5967=CARTESIAN_POINT('Origin',(4.44499995529652,-71.7549999552965,10.73));
#5968=CARTESIAN_POINT('',(4.44499995529652,-79.1999999552965,10.73));
#5969=CARTESIAN_POINT('',(4.44499995529652,-77.9299999552965,12.));
#5970=CARTESIAN_POINT('Origin',(4.44499995529652,-77.9299999552965,10.73));
#5971=CARTESIAN_POINT('Origin',(4.44499995529652,-71.7549999552965,12.));
#5972=CARTESIAN_POINT('Origin',(4.44499995529652,-71.7549999552965,10.73));
#5973=CARTESIAN_POINT('Origin',(70.4849999552965,-77.9299999552965,10.73));
#5974=CARTESIAN_POINT('',(60.8649999552965,-79.1999999552965,10.73));
#5975=CARTESIAN_POINT('',(60.8649999552965,-77.9299999552965,12.));
#5976=CARTESIAN_POINT('Origin',(60.8649999552965,-77.9299999552965,10.73));
#5977=CARTESIAN_POINT('',(70.4849999552965,-77.9299999552965,12.));
#5978=CARTESIAN_POINT('',(70.4849999552965,-79.1999999552965,10.73));
#5979=CARTESIAN_POINT('Origin',(60.8649999552965,-80.7399999552965,10.73));
#5980=CARTESIAN_POINT('Origin',(60.8649999552965,-80.7399999552965,12.));
#5981=CARTESIAN_POINT('Origin',(60.8649999552965,-80.7399999552965,10.73));
#5982=CARTESIAN_POINT('Origin',(205.104999955296,-97.7899999552965,2.));
#5983=CARTESIAN_POINT('',(205.104999955297,-103.329999955297,2.));
#5984=CARTESIAN_POINT('',(210.644999955296,-97.7899999552965,2.));
#5985=CARTESIAN_POINT('Origin',(169.327590914745,-103.329999955297,2.));
#5986=CARTESIAN_POINT('',(169.327590914745,-103.329999955297,2.));
#5987=CARTESIAN_POINT('Origin',(169.327590914745,-97.7899999552965,2.));
#5988=CARTESIAN_POINT('',(165.410403045863,-101.707555213348,2.));
#5989=CARTESIAN_POINT('Origin',(148.432803434781,-84.7315477651853,2.));
#5990=CARTESIAN_POINT('',(148.432803434781,-84.7315477651853,2.));
#5991=CARTESIAN_POINT('Origin',(147.343910056067,-85.820543270131,2.));
#5992=CARTESIAN_POINT('',(147.343910056067,-84.2805432701309,2.));
#5993=CARTESIAN_POINT('Origin',(125.704645526517,-84.2805432701309,2.));
#5994=CARTESIAN_POINT('',(125.704645526517,-84.2805432701309,2.));
#5995=CARTESIAN_POINT('',(131.000001952052,-84.2805432701309,4.23000002980232));
#5996=CARTESIAN_POINT('',(131.000001952052,-84.2805432701309,2.00000001490116));
#5997=CARTESIAN_POINT('',(132.270001952052,-84.2805432701309,5.50000002980231));
#5998=CARTESIAN_POINT('Origin',(132.270001952052,-84.2805432701309,4.2300000298023));
#5999=CARTESIAN_POINT('',(140.730001952052,-84.2805432701309,5.50000002980233));
#6000=CARTESIAN_POINT('',(128.987323739284,-84.2805432701309,5.5000000298023));
#6001=CARTESIAN_POINT('',(142.000001952052,-84.2805432701309,4.23000002980232));
#6002=CARTESIAN_POINT('Origin',(140.730001952052,-84.2805432701309,4.23000002980229));
#6003=CARTESIAN_POINT('',(142.000001952052,-84.2805432701309,2.00000002980232));
#6004=CARTESIAN_POINT('',(142.000001952052,-84.2805432701309,3.11500001490116));
#6005=CARTESIAN_POINT('',(125.704645526517,-84.2805432701309,2.));
#6006=CARTESIAN_POINT('Origin',(125.704645526517,-85.820543270131,2.));
#6007=CARTESIAN_POINT('',(124.615701083489,-84.7315988271036,2.));
#6008=CARTESIAN_POINT('Origin',(107.639928387523,-101.70737152307,2.));
#6009=CARTESIAN_POINT('',(107.639928387523,-101.70737152307,2.));
#6010=CARTESIAN_POINT('Origin',(103.72255681975,-97.7899999552964,2.));
#6011=CARTESIAN_POINT('',(103.72255681975,-103.329999955297,2.));
#6012=CARTESIAN_POINT('Origin',(67.9449999552965,-103.329999955297,2.));
#6013=CARTESIAN_POINT('',(67.9449999552965,-103.329999955297,2.));
#6014=CARTESIAN_POINT('Origin',(67.9449999552965,-97.7899999552965,2.));
#6015=CARTESIAN_POINT('',(62.4049999552965,-97.7899999552965,2.));
#6016=CARTESIAN_POINT('Origin',(62.4049999552965,-80.7399999552965,2.));
#6017=CARTESIAN_POINT('',(62.4049999552965,-80.7399999552965,2.));
#6018=CARTESIAN_POINT('Origin',(136.524999955297,-50.1649999552965,12.));
#6019=CARTESIAN_POINT('',(166.823069106344,-100.293144850084,12.));
#6020=CARTESIAN_POINT('',(149.261713208003,-82.7316045733578,12.));
#6021=CARTESIAN_POINT('',(166.823069106344,-100.293144850084,12.));
#6022=CARTESIAN_POINT('',(148.172763048553,-82.2805432999333,12.));
#6023=CARTESIAN_POINT('Origin',(148.172763048553,-83.8205432999333,12.));
#6024=CARTESIAN_POINT('',(124.876545556319,-82.2805432999333,12.));
#6025=CARTESIAN_POINT('',(124.876545556319,-82.2805432999333,12.));
#6026=CARTESIAN_POINT('',(123.787601113292,-82.731598856906,12.));
#6027=CARTESIAN_POINT('Origin',(124.876545556319,-83.8205432999334,12.));
#6028=CARTESIAN_POINT('',(106.226041979698,-100.293157990499,12.));
#6029=CARTESIAN_POINT('',(106.226041979698,-100.293157990499,12.));
#6030=CARTESIAN_POINT('',(103.722883974298,-101.329999985099,12.));
#6031=CARTESIAN_POINT('Origin',(103.722883974298,-97.789999985099,12.));
#6032=CARTESIAN_POINT('',(67.9449999850988,-101.329999985099,12.));
#6033=CARTESIAN_POINT('',(67.9449999850988,-101.329999985099,12.));
#6034=CARTESIAN_POINT('',(64.4049999850989,-97.7899999850989,12.));
#6035=CARTESIAN_POINT('Origin',(67.9449999850988,-97.7899999850989,12.));
#6036=CARTESIAN_POINT('',(64.4049999850989,-78.7399999850988,12.));
#6037=CARTESIAN_POINT('',(64.4049999850989,-78.7399999850988,12.));
#6038=CARTESIAN_POINT('',(62.8649999850989,-77.1999999850988,12.));
#6039=CARTESIAN_POINT('Origin',(62.8649999850988,-78.7399999850988,12.));
#6040=CARTESIAN_POINT('',(4.44499998509883,-77.1999999850989,12.));
#6041=CARTESIAN_POINT('',(4.44499998509884,-77.1999999850989,12.));
#6042=CARTESIAN_POINT('',(-1.00000001490116,-71.7549999850988,12.));
#6043=CARTESIAN_POINT('Origin',(4.44499998509883,-71.7549999850989,12.));
#6044=CARTESIAN_POINT('',(-1.00000001490116,-4.44499998509883,12.));
#6045=CARTESIAN_POINT('',(-1.00000001490116,-4.44499998509884,12.));
#6046=CARTESIAN_POINT('',(4.44499998509912,1.00000001490116,12.));
#6047=CARTESIAN_POINT('Origin',(4.44499998509932,-4.44499998509932,12.));
#6048=CARTESIAN_POINT('',(268.60391335543,1.00000001490118,12.));
#6049=CARTESIAN_POINT('',(268.60391335543,1.00000001490119,12.));
#6050=CARTESIAN_POINT('',(274.04891335543,-4.44499998509885,12.));
#6051=CARTESIAN_POINT('Origin',(268.60391335543,-4.44499998509884,12.));
#6052=CARTESIAN_POINT('',(274.04891335543,-71.7549999850988,12.));
#6053=CARTESIAN_POINT('',(274.04891335543,-71.7549999850988,12.));
#6054=CARTESIAN_POINT('',(268.60391335543,-77.1999999850988,12.));
#6055=CARTESIAN_POINT('Origin',(268.60391335543,-71.7549999850988,12.));
#6056=CARTESIAN_POINT('',(210.18391335543,-77.1999999850989,12.));
#6057=CARTESIAN_POINT('',(210.18391335543,-77.1999999850989,12.));
#6058=CARTESIAN_POINT('',(208.64391335543,-78.7399999850988,12.));
#6059=CARTESIAN_POINT('Origin',(210.18391335543,-78.7399999850988,12.));
#6060=CARTESIAN_POINT('',(208.64391335543,-97.7899999850989,12.));
#6061=CARTESIAN_POINT('',(208.64391335543,-97.7899999850989,12.));
#6062=CARTESIAN_POINT('',(205.10391335543,-101.329999985099,12.));
#6063=CARTESIAN_POINT('Origin',(205.10391335543,-97.7899999850989,12.));
#6064=CARTESIAN_POINT('',(169.326240252091,-101.329999985099,12.));
#6065=CARTESIAN_POINT('',(205.10391335543,-101.329999985099,12.));
#6066=CARTESIAN_POINT('Origin',(169.326240252091,-97.7899999850987,12.));
#6067=CARTESIAN_POINT('Origin',(129.00000192225,3.00000004470348,3.7300000745058));
#6068=CARTESIAN_POINT('',(129.00000192225,3.00000004470348,3.7300000745058));
#6069=CARTESIAN_POINT('',(129.00000192225,3.00000004470348,2.8650000372529));
#6070=CARTESIAN_POINT('',(129.00000192225,1.00000004470348,3.7300000745058));
#6071=CARTESIAN_POINT('',(129.00000192225,3.00000004470348,3.7300000745058));
#6072=CARTESIAN_POINT('',(129.00000192225,1.00000001490117,2.8650000372529));
#6073=CARTESIAN_POINT('Origin',(130.27000192225,3.00000004470348,3.73000007450579));
#6074=CARTESIAN_POINT('',(130.27000192225,3.00000004470348,5.00000007450579));
#6075=CARTESIAN_POINT('Origin',(130.27000192225,3.00000004470348,3.73000007450579));
#6076=CARTESIAN_POINT('',(130.27000192225,1.00000004470348,5.00000007450579));
#6077=CARTESIAN_POINT('',(130.27000192225,3.00000004470348,5.00000007450579));
#6078=CARTESIAN_POINT('Origin',(130.27000192225,1.00000001490116,3.73000007450579));
#6079=CARTESIAN_POINT('Origin',(142.730002145767,3.00000004470348,5.00000007450579));
#6080=CARTESIAN_POINT('',(142.730002145767,3.00000004470348,5.00000007450579));
#6081=CARTESIAN_POINT('',(205.667501050532,3.00000004470348,5.00000007450579));
#6082=CARTESIAN_POINT('',(142.730002145767,1.00000004470348,5.00000007450579));
#6083=CARTESIAN_POINT('',(142.730002145767,3.00000004470348,5.00000007450579));
#6084=CARTESIAN_POINT('',(73.5875010654332,1.00000001490117,5.00000007450579));
#6085=CARTESIAN_POINT('Origin',(142.730002145767,3.00000004470348,3.73000007450579));
#6086=CARTESIAN_POINT('',(144.000002145767,3.00000004470348,3.73000007450581));
#6087=CARTESIAN_POINT('Origin',(142.730002145767,3.00000004470348,3.73000007450579));
#6088=CARTESIAN_POINT('',(144.000002145767,1.00000004470348,3.73000007450581));
#6089=CARTESIAN_POINT('',(144.000002145767,3.00000004470348,3.73000007450581));
#6090=CARTESIAN_POINT('Origin',(142.730002145767,1.00000001490116,3.73000007450579));
#6091=CARTESIAN_POINT('Origin',(144.000002145767,3.00000004470348,2.00000002980232));
#6092=CARTESIAN_POINT('',(144.000002145767,3.00000004470348,2.00000001490116));
#6093=CARTESIAN_POINT('',(144.000002145767,1.00000001490117,2.00000001490116));
#6094=CARTESIAN_POINT('Origin',(136.524999955297,-50.1649999552965,2.));
#6095=CARTESIAN_POINT('',(142.000001952052,-82.2805432701309,2.00000002980232));
#6096=CARTESIAN_POINT('',(142.000001952052,-67.2227716127137,2.));
#6097=CARTESIAN_POINT('',(124.876545556319,-82.2805432999333,2.));
#6098=CARTESIAN_POINT('Origin',(268.604999955297,3.00000004470348,2.));
#6099=CARTESIAN_POINT('',(268.604999955297,3.00000004470348,2.));
#6100=CARTESIAN_POINT('',(4.44499995529652,3.00000004470348,2.));
#6101=CARTESIAN_POINT('Origin',(131.000001952052,-84.2805432701309,2.00000002980232));
#6102=CARTESIAN_POINT('',(131.000001952052,-82.2805432701309,4.23000002980232));
#6103=CARTESIAN_POINT('',(131.000001952052,-82.2805432999333,2.00000001490116));
#6104=CARTESIAN_POINT('',(131.000001952052,-84.2805432701309,4.23000002980232));
#6105=CARTESIAN_POINT('Origin',(142.000001952052,-84.2805432701309,4.23000002980232));
#6106=CARTESIAN_POINT('',(142.000001952052,-82.2805432701309,4.23000002980232));
#6107=CARTESIAN_POINT('',(142.000001952052,-84.2805432701309,4.23000002980232));
#6108=CARTESIAN_POINT('',(142.000001952052,-82.2805432999333,3.11500001490116));
#6109=CARTESIAN_POINT('Origin',(140.730001952052,-84.2805432701309,4.23000002980229));
#6110=CARTESIAN_POINT('',(140.730001952052,-82.2805432701309,5.50000002980233));
#6111=CARTESIAN_POINT('',(140.730001952052,-84.2805432701309,5.50000002980233));
#6112=CARTESIAN_POINT('Origin',(140.730001952052,-82.2805432999333,4.23000002980229));
#6113=CARTESIAN_POINT('Origin',(132.270001952052,-84.2805432701309,5.50000002980231));
#6114=CARTESIAN_POINT('',(132.270001952052,-82.2805432701309,5.50000002980231));
#6115=CARTESIAN_POINT('',(132.270001952052,-84.2805432701309,5.50000002980231));
#6116=CARTESIAN_POINT('',(140.221382500303,-82.2805432999333,5.50000002980233));
#6117=CARTESIAN_POINT('Origin',(132.270001952052,-84.2805432701309,4.2300000298023));
#6118=CARTESIAN_POINT('Origin',(132.270001952052,-82.2805432999333,4.2300000298023));
#6119=CARTESIAN_POINT('Origin',(148.172763048553,-82.2805432999333,2.));
#6120=CARTESIAN_POINT('',(124.876545556319,-82.2805432999333,2.));
#6121=CARTESIAN_POINT('',(148.172763048553,-82.2805432999333,2.));
#6122=CARTESIAN_POINT('Origin',(169.326240252091,-97.7899999850987,2.));
#6123=CARTESIAN_POINT('',(166.823069106344,-100.293144850084,2.));
#6124=CARTESIAN_POINT('',(169.326240252091,-101.329999985099,2.));
#6125=CARTESIAN_POINT('Origin',(205.10391335543,-101.329999985099,2.));
#6126=CARTESIAN_POINT('',(205.10391335543,-101.329999985099,2.));
#6127=CARTESIAN_POINT('Origin',(205.10391335543,-97.7899999850989,2.));
#6128=CARTESIAN_POINT('',(208.64391335543,-97.7899999850989,2.));
#6129=CARTESIAN_POINT('Origin',(208.64391335543,-78.7399999850988,2.));
#6130=CARTESIAN_POINT('',(208.64391335543,-78.7399999850988,2.));
#6131=CARTESIAN_POINT('Origin',(210.18391335543,-78.7399999850988,2.));
#6132=CARTESIAN_POINT('',(210.18391335543,-77.1999999850989,2.));
#6133=CARTESIAN_POINT('Origin',(268.60391335543,-77.1999999850988,2.));
#6134=CARTESIAN_POINT('',(268.60391335543,-77.1999999850988,2.));
#6135=CARTESIAN_POINT('Origin',(268.60391335543,-71.7549999850988,2.));
#6136=CARTESIAN_POINT('',(274.04891335543,-71.7549999850988,2.));
#6137=CARTESIAN_POINT('Origin',(274.04891335543,-4.44499998509885,2.));
#6138=CARTESIAN_POINT('',(274.04891335543,-4.44499998509885,2.));
#6139=CARTESIAN_POINT('Origin',(268.60391335543,-4.44499998509884,2.));
#6140=CARTESIAN_POINT('',(268.60391335543,1.00000001490119,2.));
#6141=CARTESIAN_POINT('Origin',(4.44499998509912,1.00000001490116,2.));
#6142=CARTESIAN_POINT('',(4.44499998509912,1.00000001490116,2.));
#6143=CARTESIAN_POINT('Origin',(4.44499998509932,-4.44499998509932,2.));
#6144=CARTESIAN_POINT('',(-1.00000001490116,-4.44499998509884,2.));
#6145=CARTESIAN_POINT('Origin',(-1.00000001490116,-71.7549999850988,2.));
#6146=CARTESIAN_POINT('',(-1.00000001490116,-71.7549999850988,2.));
#6147=CARTESIAN_POINT('Origin',(4.44499998509883,-71.7549999850989,2.));
#6148=CARTESIAN_POINT('',(4.44499998509884,-77.1999999850989,2.));
#6149=CARTESIAN_POINT('Origin',(62.8649999850988,-77.1999999850988,2.));
#6150=CARTESIAN_POINT('',(62.8649999850988,-77.1999999850988,2.));
#6151=CARTESIAN_POINT('Origin',(62.8649999850988,-78.7399999850988,2.));
#6152=CARTESIAN_POINT('',(64.4049999850989,-78.7399999850988,2.));
#6153=CARTESIAN_POINT('Origin',(64.4049999850988,-97.7899999850989,2.));
#6154=CARTESIAN_POINT('',(64.4049999850988,-97.7899999850989,2.));
#6155=CARTESIAN_POINT('Origin',(67.9449999850988,-97.7899999850989,2.));
#6156=CARTESIAN_POINT('',(67.9449999850988,-101.329999985099,2.));
#6157=CARTESIAN_POINT('Origin',(103.722883974298,-101.329999985099,2.));
#6158=CARTESIAN_POINT('',(103.722883974298,-101.329999985099,2.));
#6159=CARTESIAN_POINT('Origin',(103.722883974298,-97.789999985099,2.));
#6160=CARTESIAN_POINT('',(106.226041979698,-100.293157990499,2.));
#6161=CARTESIAN_POINT('Origin',(123.787601113292,-82.731598856906,2.));
#6162=CARTESIAN_POINT('',(123.787601113292,-82.731598856906,2.));
#6163=CARTESIAN_POINT('Origin',(124.876545556319,-83.8205432999334,2.));
#6164=CARTESIAN_POINT('Origin',(148.172763048553,-83.8205432999333,2.));
#6165=CARTESIAN_POINT('',(149.261713208003,-82.7316045733578,2.));
#6166=CARTESIAN_POINT('Origin',(166.823069106344,-100.293144850084,2.));
#6167=CARTESIAN_POINT('Origin',(212.184999955296,-79.1999999552965,2.));
#6168=CARTESIAN_POINT('',(212.184999955296,-79.1999999552965,2.));
#6169=CARTESIAN_POINT('',(268.604999955297,-79.1999999552965,2.));
#6170=CARTESIAN_POINT('Origin',(212.184999955297,-80.7399999552965,2.));
#6171=CARTESIAN_POINT('',(210.644999955296,-80.7399999552965,2.));
#6172=CARTESIAN_POINT('Origin',(210.644999955296,-97.7899999552965,2.));
#6173=CARTESIAN_POINT('Origin',(60.8649999552965,-80.7399999552965,2.));
#6174=CARTESIAN_POINT('',(60.8649999552965,-79.1999999552965,2.));
#6175=CARTESIAN_POINT('Origin',(4.44499995529652,-79.1999999552965,2.));
#6176=CARTESIAN_POINT('',(4.44499995529652,-79.1999999552965,2.));
#6177=CARTESIAN_POINT('Origin',(4.44499995529652,-71.7549999552965,2.));
#6178=CARTESIAN_POINT('',(-3.00000004470348,-71.7549999552965,2.));
#6179=CARTESIAN_POINT('Origin',(-3.00000004470348,-4.44499995529652,2.));
#6180=CARTESIAN_POINT('',(-3.00000004470348,-4.44499995529652,2.));
#6181=CARTESIAN_POINT('Origin',(4.44499995529651,-4.44499995529651,2.));
#6182=CARTESIAN_POINT('Origin',(268.604999955297,-4.44499995529651,2.));
#6183=CARTESIAN_POINT('',(276.049999955297,-4.44499995529652,2.));
#6184=CARTESIAN_POINT('Origin',(276.049999955296,-71.7549999552965,2.));
#6185=CARTESIAN_POINT('',(276.049999955296,-71.7549999552965,2.));
#6186=CARTESIAN_POINT('Origin',(268.604999955297,-71.7549999552965,2.));
#6187=UNCERTAINTY_MEASURE_WITH_UNIT(LENGTH_MEASURE(0.01),#6191,
'DISTANCE_ACCURACY_VALUE',
'Maximum model space distance between geometric entities at asserted c
onnectivities');
#6188=UNCERTAINTY_MEASURE_WITH_UNIT(LENGTH_MEASURE(0.01),#6191,
'DISTANCE_ACCURACY_VALUE',
'Maximum model space distance between geometric entities at asserted c
onnectivities');
#6189=(
GEOMETRIC_REPRESENTATION_CONTEXT(3)
GLOBAL_UNCERTAINTY_ASSIGNED_CONTEXT((#6187))
GLOBAL_UNIT_ASSIGNED_CONTEXT((#6191,#6193,#6194))
REPRESENTATION_CONTEXT('','3D')
);
#6190=(
GEOMETRIC_REPRESENTATION_CONTEXT(3)
GLOBAL_UNCERTAINTY_ASSIGNED_CONTEXT((#6188))
GLOBAL_UNIT_ASSIGNED_CONTEXT((#6191,#6193,#6194))
REPRESENTATION_CONTEXT('','3D')
);
#6191=(
LENGTH_UNIT()
NAMED_UNIT(*)
SI_UNIT(.MILLI.,.METRE.)
);
#6192=(
LENGTH_UNIT()
NAMED_UNIT(*)
SI_UNIT($,.METRE.)
);
#6193=(
NAMED_UNIT(*)
PLANE_ANGLE_UNIT()
SI_UNIT($,.RADIAN.)
);
#6194=(
NAMED_UNIT(*)
SI_UNIT($,.STERADIAN.)
SOLID_ANGLE_UNIT()
);
#6195=SHAPE_DEFINITION_REPRESENTATION(#6196,#6197);
#6196=PRODUCT_DEFINITION_SHAPE('',$,#6199);
#6197=SHAPE_REPRESENTATION('',(#3322),#6189);
#6198=PRODUCT_DEFINITION_CONTEXT('part definition',#6203,'design');
#6199=PRODUCT_DEFINITION('Fusion \X2\30B330F330DD30FC30CD30F330C8\X0\',
'Fusion \X2\30B330F330DD30FC30CD30F330C8\X0\',#6200,#6198);
#6200=PRODUCT_DEFINITION_FORMATION('',$,#6205);
#6201=PRODUCT_RELATED_PRODUCT_CATEGORY('Fusion \X2\30B330F330DD30FC30CD30F330C8\X0\',
'Fusion \X2\30B330F330DD30FC30CD30F330C8\X0\',(#6205));
#6202=APPLICATION_PROTOCOL_DEFINITION('international standard',
'automotive_design',2009,#6203);
#6203=APPLICATION_CONTEXT(
'Core Data for Automotive Mechanical Design Process');
#6204=PRODUCT_CONTEXT('part definition',#6203,'mechanical');
#6205=PRODUCT('Fusion \X2\30B330F330DD30FC30CD30F330C8\X0\',
'Fusion \X2\30B330F330DD30FC30CD30F330C8\X0\',$,(#6204));
#6206=PRESENTATION_STYLE_ASSIGNMENT((#6208));
#6207=PRESENTATION_STYLE_ASSIGNMENT((#6209));
#6208=SURFACE_STYLE_USAGE(.BOTH.,#6210);
#6209=SURFACE_STYLE_USAGE(.BOTH.,#6211);
#6210=SURFACE_SIDE_STYLE('',(#6212));
#6211=SURFACE_SIDE_STYLE('',(#6213));
#6212=SURFACE_STYLE_FILL_AREA(#6214);
#6213=SURFACE_STYLE_FILL_AREA(#6215);
#6214=FILL_AREA_STYLE('\X2\92FC\X0\ - \X2\30B530C630F3\X0\',(#6216));
#6215=FILL_AREA_STYLE(
'PA 11 - Nylon- HP 11-30 (EOS P 396 3D \X2\30D730EA30F330BF4F7F7528\X0\)',
(#6217));
#6216=FILL_AREA_STYLE_COLOUR('\X2\92FC\X0\ - \X2\30B530C630F3\X0\',#6218);
#6217=FILL_AREA_STYLE_COLOUR(
'PA 11 - Nylon- HP 11-30 (EOS P 396 3D \X2\30D730EA30F330BF4F7F7528\X0\)',
#6219);
#6218=COLOUR_RGB('\X2\92FC\X0\ - \X2\30B530C630F3\X0\',0.627450980392157,
0.627450980392157,0.627450980392157);
#6219=COLOUR_RGB(
'PA 11 - Nylon- HP 11-30 (EOS P 396 3D \X2\30D730EA30F330BF4F7F7528\X0\)',
0.247058823529412,0.247058823529412,0.247058823529412);
ENDSEC;
END-ISO-10303-21;
