ISO-10303-21;
HEADER;
/* Generated by software containing ST-Developer
 * from STEP Tools, Inc. (www.steptools.com) 
 */

FILE_DESCRIPTION(
/* description */ (''),
/* implementation_level */ '2;1');

FILE_NAME(
/* name */ 'vespa_case.step',
/* time_stamp */ '2025-11-05T02:08:22+09:00',
/* author */ (''),
/* organization */ (''),
/* preprocessor_version */ 'ST-DEVELOPER v20.1',
/* originating_system */ 'Autodesk Translation Framework v14.17.0.0',
/* authorisation */ '');

FILE_SCHEMA (('AUTOMOTIVE_DESIGN { 1 0 10303 214 3 1 1 }'));
ENDSEC;

DATA;
#10=MECHANICAL_DESIGN_GEOMETRIC_PRESENTATION_REPRESENTATION('',(#13),#4393);
#11=SHAPE_REPRESENTATION_RELATIONSHIP('SRR','None',#4400,#12);
#12=ADVANCED_BREP_SHAPE_REPRESENTATION('',(#14),#4392);
#13=STYLED_ITEM('',(#4410),#14);
#14=MANIFOLD_SOLID_BREP('\X2\30DC30C730A3\X0\17 (1)',#2504);
#15=TOROIDAL_SURFACE('',#2594,6.17499999999994,1.27);
#16=TOROIDAL_SURFACE('',#2600,6.17499999999999,1.27);
#17=TOROIDAL_SURFACE('',#2606,2.81000000000007,1.27);
#18=TOROIDAL_SURFACE('',#2612,4.27000000000006,1.27);
#19=TOROIDAL_SURFACE('',#2618,4.27000000000011,1.27);
#20=TOROIDAL_SURFACE('',#2624,2.81000000000007,1.27);
#21=TOROIDAL_SURFACE('',#2633,2.81,1.27);
#22=TOROIDAL_SURFACE('',#2639,4.27000000000013,1.27);
#23=TOROIDAL_SURFACE('',#2645,4.27000000000002,1.27);
#24=TOROIDAL_SURFACE('',#2651,2.81,1.27);
#25=TOROIDAL_SURFACE('',#2657,6.175,1.27);
#26=TOROIDAL_SURFACE('',#2663,6.175,1.27);
#27=TOROIDAL_SURFACE('',#2685,4.27000000000001,1.27);
#28=TOROIDAL_SURFACE('',#2691,4.27000000000013,1.27);
#29=TOROIDAL_SURFACE('',#2697,2.81000000000007,1.27);
#30=TOROIDAL_SURFACE('',#2703,2.81000000000007,1.27);
#31=TOROIDAL_SURFACE('',#2709,4.27000000000002,1.27);
#32=TOROIDAL_SURFACE('',#2715,4.27000000000002,1.27);
#33=TOROIDAL_SURFACE('',#2721,2.81,1.27);
#34=TOROIDAL_SURFACE('',#2727,6.175,1.27);
#35=TOROIDAL_SURFACE('',#2733,6.17499999999998,1.27);
#36=TOROIDAL_SURFACE('',#2739,6.175,1.27);
#37=TOROIDAL_SURFACE('',#2745,6.175,1.27);
#38=TOROIDAL_SURFACE('',#2751,2.81,1.27);
#39=CYLINDRICAL_SURFACE('',#2546,2.2);
#40=CYLINDRICAL_SURFACE('',#2548,1.2);
#41=CYLINDRICAL_SURFACE('',#2552,2.2);
#42=CYLINDRICAL_SURFACE('',#2554,1.2);
#43=CYLINDRICAL_SURFACE('',#2558,2.2);
#44=CYLINDRICAL_SURFACE('',#2560,1.2);
#45=CYLINDRICAL_SURFACE('',#2564,2.2);
#46=CYLINDRICAL_SURFACE('',#2566,1.2);
#47=CYLINDRICAL_SURFACE('',#2570,2.2);
#48=CYLINDRICAL_SURFACE('',#2572,1.2);
#49=CYLINDRICAL_SURFACE('',#2576,2.2);
#50=CYLINDRICAL_SURFACE('',#2578,1.2);
#51=CYLINDRICAL_SURFACE('',#2582,2.2);
#52=CYLINDRICAL_SURFACE('',#2584,1.2);
#53=CYLINDRICAL_SURFACE('',#2588,2.2);
#54=CYLINDRICAL_SURFACE('',#2590,1.2);
#55=CYLINDRICAL_SURFACE('',#2591,1.27);
#56=CYLINDRICAL_SURFACE('',#2598,1.27);
#57=CYLINDRICAL_SURFACE('',#2604,1.27);
#58=CYLINDRICAL_SURFACE('',#2610,1.27);
#59=CYLINDRICAL_SURFACE('',#2616,1.27);
#60=CYLINDRICAL_SURFACE('',#2622,1.27);
#61=CYLINDRICAL_SURFACE('',#2628,1.27);
#62=CYLINDRICAL_SURFACE('',#2630,1.27);
#63=CYLINDRICAL_SURFACE('',#2637,1.27);
#64=CYLINDRICAL_SURFACE('',#2643,1.27);
#65=CYLINDRICAL_SURFACE('',#2649,1.27);
#66=CYLINDRICAL_SURFACE('',#2655,1.27);
#67=CYLINDRICAL_SURFACE('',#2661,1.27);
#68=CYLINDRICAL_SURFACE('',#2667,1.27);
#69=CYLINDRICAL_SURFACE('',#2674,1.27000000000002);
#70=CYLINDRICAL_SURFACE('',#2676,1.27000000000002);
#71=CYLINDRICAL_SURFACE('',#2678,1.27000000000002);
#72=CYLINDRICAL_SURFACE('',#2680,1.27000000000001);
#73=CYLINDRICAL_SURFACE('',#2682,1.27);
#74=CYLINDRICAL_SURFACE('',#2689,1.27);
#75=CYLINDRICAL_SURFACE('',#2695,1.27);
#76=CYLINDRICAL_SURFACE('',#2701,1.27);
#77=CYLINDRICAL_SURFACE('',#2707,1.27);
#78=CYLINDRICAL_SURFACE('',#2713,1.27);
#79=CYLINDRICAL_SURFACE('',#2719,1.27);
#80=CYLINDRICAL_SURFACE('',#2725,1.27);
#81=CYLINDRICAL_SURFACE('',#2731,1.27);
#82=CYLINDRICAL_SURFACE('',#2737,1.27);
#83=CYLINDRICAL_SURFACE('',#2743,1.27);
#84=CYLINDRICAL_SURFACE('',#2749,1.27);
#85=CYLINDRICAL_SURFACE('',#2754,5.54000000000002);
#86=CYLINDRICAL_SURFACE('',#2756,5.54000000000002);
#87=CYLINDRICAL_SURFACE('',#2758,1.54000000000007);
#88=CYLINDRICAL_SURFACE('',#2762,1.54000000000007);
#89=CYLINDRICAL_SURFACE('',#2764,5.54000000000013);
#90=CYLINDRICAL_SURFACE('',#2766,5.54000000000001);
#91=CYLINDRICAL_SURFACE('',#2782,1.27000000000001);
#92=CYLINDRICAL_SURFACE('',#2786,1.27000000000001);
#93=CYLINDRICAL_SURFACE('',#2794,1.27000000000004);
#94=CYLINDRICAL_SURFACE('',#2797,1.27000000000001);
#95=CYLINDRICAL_SURFACE('',#2800,3.54000000000012);
#96=CYLINDRICAL_SURFACE('',#2802,3.53999999999999);
#97=CYLINDRICAL_SURFACE('',#2804,1.54);
#98=CYLINDRICAL_SURFACE('',#2806,5.445);
#99=CYLINDRICAL_SURFACE('',#2808,5.44500000000003);
#100=CYLINDRICAL_SURFACE('',#2810,5.44500000000048);
#101=CYLINDRICAL_SURFACE('',#2812,5.44499999999999);
#102=CYLINDRICAL_SURFACE('',#2814,1.54000000000001);
#103=CYLINDRICAL_SURFACE('',#2816,3.53999999999997);
#104=CYLINDRICAL_SURFACE('',#2818,3.53999999999983);
#105=CYLINDRICAL_SURFACE('',#2820,1.54000000000011);
#106=CYLINDRICAL_SURFACE('',#2821,1.54000000000002);
#107=CYLINDRICAL_SURFACE('',#2824,1.54);
#108=CYLINDRICAL_SURFACE('',#2826,1.54);
#109=CYLINDRICAL_SURFACE('',#2828,7.445);
#110=CYLINDRICAL_SURFACE('',#2830,7.445);
#111=CYLINDRICAL_SURFACE('',#2831,7.44499999999999);
#112=CYLINDRICAL_SURFACE('',#2833,7.44499999999999);
#113=FACE_BOUND('',#283,.T.);
#114=FACE_BOUND('',#284,.T.);
#115=FACE_BOUND('',#285,.T.);
#116=FACE_BOUND('',#286,.T.);
#117=FACE_BOUND('',#287,.T.);
#118=FACE_BOUND('',#288,.T.);
#119=FACE_BOUND('',#289,.T.);
#120=FACE_BOUND('',#290,.T.);
#121=FACE_BOUND('',#292,.T.);
#122=FACE_BOUND('',#296,.T.);
#123=FACE_BOUND('',#300,.T.);
#124=FACE_BOUND('',#304,.T.);
#125=FACE_BOUND('',#308,.T.);
#126=FACE_BOUND('',#312,.T.);
#127=FACE_BOUND('',#316,.T.);
#128=FACE_BOUND('',#320,.T.);
#129=FACE_BOUND('',#350,.T.);
#130=FACE_BOUND('',#351,.T.);
#131=FACE_BOUND('',#352,.T.);
#132=FACE_BOUND('',#353,.T.);
#133=FACE_BOUND('',#354,.T.);
#134=FACE_BOUND('',#355,.T.);
#135=FACE_BOUND('',#356,.T.);
#136=FACE_BOUND('',#357,.T.);
#137=FACE_BOUND('',#403,.T.);
#138=FACE_OUTER_BOUND('',#282,.T.);
#139=FACE_OUTER_BOUND('',#291,.T.);
#140=FACE_OUTER_BOUND('',#293,.T.);
#141=FACE_OUTER_BOUND('',#294,.T.);
#142=FACE_OUTER_BOUND('',#295,.T.);
#143=FACE_OUTER_BOUND('',#297,.T.);
#144=FACE_OUTER_BOUND('',#298,.T.);
#145=FACE_OUTER_BOUND('',#299,.T.);
#146=FACE_OUTER_BOUND('',#301,.T.);
#147=FACE_OUTER_BOUND('',#302,.T.);
#148=FACE_OUTER_BOUND('',#303,.T.);
#149=FACE_OUTER_BOUND('',#305,.T.);
#150=FACE_OUTER_BOUND('',#306,.T.);
#151=FACE_OUTER_BOUND('',#307,.T.);
#152=FACE_OUTER_BOUND('',#309,.T.);
#153=FACE_OUTER_BOUND('',#310,.T.);
#154=FACE_OUTER_BOUND('',#311,.T.);
#155=FACE_OUTER_BOUND('',#313,.T.);
#156=FACE_OUTER_BOUND('',#314,.T.);
#157=FACE_OUTER_BOUND('',#315,.T.);
#158=FACE_OUTER_BOUND('',#317,.T.);
#159=FACE_OUTER_BOUND('',#318,.T.);
#160=FACE_OUTER_BOUND('',#319,.T.);
#161=FACE_OUTER_BOUND('',#321,.T.);
#162=FACE_OUTER_BOUND('',#322,.T.);
#163=FACE_OUTER_BOUND('',#323,.T.);
#164=FACE_OUTER_BOUND('',#324,.T.);
#165=FACE_OUTER_BOUND('',#325,.T.);
#166=FACE_OUTER_BOUND('',#326,.T.);
#167=FACE_OUTER_BOUND('',#327,.T.);
#168=FACE_OUTER_BOUND('',#328,.T.);
#169=FACE_OUTER_BOUND('',#329,.T.);
#170=FACE_OUTER_BOUND('',#330,.T.);
#171=FACE_OUTER_BOUND('',#331,.T.);
#172=FACE_OUTER_BOUND('',#332,.T.);
#173=FACE_OUTER_BOUND('',#333,.T.);
#174=FACE_OUTER_BOUND('',#334,.T.);
#175=FACE_OUTER_BOUND('',#335,.T.);
#176=FACE_OUTER_BOUND('',#336,.T.);
#177=FACE_OUTER_BOUND('',#337,.T.);
#178=FACE_OUTER_BOUND('',#338,.T.);
#179=FACE_OUTER_BOUND('',#339,.T.);
#180=FACE_OUTER_BOUND('',#340,.T.);
#181=FACE_OUTER_BOUND('',#341,.T.);
#182=FACE_OUTER_BOUND('',#342,.T.);
#183=FACE_OUTER_BOUND('',#343,.T.);
#184=FACE_OUTER_BOUND('',#344,.T.);
#185=FACE_OUTER_BOUND('',#345,.T.);
#186=FACE_OUTER_BOUND('',#346,.T.);
#187=FACE_OUTER_BOUND('',#347,.T.);
#188=FACE_OUTER_BOUND('',#348,.T.);
#189=FACE_OUTER_BOUND('',#349,.T.);
#190=FACE_OUTER_BOUND('',#358,.T.);
#191=FACE_OUTER_BOUND('',#359,.T.);
#192=FACE_OUTER_BOUND('',#360,.T.);
#193=FACE_OUTER_BOUND('',#361,.T.);
#194=FACE_OUTER_BOUND('',#362,.T.);
#195=FACE_OUTER_BOUND('',#363,.T.);
#196=FACE_OUTER_BOUND('',#364,.T.);
#197=FACE_OUTER_BOUND('',#365,.T.);
#198=FACE_OUTER_BOUND('',#366,.T.);
#199=FACE_OUTER_BOUND('',#367,.T.);
#200=FACE_OUTER_BOUND('',#368,.T.);
#201=FACE_OUTER_BOUND('',#369,.T.);
#202=FACE_OUTER_BOUND('',#370,.T.);
#203=FACE_OUTER_BOUND('',#371,.T.);
#204=FACE_OUTER_BOUND('',#372,.T.);
#205=FACE_OUTER_BOUND('',#373,.T.);
#206=FACE_OUTER_BOUND('',#374,.T.);
#207=FACE_OUTER_BOUND('',#375,.T.);
#208=FACE_OUTER_BOUND('',#376,.T.);
#209=FACE_OUTER_BOUND('',#377,.T.);
#210=FACE_OUTER_BOUND('',#378,.T.);
#211=FACE_OUTER_BOUND('',#379,.T.);
#212=FACE_OUTER_BOUND('',#380,.T.);
#213=FACE_OUTER_BOUND('',#381,.T.);
#214=FACE_OUTER_BOUND('',#382,.T.);
#215=FACE_OUTER_BOUND('',#383,.T.);
#216=FACE_OUTER_BOUND('',#384,.T.);
#217=FACE_OUTER_BOUND('',#385,.T.);
#218=FACE_OUTER_BOUND('',#386,.T.);
#219=FACE_OUTER_BOUND('',#387,.T.);
#220=FACE_OUTER_BOUND('',#388,.T.);
#221=FACE_OUTER_BOUND('',#389,.T.);
#222=FACE_OUTER_BOUND('',#390,.T.);
#223=FACE_OUTER_BOUND('',#391,.T.);
#224=FACE_OUTER_BOUND('',#392,.T.);
#225=FACE_OUTER_BOUND('',#393,.T.);
#226=FACE_OUTER_BOUND('',#394,.T.);
#227=FACE_OUTER_BOUND('',#395,.T.);
#228=FACE_OUTER_BOUND('',#396,.T.);
#229=FACE_OUTER_BOUND('',#397,.T.);
#230=FACE_OUTER_BOUND('',#398,.T.);
#231=FACE_OUTER_BOUND('',#399,.T.);
#232=FACE_OUTER_BOUND('',#400,.T.);
#233=FACE_OUTER_BOUND('',#401,.T.);
#234=FACE_OUTER_BOUND('',#402,.T.);
#235=FACE_OUTER_BOUND('',#404,.T.);
#236=FACE_OUTER_BOUND('',#405,.T.);
#237=FACE_OUTER_BOUND('',#406,.T.);
#238=FACE_OUTER_BOUND('',#407,.T.);
#239=FACE_OUTER_BOUND('',#408,.T.);
#240=FACE_OUTER_BOUND('',#409,.T.);
#241=FACE_OUTER_BOUND('',#410,.T.);
#242=FACE_OUTER_BOUND('',#411,.T.);
#243=FACE_OUTER_BOUND('',#412,.T.);
#244=FACE_OUTER_BOUND('',#413,.T.);
#245=FACE_OUTER_BOUND('',#414,.T.);
#246=FACE_OUTER_BOUND('',#415,.T.);
#247=FACE_OUTER_BOUND('',#416,.T.);
#248=FACE_OUTER_BOUND('',#417,.T.);
#249=FACE_OUTER_BOUND('',#418,.T.);
#250=FACE_OUTER_BOUND('',#419,.T.);
#251=FACE_OUTER_BOUND('',#420,.T.);
#252=FACE_OUTER_BOUND('',#421,.T.);
#253=FACE_OUTER_BOUND('',#422,.T.);
#254=FACE_OUTER_BOUND('',#423,.T.);
#255=FACE_OUTER_BOUND('',#424,.T.);
#256=FACE_OUTER_BOUND('',#425,.T.);
#257=FACE_OUTER_BOUND('',#426,.T.);
#258=FACE_OUTER_BOUND('',#427,.T.);
#259=FACE_OUTER_BOUND('',#428,.T.);
#260=FACE_OUTER_BOUND('',#429,.T.);
#261=FACE_OUTER_BOUND('',#430,.T.);
#262=FACE_OUTER_BOUND('',#431,.T.);
#263=FACE_OUTER_BOUND('',#432,.T.);
#264=FACE_OUTER_BOUND('',#433,.T.);
#265=FACE_OUTER_BOUND('',#434,.T.);
#266=FACE_OUTER_BOUND('',#435,.T.);
#267=FACE_OUTER_BOUND('',#436,.T.);
#268=FACE_OUTER_BOUND('',#437,.T.);
#269=FACE_OUTER_BOUND('',#438,.T.);
#270=FACE_OUTER_BOUND('',#439,.T.);
#271=FACE_OUTER_BOUND('',#440,.T.);
#272=FACE_OUTER_BOUND('',#441,.T.);
#273=FACE_OUTER_BOUND('',#442,.T.);
#274=FACE_OUTER_BOUND('',#443,.T.);
#275=FACE_OUTER_BOUND('',#444,.T.);
#276=FACE_OUTER_BOUND('',#445,.T.);
#277=FACE_OUTER_BOUND('',#446,.T.);
#278=FACE_OUTER_BOUND('',#447,.T.);
#279=FACE_OUTER_BOUND('',#448,.T.);
#280=FACE_OUTER_BOUND('',#449,.T.);
#281=FACE_OUTER_BOUND('',#450,.T.);
#282=EDGE_LOOP('',(#1590,#1591,#1592,#1593,#1594,#1595,#1596,#1597,#1598,
#1599,#1600,#1601,#1602,#1603,#1604,#1605,#1606,#1607,#1608,#1609,#1610,
#1611,#1612,#1613,#1614,#1615,#1616,#1617,#1618,#1619,#1620,#1621,#1622,
#1623,#1624,#1625,#1626,#1627));
#283=EDGE_LOOP('',(#1628));
#284=EDGE_LOOP('',(#1629));
#285=EDGE_LOOP('',(#1630));
#286=EDGE_LOOP('',(#1631));
#287=EDGE_LOOP('',(#1632));
#288=EDGE_LOOP('',(#1633));
#289=EDGE_LOOP('',(#1634));
#290=EDGE_LOOP('',(#1635));
#291=EDGE_LOOP('',(#1636));
#292=EDGE_LOOP('',(#1637));
#293=EDGE_LOOP('',(#1638,#1639,#1640,#1641));
#294=EDGE_LOOP('',(#1642,#1643,#1644,#1645));
#295=EDGE_LOOP('',(#1646));
#296=EDGE_LOOP('',(#1647));
#297=EDGE_LOOP('',(#1648,#1649,#1650,#1651));
#298=EDGE_LOOP('',(#1652,#1653,#1654,#1655));
#299=EDGE_LOOP('',(#1656));
#300=EDGE_LOOP('',(#1657));
#301=EDGE_LOOP('',(#1658,#1659,#1660,#1661));
#302=EDGE_LOOP('',(#1662,#1663,#1664,#1665));
#303=EDGE_LOOP('',(#1666));
#304=EDGE_LOOP('',(#1667));
#305=EDGE_LOOP('',(#1668,#1669,#1670,#1671));
#306=EDGE_LOOP('',(#1672,#1673,#1674,#1675));
#307=EDGE_LOOP('',(#1676));
#308=EDGE_LOOP('',(#1677));
#309=EDGE_LOOP('',(#1678,#1679,#1680,#1681));
#310=EDGE_LOOP('',(#1682,#1683,#1684,#1685));
#311=EDGE_LOOP('',(#1686));
#312=EDGE_LOOP('',(#1687));
#313=EDGE_LOOP('',(#1688,#1689,#1690,#1691));
#314=EDGE_LOOP('',(#1692,#1693,#1694,#1695));
#315=EDGE_LOOP('',(#1696));
#316=EDGE_LOOP('',(#1697));
#317=EDGE_LOOP('',(#1698,#1699,#1700,#1701));
#318=EDGE_LOOP('',(#1702,#1703,#1704,#1705));
#319=EDGE_LOOP('',(#1706));
#320=EDGE_LOOP('',(#1707));
#321=EDGE_LOOP('',(#1708,#1709,#1710,#1711));
#322=EDGE_LOOP('',(#1712,#1713,#1714,#1715));
#323=EDGE_LOOP('',(#1716,#1717,#1718,#1719));
#324=EDGE_LOOP('',(#1720,#1721,#1722,#1723));
#325=EDGE_LOOP('',(#1724,#1725,#1726,#1727));
#326=EDGE_LOOP('',(#1728,#1729,#1730,#1731));
#327=EDGE_LOOP('',(#1732,#1733,#1734,#1735));
#328=EDGE_LOOP('',(#1736,#1737,#1738,#1739));
#329=EDGE_LOOP('',(#1740,#1741,#1742,#1743));
#330=EDGE_LOOP('',(#1744,#1745,#1746,#1747));
#331=EDGE_LOOP('',(#1748,#1749,#1750,#1751));
#332=EDGE_LOOP('',(#1752,#1753,#1754,#1755));
#333=EDGE_LOOP('',(#1756,#1757,#1758,#1759));
#334=EDGE_LOOP('',(#1760,#1761,#1762,#1763));
#335=EDGE_LOOP('',(#1764,#1765,#1766,#1767));
#336=EDGE_LOOP('',(#1768,#1769,#1770,#1771));
#337=EDGE_LOOP('',(#1772,#1773,#1774,#1775));
#338=EDGE_LOOP('',(#1776,#1777,#1778,#1779));
#339=EDGE_LOOP('',(#1780,#1781,#1782,#1783));
#340=EDGE_LOOP('',(#1784,#1785,#1786,#1787));
#341=EDGE_LOOP('',(#1788,#1789,#1790,#1791));
#342=EDGE_LOOP('',(#1792,#1793,#1794,#1795));
#343=EDGE_LOOP('',(#1796,#1797,#1798,#1799));
#344=EDGE_LOOP('',(#1800,#1801,#1802,#1803));
#345=EDGE_LOOP('',(#1804,#1805,#1806,#1807));
#346=EDGE_LOOP('',(#1808,#1809,#1810,#1811));
#347=EDGE_LOOP('',(#1812,#1813,#1814,#1815));
#348=EDGE_LOOP('',(#1816,#1817,#1818,#1819));
#349=EDGE_LOOP('',(#1820,#1821,#1822,#1823,#1824,#1825,#1826,#1827,#1828,
#1829,#1830,#1831,#1832,#1833,#1834,#1835,#1836,#1837,#1838,#1839,#1840,
#1841,#1842,#1843,#1844,#1845,#1846,#1847,#1848,#1849,#1850,#1851,#1852,
#1853,#1854,#1855));
#350=EDGE_LOOP('',(#1856));
#351=EDGE_LOOP('',(#1857));
#352=EDGE_LOOP('',(#1858));
#353=EDGE_LOOP('',(#1859));
#354=EDGE_LOOP('',(#1860));
#355=EDGE_LOOP('',(#1861));
#356=EDGE_LOOP('',(#1862));
#357=EDGE_LOOP('',(#1863));
#358=EDGE_LOOP('',(#1864,#1865,#1866,#1867));
#359=EDGE_LOOP('',(#1868,#1869,#1870,#1871));
#360=EDGE_LOOP('',(#1872,#1873,#1874,#1875));
#361=EDGE_LOOP('',(#1876,#1877,#1878,#1879,#1880));
#362=EDGE_LOOP('',(#1881,#1882,#1883,#1884));
#363=EDGE_LOOP('',(#1885,#1886,#1887,#1888));
#364=EDGE_LOOP('',(#1889,#1890,#1891,#1892));
#365=EDGE_LOOP('',(#1893,#1894,#1895,#1896,#1897,#1898));
#366=EDGE_LOOP('',(#1899,#1900,#1901,#1902));
#367=EDGE_LOOP('',(#1903,#1904,#1905,#1906));
#368=EDGE_LOOP('',(#1907,#1908,#1909,#1910));
#369=EDGE_LOOP('',(#1911,#1912,#1913,#1914));
#370=EDGE_LOOP('',(#1915,#1916,#1917,#1918));
#371=EDGE_LOOP('',(#1919,#1920,#1921,#1922));
#372=EDGE_LOOP('',(#1923,#1924,#1925,#1926));
#373=EDGE_LOOP('',(#1927,#1928,#1929,#1930));
#374=EDGE_LOOP('',(#1931,#1932,#1933,#1934));
#375=EDGE_LOOP('',(#1935,#1936,#1937,#1938));
#376=EDGE_LOOP('',(#1939,#1940,#1941,#1942));
#377=EDGE_LOOP('',(#1943,#1944,#1945,#1946));
#378=EDGE_LOOP('',(#1947,#1948,#1949,#1950));
#379=EDGE_LOOP('',(#1951,#1952,#1953,#1954));
#380=EDGE_LOOP('',(#1955,#1956,#1957,#1958));
#381=EDGE_LOOP('',(#1959,#1960,#1961,#1962));
#382=EDGE_LOOP('',(#1963,#1964,#1965,#1966));
#383=EDGE_LOOP('',(#1967,#1968,#1969,#1970));
#384=EDGE_LOOP('',(#1971,#1972,#1973,#1974));
#385=EDGE_LOOP('',(#1975,#1976,#1977,#1978));
#386=EDGE_LOOP('',(#1979,#1980,#1981,#1982));
#387=EDGE_LOOP('',(#1983,#1984,#1985,#1986));
#388=EDGE_LOOP('',(#1987,#1988,#1989,#1990));
#389=EDGE_LOOP('',(#1991,#1992,#1993,#1994));
#390=EDGE_LOOP('',(#1995,#1996,#1997,#1998));
#391=EDGE_LOOP('',(#1999,#2000,#2001,#2002));
#392=EDGE_LOOP('',(#2003,#2004,#2005,#2006));
#393=EDGE_LOOP('',(#2007,#2008,#2009,#2010));
#394=EDGE_LOOP('',(#2011,#2012,#2013,#2014));
#395=EDGE_LOOP('',(#2015,#2016,#2017,#2018,#2019,#2020,#2021,#2022,#2023,
#2024,#2025,#2026,#2027,#2028));
#396=EDGE_LOOP('',(#2029,#2030,#2031,#2032));
#397=EDGE_LOOP('',(#2033,#2034,#2035,#2036));
#398=EDGE_LOOP('',(#2037,#2038,#2039,#2040));
#399=EDGE_LOOP('',(#2041,#2042,#2043,#2044));
#400=EDGE_LOOP('',(#2045,#2046,#2047,#2048));
#401=EDGE_LOOP('',(#2049,#2050,#2051,#2052));
#402=EDGE_LOOP('',(#2053,#2054,#2055,#2056,#2057,#2058,#2059,#2060,#2061,
#2062,#2063,#2064,#2065,#2066,#2067,#2068,#2069,#2070,#2071,#2072,#2073,
#2074,#2075,#2076));
#403=EDGE_LOOP('',(#2077,#2078,#2079,#2080,#2081,#2082,#2083,#2084,#2085,
#2086,#2087,#2088,#2089,#2090,#2091,#2092,#2093,#2094,#2095,#2096,#2097,
#2098,#2099,#2100));
#404=EDGE_LOOP('',(#2101,#2102,#2103,#2104,#2105,#2106,#2107));
#405=EDGE_LOOP('',(#2108,#2109,#2110,#2111));
#406=EDGE_LOOP('',(#2112,#2113,#2114,#2115));
#407=EDGE_LOOP('',(#2116,#2117,#2118,#2119));
#408=EDGE_LOOP('',(#2120,#2121,#2122,#2123,#2124,#2125,#2126));
#409=EDGE_LOOP('',(#2127,#2128,#2129,#2130));
#410=EDGE_LOOP('',(#2131,#2132,#2133,#2134,#2135,#2136,#2137,#2138,#2139,
#2140));
#411=EDGE_LOOP('',(#2141,#2142,#2143,#2144));
#412=EDGE_LOOP('',(#2145,#2146,#2147,#2148));
#413=EDGE_LOOP('',(#2149,#2150,#2151,#2152));
#414=EDGE_LOOP('',(#2153,#2154,#2155,#2156));
#415=EDGE_LOOP('',(#2157,#2158,#2159,#2160));
#416=EDGE_LOOP('',(#2161,#2162,#2163,#2164,#2165,#2166,#2167,#2168,#2169,
#2170,#2171));
#417=EDGE_LOOP('',(#2172,#2173,#2174,#2175));
#418=EDGE_LOOP('',(#2176,#2177,#2178,#2179));
#419=EDGE_LOOP('',(#2180,#2181,#2182,#2183));
#420=EDGE_LOOP('',(#2184,#2185,#2186,#2187));
#421=EDGE_LOOP('',(#2188,#2189,#2190,#2191));
#422=EDGE_LOOP('',(#2192,#2193,#2194,#2195));
#423=EDGE_LOOP('',(#2196,#2197,#2198,#2199));
#424=EDGE_LOOP('',(#2200,#2201,#2202,#2203));
#425=EDGE_LOOP('',(#2204,#2205,#2206,#2207));
#426=EDGE_LOOP('',(#2208,#2209,#2210,#2211,#2212,#2213,#2214,#2215,#2216,
#2217));
#427=EDGE_LOOP('',(#2218,#2219,#2220,#2221));
#428=EDGE_LOOP('',(#2222,#2223,#2224,#2225));
#429=EDGE_LOOP('',(#2226,#2227,#2228,#2229));
#430=EDGE_LOOP('',(#2230,#2231,#2232,#2233));
#431=EDGE_LOOP('',(#2234,#2235,#2236,#2237));
#432=EDGE_LOOP('',(#2238,#2239,#2240,#2241));
#433=EDGE_LOOP('',(#2242,#2243,#2244,#2245));
#434=EDGE_LOOP('',(#2246,#2247,#2248,#2249));
#435=EDGE_LOOP('',(#2250,#2251,#2252,#2253));
#436=EDGE_LOOP('',(#2254,#2255,#2256,#2257));
#437=EDGE_LOOP('',(#2258,#2259,#2260,#2261));
#438=EDGE_LOOP('',(#2262,#2263,#2264,#2265));
#439=EDGE_LOOP('',(#2266,#2267,#2268,#2269));
#440=EDGE_LOOP('',(#2270,#2271,#2272,#2273));
#441=EDGE_LOOP('',(#2274,#2275,#2276,#2277));
#442=EDGE_LOOP('',(#2278,#2279,#2280,#2281));
#443=EDGE_LOOP('',(#2282,#2283,#2284,#2285));
#444=EDGE_LOOP('',(#2286,#2287,#2288,#2289));
#445=EDGE_LOOP('',(#2290,#2291,#2292,#2293));
#446=EDGE_LOOP('',(#2294,#2295,#2296,#2297));
#447=EDGE_LOOP('',(#2298,#2299,#2300,#2301));
#448=EDGE_LOOP('',(#2302,#2303,#2304,#2305));
#449=EDGE_LOOP('',(#2306,#2307,#2308,#2309));
#450=EDGE_LOOP('',(#2310,#2311,#2312,#2313));
#451=CIRCLE('',#2519,5.44500000000048);
#452=CIRCLE('',#2520,5.44499999999999);
#453=CIRCLE('',#2521,1.54000000000001);
#454=CIRCLE('',#2522,3.53999999999997);
#455=CIRCLE('',#2523,3.53999999999983);
#456=CIRCLE('',#2524,1.54000000000011);
#457=CIRCLE('',#2525,1.27000000000002);
#458=CIRCLE('',#2526,1.27000000000001);
#459=CIRCLE('',#2527,1.54000000000002);
#460=CIRCLE('',#2528,3.54000000000012);
#461=CIRCLE('',#2529,3.53999999999999);
#462=CIRCLE('',#2530,1.54);
#463=CIRCLE('',#2531,5.445);
#464=CIRCLE('',#2532,5.44500000000003);
#465=CIRCLE('',#2533,1.27000000000002);
#466=CIRCLE('',#2534,1.27000000000002);
#467=CIRCLE('',#2535,1.2);
#468=CIRCLE('',#2536,1.2);
#469=CIRCLE('',#2537,1.2);
#470=CIRCLE('',#2538,1.2);
#471=CIRCLE('',#2539,1.2);
#472=CIRCLE('',#2540,1.2);
#473=CIRCLE('',#2541,1.2);
#474=CIRCLE('',#2542,1.2);
#475=CIRCLE('',#2544,2.2);
#476=CIRCLE('',#2545,1.2);
#477=CIRCLE('',#2547,2.2);
#478=CIRCLE('',#2550,2.2);
#479=CIRCLE('',#2551,1.2);
#480=CIRCLE('',#2553,2.2);
#481=CIRCLE('',#2556,2.2);
#482=CIRCLE('',#2557,1.2);
#483=CIRCLE('',#2559,2.2);
#484=CIRCLE('',#2562,2.2);
#485=CIRCLE('',#2563,1.2);
#486=CIRCLE('',#2565,2.2);
#487=CIRCLE('',#2568,2.2);
#488=CIRCLE('',#2569,1.2);
#489=CIRCLE('',#2571,2.2);
#490=CIRCLE('',#2574,2.2);
#491=CIRCLE('',#2575,1.2);
#492=CIRCLE('',#2577,2.2);
#493=CIRCLE('',#2580,2.2);
#494=CIRCLE('',#2581,1.2);
#495=CIRCLE('',#2583,2.2);
#496=CIRCLE('',#2586,2.2);
#497=CIRCLE('',#2587,1.2);
#498=CIRCLE('',#2589,2.2);
#499=CIRCLE('',#2592,1.27);
#500=CIRCLE('',#2593,1.27);
#501=CIRCLE('',#2595,1.27000000000002);
#502=CIRCLE('',#2596,6.17499999999994);
#503=CIRCLE('',#2597,7.44499999999994);
#504=CIRCLE('',#2599,1.26999999999999);
#505=CIRCLE('',#2601,1.27);
#506=CIRCLE('',#2602,6.17499999999999);
#507=CIRCLE('',#2603,7.44499999999999);
#508=CIRCLE('',#2605,1.26999999999996);
#509=CIRCLE('',#2607,1.27000000000002);
#510=CIRCLE('',#2608,2.81000000000007);
#511=CIRCLE('',#2609,1.54000000000007);
#512=CIRCLE('',#2611,1.26999999999999);
#513=CIRCLE('',#2613,1.27000000000001);
#514=CIRCLE('',#2614,4.27000000000006);
#515=CIRCLE('',#2615,5.54000000000006);
#516=CIRCLE('',#2617,1.27000000000001);
#517=CIRCLE('',#2619,1.27000000000001);
#518=CIRCLE('',#2620,4.27000000000011);
#519=CIRCLE('',#2621,5.54000000000011);
#520=CIRCLE('',#2623,1.27000000000001);
#521=CIRCLE('',#2625,1.27000000000001);
#522=CIRCLE('',#2626,2.81000000000007);
#523=CIRCLE('',#2627,1.54000000000007);
#524=CIRCLE('',#2629,1.27);
#525=CIRCLE('',#2631,1.27);
#526=CIRCLE('',#2632,1.27000000000001);
#527=CIRCLE('',#2634,1.27);
#528=CIRCLE('',#2635,2.81);
#529=CIRCLE('',#2636,1.54);
#530=CIRCLE('',#2638,1.26999999999999);
#531=CIRCLE('',#2640,1.27000000000001);
#532=CIRCLE('',#2641,4.27000000000013);
#533=CIRCLE('',#2642,5.54000000000013);
#534=CIRCLE('',#2644,1.27000000000001);
#535=CIRCLE('',#2646,1.27);
#536=CIRCLE('',#2647,4.27000000000002);
#537=CIRCLE('',#2648,5.54000000000002);
#538=CIRCLE('',#2650,1.27);
#539=CIRCLE('',#2652,1.27000000000001);
#540=CIRCLE('',#2653,2.81);
#541=CIRCLE('',#2654,1.54);
#542=CIRCLE('',#2656,1.27);
#543=CIRCLE('',#2658,1.27);
#544=CIRCLE('',#2659,6.175);
#545=CIRCLE('',#2660,7.44499999999999);
#546=CIRCLE('',#2662,1.27);
#547=CIRCLE('',#2664,1.27);
#548=CIRCLE('',#2665,6.175);
#549=CIRCLE('',#2666,7.44499999999999);
#550=CIRCLE('',#2668,1.27);
#551=CIRCLE('',#2670,1.27000000000001);
#552=CIRCLE('',#2671,1.27000000000002);
#553=CIRCLE('',#2672,1.27000000000002);
#554=CIRCLE('',#2673,1.27000000000002);
#555=CIRCLE('',#2683,1.27);
#556=CIRCLE('',#2684,1.27);
#557=CIRCLE('',#2686,1.26999999999999);
#558=CIRCLE('',#2687,4.27000000000001);
#559=CIRCLE('',#2688,5.54000000000001);
#560=CIRCLE('',#2690,1.27000000000001);
#561=CIRCLE('',#2692,1.27);
#562=CIRCLE('',#2693,4.27000000000013);
#563=CIRCLE('',#2694,5.54000000000013);
#564=CIRCLE('',#2696,1.26999999999999);
#565=CIRCLE('',#2698,1.27000000000001);
#566=CIRCLE('',#2699,2.81000000000007);
#567=CIRCLE('',#2700,1.54000000000007);
#568=CIRCLE('',#2702,1.27000000000001);
#569=CIRCLE('',#2704,1.27000000000001);
#570=CIRCLE('',#2705,2.81000000000007);
#571=CIRCLE('',#2706,1.54000000000007);
#572=CIRCLE('',#2708,1.27);
#573=CIRCLE('',#2710,1.27000000000001);
#574=CIRCLE('',#2711,4.27000000000002);
#575=CIRCLE('',#2712,5.54000000000002);
#576=CIRCLE('',#2714,1.27000000000002);
#577=CIRCLE('',#2716,1.26999999999999);
#578=CIRCLE('',#2717,4.27000000000002);
#579=CIRCLE('',#2718,5.54000000000002);
#580=CIRCLE('',#2720,1.26999999999999);
#581=CIRCLE('',#2722,1.27);
#582=CIRCLE('',#2723,2.81);
#583=CIRCLE('',#2724,1.54);
#584=CIRCLE('',#2726,1.27);
#585=CIRCLE('',#2728,1.26999999999999);
#586=CIRCLE('',#2729,6.175);
#587=CIRCLE('',#2730,7.44499999999999);
#588=CIRCLE('',#2732,1.26999999999999);
#589=CIRCLE('',#2734,1.27);
#590=CIRCLE('',#2735,6.17499999999999);
#591=CIRCLE('',#2736,7.44499999999999);
#592=CIRCLE('',#2738,1.27);
#593=CIRCLE('',#2740,1.27);
#594=CIRCLE('',#2741,6.175);
#595=CIRCLE('',#2742,7.445);
#596=CIRCLE('',#2744,1.27);
#597=CIRCLE('',#2746,1.27000000000001);
#598=CIRCLE('',#2747,6.175);
#599=CIRCLE('',#2748,7.445);
#600=CIRCLE('',#2750,1.27);
#601=CIRCLE('',#2752,2.81);
#602=CIRCLE('',#2753,1.54);
#603=CIRCLE('',#2760,1.27000000000001);
#604=CIRCLE('',#2761,1.27000000000004);
#605=CIRCLE('',#2769,1.54000000000002);
#606=CIRCLE('',#2770,1.54000000000011);
#607=CIRCLE('',#2771,3.53999999999983);
#608=CIRCLE('',#2772,3.53999999999997);
#609=CIRCLE('',#2773,1.54000000000001);
#610=CIRCLE('',#2774,5.44499999999999);
#611=CIRCLE('',#2775,5.44500000000048);
#612=CIRCLE('',#2776,5.44500000000003);
#613=CIRCLE('',#2777,5.445);
#614=CIRCLE('',#2778,1.54);
#615=CIRCLE('',#2779,3.53999999999999);
#616=CIRCLE('',#2780,3.54000000000012);
#617=CIRCLE('',#2783,1.27000000000001);
#618=CIRCLE('',#2784,1.27000000000001);
#619=CIRCLE('',#2787,1.27000000000001);
#620=CIRCLE('',#2788,1.27000000000001);
#621=CIRCLE('',#2795,1.27000000000004);
#622=CIRCLE('',#2798,1.27000000000001);
#623=LINE('',#3662,#813);
#624=LINE('',#3666,#814);
#625=LINE('',#3670,#815);
#626=LINE('',#3674,#816);
#627=LINE('',#3678,#817);
#628=LINE('',#3682,#818);
#629=LINE('',#3686,#819);
#630=LINE('',#3688,#820);
#631=LINE('',#3690,#821);
#632=LINE('',#3692,#822);
#633=LINE('',#3696,#823);
#634=LINE('',#3700,#824);
#635=LINE('',#3702,#825);
#636=LINE('',#3706,#826);
#637=LINE('',#3710,#827);
#638=LINE('',#3714,#828);
#639=LINE('',#3718,#829);
#640=LINE('',#3722,#830);
#641=LINE('',#3726,#831);
#642=LINE('',#3728,#832);
#643=LINE('',#3732,#833);
#644=LINE('',#3735,#834);
#645=LINE('',#3760,#835);
#646=LINE('',#3762,#836);
#647=LINE('',#3771,#837);
#648=LINE('',#3773,#838);
#649=LINE('',#3782,#839);
#650=LINE('',#3784,#840);
#651=LINE('',#3793,#841);
#652=LINE('',#3795,#842);
#653=LINE('',#3804,#843);
#654=LINE('',#3806,#844);
#655=LINE('',#3815,#845);
#656=LINE('',#3817,#846);
#657=LINE('',#3826,#847);
#658=LINE('',#3828,#848);
#659=LINE('',#3837,#849);
#660=LINE('',#3839,#850);
#661=LINE('',#3845,#851);
#662=LINE('',#3848,#852);
#663=LINE('',#3859,#853);
#664=LINE('',#3860,#854);
#665=LINE('',#3871,#855);
#666=LINE('',#3872,#856);
#667=LINE('',#3883,#857);
#668=LINE('',#3884,#858);
#669=LINE('',#3895,#859);
#670=LINE('',#3896,#860);
#671=LINE('',#3907,#861);
#672=LINE('',#3908,#862);
#673=LINE('',#3919,#863);
#674=LINE('',#3920,#864);
#675=LINE('',#3926,#865);
#676=LINE('',#3929,#866);
#677=LINE('',#3940,#867);
#678=LINE('',#3941,#868);
#679=LINE('',#3952,#869);
#680=LINE('',#3953,#870);
#681=LINE('',#3964,#871);
#682=LINE('',#3965,#872);
#683=LINE('',#3976,#873);
#684=LINE('',#3977,#874);
#685=LINE('',#3988,#875);
#686=LINE('',#3989,#876);
#687=LINE('',#4000,#877);
#688=LINE('',#4001,#878);
#689=LINE('',#4004,#879);
#690=LINE('',#4008,#880);
#691=LINE('',#4011,#881);
#692=LINE('',#4013,#882);
#693=LINE('',#4017,#883);
#694=LINE('',#4020,#884);
#695=LINE('',#4022,#885);
#696=LINE('',#4023,#886);
#697=LINE('',#4025,#887);
#698=LINE('',#4027,#888);
#699=LINE('',#4029,#889);
#700=LINE('',#4030,#890);
#701=LINE('',#4032,#891);
#702=LINE('',#4034,#892);
#703=LINE('',#4036,#893);
#704=LINE('',#4039,#894);
#705=LINE('',#4040,#895);
#706=LINE('',#4046,#896);
#707=LINE('',#4049,#897);
#708=LINE('',#4060,#898);
#709=LINE('',#4061,#899);
#710=LINE('',#4072,#900);
#711=LINE('',#4073,#901);
#712=LINE('',#4084,#902);
#713=LINE('',#4085,#903);
#714=LINE('',#4096,#904);
#715=LINE('',#4097,#905);
#716=LINE('',#4108,#906);
#717=LINE('',#4109,#907);
#718=LINE('',#4120,#908);
#719=LINE('',#4121,#909);
#720=LINE('',#4132,#910);
#721=LINE('',#4133,#911);
#722=LINE('',#4144,#912);
#723=LINE('',#4145,#913);
#724=LINE('',#4156,#914);
#725=LINE('',#4157,#915);
#726=LINE('',#4168,#916);
#727=LINE('',#4169,#917);
#728=LINE('',#4180,#918);
#729=LINE('',#4181,#919);
#730=LINE('',#4186,#920);
#731=LINE('',#4187,#921);
#732=LINE('',#4189,#922);
#733=LINE('',#4191,#923);
#734=LINE('',#4193,#924);
#735=LINE('',#4195,#925);
#736=LINE('',#4197,#926);
#737=LINE('',#4199,#927);
#738=LINE('',#4203,#928);
#739=LINE('',#4207,#929);
#740=LINE('',#4208,#930);
#741=LINE('',#4210,#931);
#742=LINE('',#4212,#932);
#743=LINE('',#4214,#933);
#744=LINE('',#4216,#934);
#745=LINE('',#4218,#935);
#746=LINE('',#4220,#936);
#747=LINE('',#4224,#937);
#748=LINE('',#4228,#938);
#749=LINE('',#4232,#939);
#750=LINE('',#4236,#940);
#751=LINE('',#4240,#941);
#752=LINE('',#4244,#942);
#753=LINE('',#4248,#943);
#754=LINE('',#4252,#944);
#755=LINE('',#4256,#945);
#756=LINE('',#4260,#946);
#757=LINE('',#4264,#947);
#758=LINE('',#4268,#948);
#759=LINE('',#4272,#949);
#760=LINE('',#4274,#950);
#761=LINE('',#4275,#951);
#762=LINE('',#4280,#952);
#763=LINE('',#4284,#953);
#764=LINE('',#4286,#954);
#765=LINE('',#4287,#955);
#766=LINE('',#4292,#956);
#767=LINE('',#4295,#957);
#768=LINE('',#4296,#958);
#769=LINE('',#4299,#959);
#770=LINE('',#4300,#960);
#771=LINE('',#4302,#961);
#772=LINE('',#4303,#962);
#773=LINE('',#4306,#963);
#774=LINE('',#4307,#964);
#775=LINE('',#4310,#965);
#776=LINE('',#4311,#966);
#777=LINE('',#4314,#967);
#778=LINE('',#4318,#968);
#779=LINE('',#4319,#969);
#780=LINE('',#4323,#970);
#781=LINE('',#4324,#971);
#782=LINE('',#4326,#972);
#783=LINE('',#4327,#973);
#784=LINE('',#4329,#974);
#785=LINE('',#4331,#975);
#786=LINE('',#4333,#976);
#787=LINE('',#4335,#977);
#788=LINE('',#4337,#978);
#789=LINE('',#4339,#979);
#790=LINE('',#4341,#980);
#791=LINE('',#4343,#981);
#792=LINE('',#4345,#982);
#793=LINE('',#4347,#983);
#794=LINE('',#4349,#984);
#795=LINE('',#4351,#985);
#796=LINE('',#4353,#986);
#797=LINE('',#4355,#987);
#798=LINE('',#4357,#988);
#799=LINE('',#4359,#989);
#800=LINE('',#4361,#990);
#801=LINE('',#4363,#991);
#802=LINE('',#4365,#992);
#803=LINE('',#4368,#993);
#804=LINE('',#4371,#994);
#805=LINE('',#4372,#995);
#806=LINE('',#4374,#996);
#807=LINE('',#4377,#997);
#808=LINE('',#4379,#998);
#809=LINE('',#4381,#999);
#810=LINE('',#4383,#1000);
#811=LINE('',#4386,#1001);
#812=LINE('',#4388,#1002);
#813=VECTOR('',#2838,10.);
#814=VECTOR('',#2841,10.);
#815=VECTOR('',#2844,10.);
#816=VECTOR('',#2847,10.);
#817=VECTOR('',#2850,10.);
#818=VECTOR('',#2853,10.);
#819=VECTOR('',#2856,10.);
#820=VECTOR('',#2857,10.);
#821=VECTOR('',#2858,10.);
#822=VECTOR('',#2859,10.);
#823=VECTOR('',#2862,10.);
#824=VECTOR('',#2865,10.);
#825=VECTOR('',#2866,10.);
#826=VECTOR('',#2869,10.);
#827=VECTOR('',#2872,10.);
#828=VECTOR('',#2875,10.);
#829=VECTOR('',#2878,10.);
#830=VECTOR('',#2881,10.);
#831=VECTOR('',#2884,10.);
#832=VECTOR('',#2885,10.);
#833=VECTOR('',#2888,10.);
#834=VECTOR('',#2891,10.);
#835=VECTOR('',#2918,2.2);
#836=VECTOR('',#2921,1.2);
#837=VECTOR('',#2932,2.2);
#838=VECTOR('',#2935,1.2);
#839=VECTOR('',#2946,2.2);
#840=VECTOR('',#2949,1.2);
#841=VECTOR('',#2960,2.2);
#842=VECTOR('',#2963,1.2);
#843=VECTOR('',#2974,2.2);
#844=VECTOR('',#2977,1.2);
#845=VECTOR('',#2988,2.2);
#846=VECTOR('',#2991,1.2);
#847=VECTOR('',#3002,2.2);
#848=VECTOR('',#3005,1.2);
#849=VECTOR('',#3016,2.2);
#850=VECTOR('',#3019,1.2);
#851=VECTOR('',#3024,10.);
#852=VECTOR('',#3027,10.);
#853=VECTOR('',#3040,10.);
#854=VECTOR('',#3041,10.);
#855=VECTOR('',#3054,10.);
#856=VECTOR('',#3055,10.);
#857=VECTOR('',#3068,10.);
#858=VECTOR('',#3069,10.);
#859=VECTOR('',#3082,10.);
#860=VECTOR('',#3083,10.);
#861=VECTOR('',#3096,10.);
#862=VECTOR('',#3097,10.);
#863=VECTOR('',#3110,10.);
#864=VECTOR('',#3111,10.);
#865=VECTOR('',#3116,10.);
#866=VECTOR('',#3119,10.);
#867=VECTOR('',#3132,10.);
#868=VECTOR('',#3133,10.);
#869=VECTOR('',#3146,10.);
#870=VECTOR('',#3147,10.);
#871=VECTOR('',#3160,10.);
#872=VECTOR('',#3161,10.);
#873=VECTOR('',#3174,10.);
#874=VECTOR('',#3175,10.);
#875=VECTOR('',#3188,10.);
#876=VECTOR('',#3189,10.);
#877=VECTOR('',#3202,10.);
#878=VECTOR('',#3203,10.);
#879=VECTOR('',#3206,10.);
#880=VECTOR('',#3209,10.);
#881=VECTOR('',#3212,10.);
#882=VECTOR('',#3213,10.);
#883=VECTOR('',#3216,10.);
#884=VECTOR('',#3219,10.);
#885=VECTOR('',#3222,10.);
#886=VECTOR('',#3223,10.);
#887=VECTOR('',#3226,10.);
#888=VECTOR('',#3229,10.);
#889=VECTOR('',#3232,10.);
#890=VECTOR('',#3233,10.);
#891=VECTOR('',#3236,10.);
#892=VECTOR('',#3239,10.);
#893=VECTOR('',#3242,10.);
#894=VECTOR('',#3245,10.);
#895=VECTOR('',#3246,10.);
#896=VECTOR('',#3251,10.);
#897=VECTOR('',#3254,10.);
#898=VECTOR('',#3267,10.);
#899=VECTOR('',#3268,10.);
#900=VECTOR('',#3281,10.);
#901=VECTOR('',#3282,10.);
#902=VECTOR('',#3295,10.);
#903=VECTOR('',#3296,10.);
#904=VECTOR('',#3309,10.);
#905=VECTOR('',#3310,10.);
#906=VECTOR('',#3323,10.);
#907=VECTOR('',#3324,10.);
#908=VECTOR('',#3337,10.);
#909=VECTOR('',#3338,10.);
#910=VECTOR('',#3351,10.);
#911=VECTOR('',#3352,10.);
#912=VECTOR('',#3365,10.);
#913=VECTOR('',#3366,10.);
#914=VECTOR('',#3379,10.);
#915=VECTOR('',#3380,10.);
#916=VECTOR('',#3393,10.);
#917=VECTOR('',#3394,10.);
#918=VECTOR('',#3407,10.);
#919=VECTOR('',#3408,10.);
#920=VECTOR('',#3417,10.);
#921=VECTOR('',#3418,10.);
#922=VECTOR('',#3421,10.);
#923=VECTOR('',#3424,10.);
#924=VECTOR('',#3427,10.);
#925=VECTOR('',#3430,10.);
#926=VECTOR('',#3433,10.);
#927=VECTOR('',#3434,10.);
#928=VECTOR('',#3437,10.);
#929=VECTOR('',#3440,10.);
#930=VECTOR('',#3441,10.);
#931=VECTOR('',#3444,10.);
#932=VECTOR('',#3447,10.);
#933=VECTOR('',#3450,10.);
#934=VECTOR('',#3453,10.);
#935=VECTOR('',#3456,10.);
#936=VECTOR('',#3459,10.);
#937=VECTOR('',#3462,10.);
#938=VECTOR('',#3465,10.);
#939=VECTOR('',#3468,10.);
#940=VECTOR('',#3471,10.);
#941=VECTOR('',#3474,10.);
#942=VECTOR('',#3477,10.);
#943=VECTOR('',#3480,10.);
#944=VECTOR('',#3483,10.);
#945=VECTOR('',#3486,10.);
#946=VECTOR('',#3489,10.);
#947=VECTOR('',#3492,10.);
#948=VECTOR('',#3495,10.);
#949=VECTOR('',#3500,10.);
#950=VECTOR('',#3501,10.);
#951=VECTOR('',#3502,10.);
#952=VECTOR('',#3507,10.);
#953=VECTOR('',#3512,10.);
#954=VECTOR('',#3513,10.);
#955=VECTOR('',#3514,10.);
#956=VECTOR('',#3519,10.);
#957=VECTOR('',#3524,10.);
#958=VECTOR('',#3525,10.);
#959=VECTOR('',#3528,10.);
#960=VECTOR('',#3529,10.);
#961=VECTOR('',#3532,10.);
#962=VECTOR('',#3533,10.);
#963=VECTOR('',#3536,10.);
#964=VECTOR('',#3537,10.);
#965=VECTOR('',#3540,10.);
#966=VECTOR('',#3541,10.);
#967=VECTOR('',#3544,10.);
#968=VECTOR('',#3549,10.);
#969=VECTOR('',#3550,10.);
#970=VECTOR('',#3557,10.);
#971=VECTOR('',#3558,10.);
#972=VECTOR('',#3561,10.);
#973=VECTOR('',#3562,10.);
#974=VECTOR('',#3565,10.);
#975=VECTOR('',#3568,10.);
#976=VECTOR('',#3571,10.);
#977=VECTOR('',#3574,10.);
#978=VECTOR('',#3577,10.);
#979=VECTOR('',#3580,10.);
#980=VECTOR('',#3583,10.);
#981=VECTOR('',#3586,10.);
#982=VECTOR('',#3589,10.);
#983=VECTOR('',#3592,10.);
#984=VECTOR('',#3595,10.);
#985=VECTOR('',#3598,10.);
#986=VECTOR('',#3601,10.);
#987=VECTOR('',#3604,10.);
#988=VECTOR('',#3607,10.);
#989=VECTOR('',#3610,10.);
#990=VECTOR('',#3613,10.);
#991=VECTOR('',#3616,10.);
#992=VECTOR('',#3619,10.);
#993=VECTOR('',#3624,10.);
#994=VECTOR('',#3629,10.);
#995=VECTOR('',#3630,10.);
#996=VECTOR('',#3633,10.);
#997=VECTOR('',#3638,10.);
#998=VECTOR('',#3641,10.);
#999=VECTOR('',#3644,10.);
#1000=VECTOR('',#3647,10.);
#1001=VECTOR('',#3652,10.);
#1002=VECTOR('',#3655,10.);
#1003=VERTEX_POINT('',#3660);
#1004=VERTEX_POINT('',#3661);
#1005=VERTEX_POINT('',#3663);
#1006=VERTEX_POINT('',#3665);
#1007=VERTEX_POINT('',#3667);
#1008=VERTEX_POINT('',#3669);
#1009=VERTEX_POINT('',#3671);
#1010=VERTEX_POINT('',#3673);
#1011=VERTEX_POINT('',#3675);
#1012=VERTEX_POINT('',#3677);
#1013=VERTEX_POINT('',#3679);
#1014=VERTEX_POINT('',#3681);
#1015=VERTEX_POINT('',#3683);
#1016=VERTEX_POINT('',#3685);
#1017=VERTEX_POINT('',#3687);
#1018=VERTEX_POINT('',#3689);
#1019=VERTEX_POINT('',#3691);
#1020=VERTEX_POINT('',#3693);
#1021=VERTEX_POINT('',#3695);
#1022=VERTEX_POINT('',#3697);
#1023=VERTEX_POINT('',#3699);
#1024=VERTEX_POINT('',#3701);
#1025=VERTEX_POINT('',#3703);
#1026=VERTEX_POINT('',#3705);
#1027=VERTEX_POINT('',#3707);
#1028=VERTEX_POINT('',#3709);
#1029=VERTEX_POINT('',#3711);
#1030=VERTEX_POINT('',#3713);
#1031=VERTEX_POINT('',#3715);
#1032=VERTEX_POINT('',#3717);
#1033=VERTEX_POINT('',#3719);
#1034=VERTEX_POINT('',#3721);
#1035=VERTEX_POINT('',#3723);
#1036=VERTEX_POINT('',#3725);
#1037=VERTEX_POINT('',#3727);
#1038=VERTEX_POINT('',#3729);
#1039=VERTEX_POINT('',#3731);
#1040=VERTEX_POINT('',#3733);
#1041=VERTEX_POINT('',#3736);
#1042=VERTEX_POINT('',#3738);
#1043=VERTEX_POINT('',#3740);
#1044=VERTEX_POINT('',#3742);
#1045=VERTEX_POINT('',#3744);
#1046=VERTEX_POINT('',#3746);
#1047=VERTEX_POINT('',#3748);
#1048=VERTEX_POINT('',#3750);
#1049=VERTEX_POINT('',#3753);
#1050=VERTEX_POINT('',#3755);
#1051=VERTEX_POINT('',#3758);
#1052=VERTEX_POINT('',#3764);
#1053=VERTEX_POINT('',#3766);
#1054=VERTEX_POINT('',#3769);
#1055=VERTEX_POINT('',#3775);
#1056=VERTEX_POINT('',#3777);
#1057=VERTEX_POINT('',#3780);
#1058=VERTEX_POINT('',#3786);
#1059=VERTEX_POINT('',#3788);
#1060=VERTEX_POINT('',#3791);
#1061=VERTEX_POINT('',#3797);
#1062=VERTEX_POINT('',#3799);
#1063=VERTEX_POINT('',#3802);
#1064=VERTEX_POINT('',#3808);
#1065=VERTEX_POINT('',#3810);
#1066=VERTEX_POINT('',#3813);
#1067=VERTEX_POINT('',#3819);
#1068=VERTEX_POINT('',#3821);
#1069=VERTEX_POINT('',#3824);
#1070=VERTEX_POINT('',#3830);
#1071=VERTEX_POINT('',#3832);
#1072=VERTEX_POINT('',#3835);
#1073=VERTEX_POINT('',#3841);
#1074=VERTEX_POINT('',#3842);
#1075=VERTEX_POINT('',#3844);
#1076=VERTEX_POINT('',#3846);
#1077=VERTEX_POINT('',#3850);
#1078=VERTEX_POINT('',#3851);
#1079=VERTEX_POINT('',#3856);
#1080=VERTEX_POINT('',#3857);
#1081=VERTEX_POINT('',#3862);
#1082=VERTEX_POINT('',#3863);
#1083=VERTEX_POINT('',#3868);
#1084=VERTEX_POINT('',#3869);
#1085=VERTEX_POINT('',#3874);
#1086=VERTEX_POINT('',#3875);
#1087=VERTEX_POINT('',#3880);
#1088=VERTEX_POINT('',#3881);
#1089=VERTEX_POINT('',#3886);
#1090=VERTEX_POINT('',#3887);
#1091=VERTEX_POINT('',#3892);
#1092=VERTEX_POINT('',#3893);
#1093=VERTEX_POINT('',#3898);
#1094=VERTEX_POINT('',#3899);
#1095=VERTEX_POINT('',#3904);
#1096=VERTEX_POINT('',#3905);
#1097=VERTEX_POINT('',#3910);
#1098=VERTEX_POINT('',#3911);
#1099=VERTEX_POINT('',#3916);
#1100=VERTEX_POINT('',#3917);
#1101=VERTEX_POINT('',#3922);
#1102=VERTEX_POINT('',#3923);
#1103=VERTEX_POINT('',#3925);
#1104=VERTEX_POINT('',#3927);
#1105=VERTEX_POINT('',#3931);
#1106=VERTEX_POINT('',#3932);
#1107=VERTEX_POINT('',#3937);
#1108=VERTEX_POINT('',#3938);
#1109=VERTEX_POINT('',#3943);
#1110=VERTEX_POINT('',#3944);
#1111=VERTEX_POINT('',#3949);
#1112=VERTEX_POINT('',#3950);
#1113=VERTEX_POINT('',#3955);
#1114=VERTEX_POINT('',#3956);
#1115=VERTEX_POINT('',#3961);
#1116=VERTEX_POINT('',#3962);
#1117=VERTEX_POINT('',#3967);
#1118=VERTEX_POINT('',#3968);
#1119=VERTEX_POINT('',#3973);
#1120=VERTEX_POINT('',#3974);
#1121=VERTEX_POINT('',#3979);
#1122=VERTEX_POINT('',#3980);
#1123=VERTEX_POINT('',#3985);
#1124=VERTEX_POINT('',#3986);
#1125=VERTEX_POINT('',#3991);
#1126=VERTEX_POINT('',#3992);
#1127=VERTEX_POINT('',#3997);
#1128=VERTEX_POINT('',#3998);
#1129=VERTEX_POINT('',#4003);
#1130=VERTEX_POINT('',#4005);
#1131=VERTEX_POINT('',#4007);
#1132=VERTEX_POINT('',#4009);
#1133=VERTEX_POINT('',#4012);
#1134=VERTEX_POINT('',#4014);
#1135=VERTEX_POINT('',#4016);
#1136=VERTEX_POINT('',#4018);
#1137=VERTEX_POINT('',#4038);
#1138=VERTEX_POINT('',#4042);
#1139=VERTEX_POINT('',#4043);
#1140=VERTEX_POINT('',#4045);
#1141=VERTEX_POINT('',#4047);
#1142=VERTEX_POINT('',#4051);
#1143=VERTEX_POINT('',#4052);
#1144=VERTEX_POINT('',#4057);
#1145=VERTEX_POINT('',#4058);
#1146=VERTEX_POINT('',#4063);
#1147=VERTEX_POINT('',#4064);
#1148=VERTEX_POINT('',#4069);
#1149=VERTEX_POINT('',#4070);
#1150=VERTEX_POINT('',#4075);
#1151=VERTEX_POINT('',#4076);
#1152=VERTEX_POINT('',#4081);
#1153=VERTEX_POINT('',#4082);
#1154=VERTEX_POINT('',#4087);
#1155=VERTEX_POINT('',#4088);
#1156=VERTEX_POINT('',#4093);
#1157=VERTEX_POINT('',#4094);
#1158=VERTEX_POINT('',#4099);
#1159=VERTEX_POINT('',#4100);
#1160=VERTEX_POINT('',#4105);
#1161=VERTEX_POINT('',#4106);
#1162=VERTEX_POINT('',#4111);
#1163=VERTEX_POINT('',#4112);
#1164=VERTEX_POINT('',#4117);
#1165=VERTEX_POINT('',#4118);
#1166=VERTEX_POINT('',#4123);
#1167=VERTEX_POINT('',#4124);
#1168=VERTEX_POINT('',#4129);
#1169=VERTEX_POINT('',#4130);
#1170=VERTEX_POINT('',#4135);
#1171=VERTEX_POINT('',#4136);
#1172=VERTEX_POINT('',#4141);
#1173=VERTEX_POINT('',#4142);
#1174=VERTEX_POINT('',#4147);
#1175=VERTEX_POINT('',#4148);
#1176=VERTEX_POINT('',#4153);
#1177=VERTEX_POINT('',#4154);
#1178=VERTEX_POINT('',#4159);
#1179=VERTEX_POINT('',#4160);
#1180=VERTEX_POINT('',#4165);
#1181=VERTEX_POINT('',#4166);
#1182=VERTEX_POINT('',#4171);
#1183=VERTEX_POINT('',#4172);
#1184=VERTEX_POINT('',#4177);
#1185=VERTEX_POINT('',#4178);
#1186=VERTEX_POINT('',#4198);
#1187=VERTEX_POINT('',#4200);
#1188=VERTEX_POINT('',#4202);
#1189=VERTEX_POINT('',#4204);
#1190=VERTEX_POINT('',#4206);
#1191=VERTEX_POINT('',#4222);
#1192=VERTEX_POINT('',#4223);
#1193=VERTEX_POINT('',#4225);
#1194=VERTEX_POINT('',#4227);
#1195=VERTEX_POINT('',#4229);
#1196=VERTEX_POINT('',#4231);
#1197=VERTEX_POINT('',#4233);
#1198=VERTEX_POINT('',#4235);
#1199=VERTEX_POINT('',#4237);
#1200=VERTEX_POINT('',#4239);
#1201=VERTEX_POINT('',#4241);
#1202=VERTEX_POINT('',#4243);
#1203=VERTEX_POINT('',#4245);
#1204=VERTEX_POINT('',#4247);
#1205=VERTEX_POINT('',#4249);
#1206=VERTEX_POINT('',#4251);
#1207=VERTEX_POINT('',#4253);
#1208=VERTEX_POINT('',#4255);
#1209=VERTEX_POINT('',#4257);
#1210=VERTEX_POINT('',#4259);
#1211=VERTEX_POINT('',#4261);
#1212=VERTEX_POINT('',#4263);
#1213=VERTEX_POINT('',#4265);
#1214=VERTEX_POINT('',#4267);
#1215=VERTEX_POINT('',#4271);
#1216=VERTEX_POINT('',#4273);
#1217=VERTEX_POINT('',#4277);
#1218=VERTEX_POINT('',#4279);
#1219=VERTEX_POINT('',#4283);
#1220=VERTEX_POINT('',#4285);
#1221=VERTEX_POINT('',#4289);
#1222=VERTEX_POINT('',#4291);
#1223=VERTEX_POINT('',#4298);
#1224=VERTEX_POINT('',#4305);
#1225=VERTEX_POINT('',#4309);
#1226=VERTEX_POINT('',#4313);
#1227=VERTEX_POINT('',#4317);
#1228=EDGE_CURVE('',#1003,#1004,#623,.T.);
#1229=EDGE_CURVE('',#1005,#1003,#451,.T.);
#1230=EDGE_CURVE('',#1006,#1005,#624,.T.);
#1231=EDGE_CURVE('',#1007,#1006,#452,.T.);
#1232=EDGE_CURVE('',#1008,#1007,#625,.T.);
#1233=EDGE_CURVE('',#1009,#1008,#453,.T.);
#1234=EDGE_CURVE('',#1010,#1009,#626,.T.);
#1235=EDGE_CURVE('',#1011,#1010,#454,.T.);
#1236=EDGE_CURVE('',#1012,#1011,#627,.T.);
#1237=EDGE_CURVE('',#1013,#1012,#455,.T.);
#1238=EDGE_CURVE('',#1014,#1013,#628,.T.);
#1239=EDGE_CURVE('',#1015,#1014,#456,.T.);
#1240=EDGE_CURVE('',#1016,#1015,#629,.T.);
#1241=EDGE_CURVE('',#1016,#1017,#630,.T.);
#1242=EDGE_CURVE('',#1018,#1017,#631,.T.);
#1243=EDGE_CURVE('',#1019,#1018,#632,.T.);
#1244=EDGE_CURVE('',#1019,#1020,#457,.T.);
#1245=EDGE_CURVE('',#1021,#1020,#633,.T.);
#1246=EDGE_CURVE('',#1021,#1022,#458,.T.);
#1247=EDGE_CURVE('',#1023,#1022,#634,.T.);
#1248=EDGE_CURVE('',#1024,#1023,#635,.T.);
#1249=EDGE_CURVE('',#1025,#1024,#459,.T.);
#1250=EDGE_CURVE('',#1026,#1025,#636,.T.);
#1251=EDGE_CURVE('',#1027,#1026,#460,.T.);
#1252=EDGE_CURVE('',#1028,#1027,#637,.T.);
#1253=EDGE_CURVE('',#1029,#1028,#461,.T.);
#1254=EDGE_CURVE('',#1030,#1029,#638,.T.);
#1255=EDGE_CURVE('',#1031,#1030,#462,.T.);
#1256=EDGE_CURVE('',#1032,#1031,#639,.T.);
#1257=EDGE_CURVE('',#1033,#1032,#463,.T.);
#1258=EDGE_CURVE('',#1034,#1033,#640,.T.);
#1259=EDGE_CURVE('',#1035,#1034,#464,.T.);
#1260=EDGE_CURVE('',#1036,#1035,#641,.T.);
#1261=EDGE_CURVE('',#1036,#1037,#642,.T.);
#1262=EDGE_CURVE('',#1037,#1038,#465,.T.);
#1263=EDGE_CURVE('',#1038,#1039,#643,.T.);
#1264=EDGE_CURVE('',#1039,#1040,#466,.T.);
#1265=EDGE_CURVE('',#1040,#1004,#644,.T.);
#1266=EDGE_CURVE('',#1041,#1041,#467,.T.);
#1267=EDGE_CURVE('',#1042,#1042,#468,.T.);
#1268=EDGE_CURVE('',#1043,#1043,#469,.T.);
#1269=EDGE_CURVE('',#1044,#1044,#470,.T.);
#1270=EDGE_CURVE('',#1045,#1045,#471,.T.);
#1271=EDGE_CURVE('',#1046,#1046,#472,.T.);
#1272=EDGE_CURVE('',#1047,#1047,#473,.T.);
#1273=EDGE_CURVE('',#1048,#1048,#474,.T.);
#1274=EDGE_CURVE('',#1049,#1049,#475,.T.);
#1275=EDGE_CURVE('',#1050,#1050,#476,.T.);
#1276=EDGE_CURVE('',#1051,#1051,#477,.T.);
#1277=EDGE_CURVE('',#1051,#1049,#645,.T.);
#1278=EDGE_CURVE('',#1050,#1048,#646,.T.);
#1279=EDGE_CURVE('',#1052,#1052,#478,.T.);
#1280=EDGE_CURVE('',#1053,#1053,#479,.T.);
#1281=EDGE_CURVE('',#1054,#1054,#480,.T.);
#1282=EDGE_CURVE('',#1054,#1052,#647,.T.);
#1283=EDGE_CURVE('',#1053,#1047,#648,.T.);
#1284=EDGE_CURVE('',#1055,#1055,#481,.T.);
#1285=EDGE_CURVE('',#1056,#1056,#482,.T.);
#1286=EDGE_CURVE('',#1057,#1057,#483,.T.);
#1287=EDGE_CURVE('',#1057,#1055,#649,.T.);
#1288=EDGE_CURVE('',#1056,#1046,#650,.T.);
#1289=EDGE_CURVE('',#1058,#1058,#484,.T.);
#1290=EDGE_CURVE('',#1059,#1059,#485,.T.);
#1291=EDGE_CURVE('',#1060,#1060,#486,.T.);
#1292=EDGE_CURVE('',#1060,#1058,#651,.T.);
#1293=EDGE_CURVE('',#1059,#1045,#652,.T.);
#1294=EDGE_CURVE('',#1061,#1061,#487,.T.);
#1295=EDGE_CURVE('',#1062,#1062,#488,.T.);
#1296=EDGE_CURVE('',#1063,#1063,#489,.T.);
#1297=EDGE_CURVE('',#1063,#1061,#653,.T.);
#1298=EDGE_CURVE('',#1062,#1044,#654,.T.);
#1299=EDGE_CURVE('',#1064,#1064,#490,.T.);
#1300=EDGE_CURVE('',#1065,#1065,#491,.T.);
#1301=EDGE_CURVE('',#1066,#1066,#492,.T.);
#1302=EDGE_CURVE('',#1066,#1064,#655,.T.);
#1303=EDGE_CURVE('',#1065,#1043,#656,.T.);
#1304=EDGE_CURVE('',#1067,#1067,#493,.T.);
#1305=EDGE_CURVE('',#1068,#1068,#494,.T.);
#1306=EDGE_CURVE('',#1069,#1069,#495,.T.);
#1307=EDGE_CURVE('',#1069,#1067,#657,.T.);
#1308=EDGE_CURVE('',#1068,#1042,#658,.T.);
#1309=EDGE_CURVE('',#1070,#1070,#496,.T.);
#1310=EDGE_CURVE('',#1071,#1071,#497,.T.);
#1311=EDGE_CURVE('',#1072,#1072,#498,.T.);
#1312=EDGE_CURVE('',#1072,#1070,#659,.T.);
#1313=EDGE_CURVE('',#1071,#1041,#660,.T.);
#1314=EDGE_CURVE('',#1073,#1074,#499,.T.);
#1315=EDGE_CURVE('',#1074,#1075,#661,.T.);
#1316=EDGE_CURVE('',#1075,#1076,#500,.T.);
#1317=EDGE_CURVE('',#1076,#1073,#662,.T.);
#1318=EDGE_CURVE('',#1077,#1078,#501,.T.);
#1319=EDGE_CURVE('',#1078,#1076,#502,.T.);
#1320=EDGE_CURVE('',#1075,#1077,#503,.T.);
#1321=EDGE_CURVE('',#1079,#1080,#504,.T.);
#1322=EDGE_CURVE('',#1080,#1078,#663,.T.);
#1323=EDGE_CURVE('',#1077,#1079,#664,.T.);
#1324=EDGE_CURVE('',#1081,#1082,#505,.T.);
#1325=EDGE_CURVE('',#1082,#1080,#506,.T.);
#1326=EDGE_CURVE('',#1079,#1081,#507,.T.);
#1327=EDGE_CURVE('',#1083,#1084,#508,.T.);
#1328=EDGE_CURVE('',#1084,#1082,#665,.T.);
#1329=EDGE_CURVE('',#1081,#1083,#666,.T.);
#1330=EDGE_CURVE('',#1085,#1086,#509,.T.);
#1331=EDGE_CURVE('',#1086,#1084,#510,.T.);
#1332=EDGE_CURVE('',#1083,#1085,#511,.T.);
#1333=EDGE_CURVE('',#1087,#1088,#512,.T.);
#1334=EDGE_CURVE('',#1088,#1086,#667,.T.);
#1335=EDGE_CURVE('',#1085,#1087,#668,.T.);
#1336=EDGE_CURVE('',#1089,#1090,#513,.T.);
#1337=EDGE_CURVE('',#1090,#1088,#514,.T.);
#1338=EDGE_CURVE('',#1087,#1089,#515,.T.);
#1339=EDGE_CURVE('',#1091,#1092,#516,.T.);
#1340=EDGE_CURVE('',#1092,#1090,#669,.T.);
#1341=EDGE_CURVE('',#1089,#1091,#670,.T.);
#1342=EDGE_CURVE('',#1093,#1094,#517,.T.);
#1343=EDGE_CURVE('',#1094,#1092,#518,.T.);
#1344=EDGE_CURVE('',#1091,#1093,#519,.T.);
#1345=EDGE_CURVE('',#1095,#1096,#520,.T.);
#1346=EDGE_CURVE('',#1096,#1094,#671,.T.);
#1347=EDGE_CURVE('',#1093,#1095,#672,.T.);
#1348=EDGE_CURVE('',#1097,#1098,#521,.T.);
#1349=EDGE_CURVE('',#1098,#1096,#522,.T.);
#1350=EDGE_CURVE('',#1095,#1097,#523,.T.);
#1351=EDGE_CURVE('',#1099,#1100,#524,.T.);
#1352=EDGE_CURVE('',#1100,#1098,#673,.T.);
#1353=EDGE_CURVE('',#1097,#1099,#674,.T.);
#1354=EDGE_CURVE('',#1101,#1102,#525,.T.);
#1355=EDGE_CURVE('',#1102,#1103,#675,.T.);
#1356=EDGE_CURVE('',#1103,#1104,#526,.T.);
#1357=EDGE_CURVE('',#1104,#1101,#676,.T.);
#1358=EDGE_CURVE('',#1105,#1106,#527,.T.);
#1359=EDGE_CURVE('',#1106,#1104,#528,.T.);
#1360=EDGE_CURVE('',#1103,#1105,#529,.T.);
#1361=EDGE_CURVE('',#1107,#1108,#530,.T.);
#1362=EDGE_CURVE('',#1108,#1106,#677,.T.);
#1363=EDGE_CURVE('',#1105,#1107,#678,.T.);
#1364=EDGE_CURVE('',#1109,#1110,#531,.T.);
#1365=EDGE_CURVE('',#1110,#1108,#532,.T.);
#1366=EDGE_CURVE('',#1107,#1109,#533,.T.);
#1367=EDGE_CURVE('',#1111,#1112,#534,.T.);
#1368=EDGE_CURVE('',#1112,#1110,#679,.T.);
#1369=EDGE_CURVE('',#1109,#1111,#680,.T.);
#1370=EDGE_CURVE('',#1113,#1114,#535,.T.);
#1371=EDGE_CURVE('',#1114,#1112,#536,.T.);
#1372=EDGE_CURVE('',#1111,#1113,#537,.T.);
#1373=EDGE_CURVE('',#1115,#1116,#538,.T.);
#1374=EDGE_CURVE('',#1116,#1114,#681,.T.);
#1375=EDGE_CURVE('',#1113,#1115,#682,.T.);
#1376=EDGE_CURVE('',#1117,#1118,#539,.T.);
#1377=EDGE_CURVE('',#1118,#1116,#540,.T.);
#1378=EDGE_CURVE('',#1115,#1117,#541,.T.);
#1379=EDGE_CURVE('',#1119,#1120,#542,.T.);
#1380=EDGE_CURVE('',#1120,#1118,#683,.T.);
#1381=EDGE_CURVE('',#1117,#1119,#684,.T.);
#1382=EDGE_CURVE('',#1121,#1122,#543,.T.);
#1383=EDGE_CURVE('',#1122,#1120,#544,.T.);
#1384=EDGE_CURVE('',#1119,#1121,#545,.T.);
#1385=EDGE_CURVE('',#1123,#1124,#546,.T.);
#1386=EDGE_CURVE('',#1124,#1122,#685,.T.);
#1387=EDGE_CURVE('',#1121,#1123,#686,.T.);
#1388=EDGE_CURVE('',#1125,#1126,#547,.T.);
#1389=EDGE_CURVE('',#1126,#1124,#548,.T.);
#1390=EDGE_CURVE('',#1123,#1125,#549,.T.);
#1391=EDGE_CURVE('',#1127,#1128,#550,.T.);
#1392=EDGE_CURVE('',#1128,#1126,#687,.T.);
#1393=EDGE_CURVE('',#1125,#1127,#688,.T.);
#1394=EDGE_CURVE('',#1100,#1129,#689,.T.);
#1395=EDGE_CURVE('',#1129,#1130,#551,.T.);
#1396=EDGE_CURVE('',#1130,#1131,#690,.T.);
#1397=EDGE_CURVE('',#1131,#1132,#552,.T.);
#1398=EDGE_CURVE('',#1132,#1101,#691,.T.);
#1399=EDGE_CURVE('',#1128,#1133,#692,.T.);
#1400=EDGE_CURVE('',#1133,#1134,#553,.T.);
#1401=EDGE_CURVE('',#1134,#1135,#693,.T.);
#1402=EDGE_CURVE('',#1135,#1136,#554,.T.);
#1403=EDGE_CURVE('',#1136,#1073,#694,.T.);
#1404=EDGE_CURVE('',#1135,#1038,#695,.T.);
#1405=EDGE_CURVE('',#1136,#1037,#696,.T.);
#1406=EDGE_CURVE('',#1134,#1039,#697,.T.);
#1407=EDGE_CURVE('',#1133,#1040,#698,.T.);
#1408=EDGE_CURVE('',#1019,#1132,#699,.T.);
#1409=EDGE_CURVE('',#1018,#1102,#700,.T.);
#1410=EDGE_CURVE('',#1020,#1131,#701,.T.);
#1411=EDGE_CURVE('',#1021,#1130,#702,.T.);
#1412=EDGE_CURVE('',#1022,#1129,#703,.T.);
#1413=EDGE_CURVE('',#1137,#1099,#704,.T.);
#1414=EDGE_CURVE('',#1023,#1137,#705,.T.);
#1415=EDGE_CURVE('',#1138,#1139,#555,.T.);
#1416=EDGE_CURVE('',#1139,#1140,#706,.T.);
#1417=EDGE_CURVE('',#1140,#1141,#556,.T.);
#1418=EDGE_CURVE('',#1141,#1138,#707,.T.);
#1419=EDGE_CURVE('',#1142,#1143,#557,.T.);
#1420=EDGE_CURVE('',#1143,#1141,#558,.T.);
#1421=EDGE_CURVE('',#1140,#1142,#559,.T.);
#1422=EDGE_CURVE('',#1144,#1145,#560,.T.);
#1423=EDGE_CURVE('',#1145,#1143,#708,.T.);
#1424=EDGE_CURVE('',#1142,#1144,#709,.T.);
#1425=EDGE_CURVE('',#1146,#1147,#561,.T.);
#1426=EDGE_CURVE('',#1147,#1145,#562,.T.);
#1427=EDGE_CURVE('',#1144,#1146,#563,.T.);
#1428=EDGE_CURVE('',#1148,#1149,#564,.T.);
#1429=EDGE_CURVE('',#1149,#1147,#710,.T.);
#1430=EDGE_CURVE('',#1146,#1148,#711,.T.);
#1431=EDGE_CURVE('',#1150,#1151,#565,.T.);
#1432=EDGE_CURVE('',#1151,#1149,#566,.T.);
#1433=EDGE_CURVE('',#1148,#1150,#567,.T.);
#1434=EDGE_CURVE('',#1152,#1153,#568,.T.);
#1435=EDGE_CURVE('',#1153,#1151,#712,.T.);
#1436=EDGE_CURVE('',#1150,#1152,#713,.T.);
#1437=EDGE_CURVE('',#1154,#1155,#569,.T.);
#1438=EDGE_CURVE('',#1155,#1153,#570,.T.);
#1439=EDGE_CURVE('',#1152,#1154,#571,.T.);
#1440=EDGE_CURVE('',#1156,#1157,#572,.T.);
#1441=EDGE_CURVE('',#1157,#1155,#714,.T.);
#1442=EDGE_CURVE('',#1154,#1156,#715,.T.);
#1443=EDGE_CURVE('',#1158,#1159,#573,.T.);
#1444=EDGE_CURVE('',#1159,#1157,#574,.T.);
#1445=EDGE_CURVE('',#1156,#1158,#575,.T.);
#1446=EDGE_CURVE('',#1160,#1161,#576,.T.);
#1447=EDGE_CURVE('',#1161,#1159,#716,.T.);
#1448=EDGE_CURVE('',#1158,#1160,#717,.T.);
#1449=EDGE_CURVE('',#1162,#1163,#577,.T.);
#1450=EDGE_CURVE('',#1163,#1161,#578,.T.);
#1451=EDGE_CURVE('',#1160,#1162,#579,.T.);
#1452=EDGE_CURVE('',#1164,#1165,#580,.T.);
#1453=EDGE_CURVE('',#1165,#1163,#718,.T.);
#1454=EDGE_CURVE('',#1162,#1164,#719,.T.);
#1455=EDGE_CURVE('',#1166,#1167,#581,.T.);
#1456=EDGE_CURVE('',#1167,#1165,#582,.T.);
#1457=EDGE_CURVE('',#1164,#1166,#583,.T.);
#1458=EDGE_CURVE('',#1168,#1169,#584,.T.);
#1459=EDGE_CURVE('',#1169,#1167,#720,.T.);
#1460=EDGE_CURVE('',#1166,#1168,#721,.T.);
#1461=EDGE_CURVE('',#1170,#1171,#585,.T.);
#1462=EDGE_CURVE('',#1171,#1169,#586,.T.);
#1463=EDGE_CURVE('',#1168,#1170,#587,.T.);
#1464=EDGE_CURVE('',#1172,#1173,#588,.T.);
#1465=EDGE_CURVE('',#1173,#1171,#722,.T.);
#1466=EDGE_CURVE('',#1170,#1172,#723,.T.);
#1467=EDGE_CURVE('',#1174,#1175,#589,.T.);
#1468=EDGE_CURVE('',#1175,#1173,#590,.T.);
#1469=EDGE_CURVE('',#1172,#1174,#591,.T.);
#1470=EDGE_CURVE('',#1176,#1177,#592,.T.);
#1471=EDGE_CURVE('',#1177,#1175,#724,.T.);
#1472=EDGE_CURVE('',#1174,#1176,#725,.T.);
#1473=EDGE_CURVE('',#1178,#1179,#593,.T.);
#1474=EDGE_CURVE('',#1179,#1177,#594,.T.);
#1475=EDGE_CURVE('',#1176,#1178,#595,.T.);
#1476=EDGE_CURVE('',#1180,#1181,#596,.T.);
#1477=EDGE_CURVE('',#1181,#1179,#726,.T.);
#1478=EDGE_CURVE('',#1178,#1180,#727,.T.);
#1479=EDGE_CURVE('',#1182,#1183,#597,.T.);
#1480=EDGE_CURVE('',#1183,#1181,#598,.T.);
#1481=EDGE_CURVE('',#1180,#1182,#599,.T.);
#1482=EDGE_CURVE('',#1184,#1185,#600,.T.);
#1483=EDGE_CURVE('',#1185,#1183,#728,.T.);
#1484=EDGE_CURVE('',#1182,#1184,#729,.T.);
#1485=EDGE_CURVE('',#1138,#1185,#601,.T.);
#1486=EDGE_CURVE('',#1184,#1139,#602,.T.);
#1487=EDGE_CURVE('',#1089,#1160,#730,.T.);
#1488=EDGE_CURVE('',#1087,#1162,#731,.T.);
#1489=EDGE_CURVE('',#1091,#1158,#732,.T.);
#1490=EDGE_CURVE('',#1093,#1156,#733,.T.);
#1491=EDGE_CURVE('',#1095,#1154,#734,.T.);
#1492=EDGE_CURVE('',#1097,#1152,#735,.T.);
#1493=EDGE_CURVE('',#1103,#1150,#736,.T.);
#1494=EDGE_CURVE('',#1017,#1186,#737,.T.);
#1495=EDGE_CURVE('',#1186,#1187,#603,.T.);
#1496=EDGE_CURVE('',#1187,#1188,#738,.T.);
#1497=EDGE_CURVE('',#1188,#1189,#604,.T.);
#1498=EDGE_CURVE('',#1189,#1190,#739,.T.);
#1499=EDGE_CURVE('',#1190,#1137,#740,.T.);
#1500=EDGE_CURVE('',#1105,#1148,#741,.T.);
#1501=EDGE_CURVE('',#1107,#1146,#742,.T.);
#1502=EDGE_CURVE('',#1109,#1144,#743,.T.);
#1503=EDGE_CURVE('',#1111,#1142,#744,.T.);
#1504=EDGE_CURVE('',#1113,#1140,#745,.T.);
#1505=EDGE_CURVE('',#1115,#1139,#746,.T.);
#1506=EDGE_CURVE('',#1191,#1192,#747,.T.);
#1507=EDGE_CURVE('',#1192,#1193,#605,.T.);
#1508=EDGE_CURVE('',#1193,#1194,#748,.T.);
#1509=EDGE_CURVE('',#1194,#1195,#606,.T.);
#1510=EDGE_CURVE('',#1195,#1196,#749,.T.);
#1511=EDGE_CURVE('',#1196,#1197,#607,.T.);
#1512=EDGE_CURVE('',#1197,#1198,#750,.T.);
#1513=EDGE_CURVE('',#1198,#1199,#608,.T.);
#1514=EDGE_CURVE('',#1199,#1200,#751,.T.);
#1515=EDGE_CURVE('',#1200,#1201,#609,.T.);
#1516=EDGE_CURVE('',#1201,#1202,#752,.T.);
#1517=EDGE_CURVE('',#1202,#1203,#610,.T.);
#1518=EDGE_CURVE('',#1203,#1204,#753,.T.);
#1519=EDGE_CURVE('',#1204,#1205,#611,.T.);
#1520=EDGE_CURVE('',#1205,#1206,#754,.T.);
#1521=EDGE_CURVE('',#1206,#1207,#612,.T.);
#1522=EDGE_CURVE('',#1207,#1208,#755,.T.);
#1523=EDGE_CURVE('',#1208,#1209,#613,.T.);
#1524=EDGE_CURVE('',#1209,#1210,#756,.T.);
#1525=EDGE_CURVE('',#1210,#1211,#614,.T.);
#1526=EDGE_CURVE('',#1211,#1212,#757,.T.);
#1527=EDGE_CURVE('',#1212,#1213,#615,.T.);
#1528=EDGE_CURVE('',#1213,#1214,#758,.T.);
#1529=EDGE_CURVE('',#1214,#1191,#616,.T.);
#1530=EDGE_CURVE('',#1215,#1127,#759,.T.);
#1531=EDGE_CURVE('',#1215,#1216,#760,.T.);
#1532=EDGE_CURVE('',#1004,#1216,#761,.T.);
#1533=EDGE_CURVE('',#1217,#1215,#617,.T.);
#1534=EDGE_CURVE('',#1217,#1218,#762,.T.);
#1535=EDGE_CURVE('',#1216,#1218,#618,.T.);
#1536=EDGE_CURVE('',#1219,#1217,#763,.T.);
#1537=EDGE_CURVE('',#1219,#1220,#764,.T.);
#1538=EDGE_CURVE('',#1218,#1220,#765,.T.);
#1539=EDGE_CURVE('',#1221,#1219,#619,.T.);
#1540=EDGE_CURVE('',#1221,#1222,#766,.T.);
#1541=EDGE_CURVE('',#1220,#1222,#620,.T.);
#1542=EDGE_CURVE('',#1074,#1221,#767,.T.);
#1543=EDGE_CURVE('',#1222,#1036,#768,.T.);
#1544=EDGE_CURVE('',#1190,#1223,#769,.T.);
#1545=EDGE_CURVE('',#1023,#1223,#770,.T.);
#1546=EDGE_CURVE('',#1075,#1174,#771,.T.);
#1547=EDGE_CURVE('',#1125,#1176,#772,.T.);
#1548=EDGE_CURVE('',#1224,#1016,#773,.T.);
#1549=EDGE_CURVE('',#1186,#1224,#774,.T.);
#1550=EDGE_CURVE('',#1189,#1225,#775,.T.);
#1551=EDGE_CURVE('',#1223,#1225,#776,.T.);
#1552=EDGE_CURVE('',#1188,#1226,#777,.T.);
#1553=EDGE_CURVE('',#1225,#1226,#621,.T.);
#1554=EDGE_CURVE('',#1187,#1227,#778,.T.);
#1555=EDGE_CURVE('',#1226,#1227,#779,.T.);
#1556=EDGE_CURVE('',#1227,#1224,#622,.T.);
#1557=EDGE_CURVE('',#1015,#1194,#780,.T.);
#1558=EDGE_CURVE('',#1024,#1193,#781,.T.);
#1559=EDGE_CURVE('',#1026,#1191,#782,.T.);
#1560=EDGE_CURVE('',#1027,#1214,#783,.T.);
#1561=EDGE_CURVE('',#1028,#1213,#784,.T.);
#1562=EDGE_CURVE('',#1029,#1212,#785,.T.);
#1563=EDGE_CURVE('',#1030,#1211,#786,.T.);
#1564=EDGE_CURVE('',#1031,#1210,#787,.T.);
#1565=EDGE_CURVE('',#1032,#1209,#788,.T.);
#1566=EDGE_CURVE('',#1033,#1208,#789,.T.);
#1567=EDGE_CURVE('',#1034,#1207,#790,.T.);
#1568=EDGE_CURVE('',#1035,#1206,#791,.T.);
#1569=EDGE_CURVE('',#1003,#1205,#792,.T.);
#1570=EDGE_CURVE('',#1005,#1204,#793,.T.);
#1571=EDGE_CURVE('',#1006,#1203,#794,.T.);
#1572=EDGE_CURVE('',#1007,#1202,#795,.T.);
#1573=EDGE_CURVE('',#1008,#1201,#796,.T.);
#1574=EDGE_CURVE('',#1009,#1200,#797,.T.);
#1575=EDGE_CURVE('',#1010,#1199,#798,.T.);
#1576=EDGE_CURVE('',#1011,#1198,#799,.T.);
#1577=EDGE_CURVE('',#1012,#1197,#800,.T.);
#1578=EDGE_CURVE('',#1013,#1196,#801,.T.);
#1579=EDGE_CURVE('',#1014,#1195,#802,.T.);
#1580=EDGE_CURVE('',#1025,#1192,#803,.T.);
#1581=EDGE_CURVE('',#1083,#1166,#804,.T.);
#1582=EDGE_CURVE('',#1168,#1081,#805,.T.);
#1583=EDGE_CURVE('',#1085,#1164,#806,.T.);
#1584=EDGE_CURVE('',#1117,#1184,#807,.T.);
#1585=EDGE_CURVE('',#1119,#1182,#808,.T.);
#1586=EDGE_CURVE('',#1121,#1180,#809,.T.);
#1587=EDGE_CURVE('',#1123,#1178,#810,.T.);
#1588=EDGE_CURVE('',#1077,#1172,#811,.T.);
#1589=EDGE_CURVE('',#1079,#1170,#812,.T.);
#1590=ORIENTED_EDGE('',*,*,#1228,.F.);
#1591=ORIENTED_EDGE('',*,*,#1229,.F.);
#1592=ORIENTED_EDGE('',*,*,#1230,.F.);
#1593=ORIENTED_EDGE('',*,*,#1231,.F.);
#1594=ORIENTED_EDGE('',*,*,#1232,.F.);
#1595=ORIENTED_EDGE('',*,*,#1233,.F.);
#1596=ORIENTED_EDGE('',*,*,#1234,.F.);
#1597=ORIENTED_EDGE('',*,*,#1235,.F.);
#1598=ORIENTED_EDGE('',*,*,#1236,.F.);
#1599=ORIENTED_EDGE('',*,*,#1237,.F.);
#1600=ORIENTED_EDGE('',*,*,#1238,.F.);
#1601=ORIENTED_EDGE('',*,*,#1239,.F.);
#1602=ORIENTED_EDGE('',*,*,#1240,.F.);
#1603=ORIENTED_EDGE('',*,*,#1241,.T.);
#1604=ORIENTED_EDGE('',*,*,#1242,.F.);
#1605=ORIENTED_EDGE('',*,*,#1243,.F.);
#1606=ORIENTED_EDGE('',*,*,#1244,.T.);
#1607=ORIENTED_EDGE('',*,*,#1245,.F.);
#1608=ORIENTED_EDGE('',*,*,#1246,.T.);
#1609=ORIENTED_EDGE('',*,*,#1247,.F.);
#1610=ORIENTED_EDGE('',*,*,#1248,.F.);
#1611=ORIENTED_EDGE('',*,*,#1249,.F.);
#1612=ORIENTED_EDGE('',*,*,#1250,.F.);
#1613=ORIENTED_EDGE('',*,*,#1251,.F.);
#1614=ORIENTED_EDGE('',*,*,#1252,.F.);
#1615=ORIENTED_EDGE('',*,*,#1253,.F.);
#1616=ORIENTED_EDGE('',*,*,#1254,.F.);
#1617=ORIENTED_EDGE('',*,*,#1255,.F.);
#1618=ORIENTED_EDGE('',*,*,#1256,.F.);
#1619=ORIENTED_EDGE('',*,*,#1257,.F.);
#1620=ORIENTED_EDGE('',*,*,#1258,.F.);
#1621=ORIENTED_EDGE('',*,*,#1259,.F.);
#1622=ORIENTED_EDGE('',*,*,#1260,.F.);
#1623=ORIENTED_EDGE('',*,*,#1261,.T.);
#1624=ORIENTED_EDGE('',*,*,#1262,.T.);
#1625=ORIENTED_EDGE('',*,*,#1263,.T.);
#1626=ORIENTED_EDGE('',*,*,#1264,.T.);
#1627=ORIENTED_EDGE('',*,*,#1265,.T.);
#1628=ORIENTED_EDGE('',*,*,#1266,.T.);
#1629=ORIENTED_EDGE('',*,*,#1267,.T.);
#1630=ORIENTED_EDGE('',*,*,#1268,.T.);
#1631=ORIENTED_EDGE('',*,*,#1269,.T.);
#1632=ORIENTED_EDGE('',*,*,#1270,.T.);
#1633=ORIENTED_EDGE('',*,*,#1271,.T.);
#1634=ORIENTED_EDGE('',*,*,#1272,.T.);
#1635=ORIENTED_EDGE('',*,*,#1273,.T.);
#1636=ORIENTED_EDGE('',*,*,#1274,.F.);
#1637=ORIENTED_EDGE('',*,*,#1275,.T.);
#1638=ORIENTED_EDGE('',*,*,#1276,.F.);
#1639=ORIENTED_EDGE('',*,*,#1277,.T.);
#1640=ORIENTED_EDGE('',*,*,#1274,.T.);
#1641=ORIENTED_EDGE('',*,*,#1277,.F.);
#1642=ORIENTED_EDGE('',*,*,#1275,.F.);
#1643=ORIENTED_EDGE('',*,*,#1278,.T.);
#1644=ORIENTED_EDGE('',*,*,#1273,.F.);
#1645=ORIENTED_EDGE('',*,*,#1278,.F.);
#1646=ORIENTED_EDGE('',*,*,#1279,.F.);
#1647=ORIENTED_EDGE('',*,*,#1280,.T.);
#1648=ORIENTED_EDGE('',*,*,#1281,.F.);
#1649=ORIENTED_EDGE('',*,*,#1282,.T.);
#1650=ORIENTED_EDGE('',*,*,#1279,.T.);
#1651=ORIENTED_EDGE('',*,*,#1282,.F.);
#1652=ORIENTED_EDGE('',*,*,#1280,.F.);
#1653=ORIENTED_EDGE('',*,*,#1283,.T.);
#1654=ORIENTED_EDGE('',*,*,#1272,.F.);
#1655=ORIENTED_EDGE('',*,*,#1283,.F.);
#1656=ORIENTED_EDGE('',*,*,#1284,.F.);
#1657=ORIENTED_EDGE('',*,*,#1285,.T.);
#1658=ORIENTED_EDGE('',*,*,#1286,.F.);
#1659=ORIENTED_EDGE('',*,*,#1287,.T.);
#1660=ORIENTED_EDGE('',*,*,#1284,.T.);
#1661=ORIENTED_EDGE('',*,*,#1287,.F.);
#1662=ORIENTED_EDGE('',*,*,#1285,.F.);
#1663=ORIENTED_EDGE('',*,*,#1288,.T.);
#1664=ORIENTED_EDGE('',*,*,#1271,.F.);
#1665=ORIENTED_EDGE('',*,*,#1288,.F.);
#1666=ORIENTED_EDGE('',*,*,#1289,.F.);
#1667=ORIENTED_EDGE('',*,*,#1290,.T.);
#1668=ORIENTED_EDGE('',*,*,#1291,.F.);
#1669=ORIENTED_EDGE('',*,*,#1292,.T.);
#1670=ORIENTED_EDGE('',*,*,#1289,.T.);
#1671=ORIENTED_EDGE('',*,*,#1292,.F.);
#1672=ORIENTED_EDGE('',*,*,#1290,.F.);
#1673=ORIENTED_EDGE('',*,*,#1293,.T.);
#1674=ORIENTED_EDGE('',*,*,#1270,.F.);
#1675=ORIENTED_EDGE('',*,*,#1293,.F.);
#1676=ORIENTED_EDGE('',*,*,#1294,.F.);
#1677=ORIENTED_EDGE('',*,*,#1295,.T.);
#1678=ORIENTED_EDGE('',*,*,#1296,.F.);
#1679=ORIENTED_EDGE('',*,*,#1297,.T.);
#1680=ORIENTED_EDGE('',*,*,#1294,.T.);
#1681=ORIENTED_EDGE('',*,*,#1297,.F.);
#1682=ORIENTED_EDGE('',*,*,#1295,.F.);
#1683=ORIENTED_EDGE('',*,*,#1298,.T.);
#1684=ORIENTED_EDGE('',*,*,#1269,.F.);
#1685=ORIENTED_EDGE('',*,*,#1298,.F.);
#1686=ORIENTED_EDGE('',*,*,#1299,.F.);
#1687=ORIENTED_EDGE('',*,*,#1300,.T.);
#1688=ORIENTED_EDGE('',*,*,#1301,.F.);
#1689=ORIENTED_EDGE('',*,*,#1302,.T.);
#1690=ORIENTED_EDGE('',*,*,#1299,.T.);
#1691=ORIENTED_EDGE('',*,*,#1302,.F.);
#1692=ORIENTED_EDGE('',*,*,#1300,.F.);
#1693=ORIENTED_EDGE('',*,*,#1303,.T.);
#1694=ORIENTED_EDGE('',*,*,#1268,.F.);
#1695=ORIENTED_EDGE('',*,*,#1303,.F.);
#1696=ORIENTED_EDGE('',*,*,#1304,.F.);
#1697=ORIENTED_EDGE('',*,*,#1305,.T.);
#1698=ORIENTED_EDGE('',*,*,#1306,.F.);
#1699=ORIENTED_EDGE('',*,*,#1307,.T.);
#1700=ORIENTED_EDGE('',*,*,#1304,.T.);
#1701=ORIENTED_EDGE('',*,*,#1307,.F.);
#1702=ORIENTED_EDGE('',*,*,#1305,.F.);
#1703=ORIENTED_EDGE('',*,*,#1308,.T.);
#1704=ORIENTED_EDGE('',*,*,#1267,.F.);
#1705=ORIENTED_EDGE('',*,*,#1308,.F.);
#1706=ORIENTED_EDGE('',*,*,#1309,.F.);
#1707=ORIENTED_EDGE('',*,*,#1310,.T.);
#1708=ORIENTED_EDGE('',*,*,#1311,.F.);
#1709=ORIENTED_EDGE('',*,*,#1312,.T.);
#1710=ORIENTED_EDGE('',*,*,#1309,.T.);
#1711=ORIENTED_EDGE('',*,*,#1312,.F.);
#1712=ORIENTED_EDGE('',*,*,#1310,.F.);
#1713=ORIENTED_EDGE('',*,*,#1313,.T.);
#1714=ORIENTED_EDGE('',*,*,#1266,.F.);
#1715=ORIENTED_EDGE('',*,*,#1313,.F.);
#1716=ORIENTED_EDGE('',*,*,#1314,.T.);
#1717=ORIENTED_EDGE('',*,*,#1315,.T.);
#1718=ORIENTED_EDGE('',*,*,#1316,.T.);
#1719=ORIENTED_EDGE('',*,*,#1317,.T.);
#1720=ORIENTED_EDGE('',*,*,#1318,.T.);
#1721=ORIENTED_EDGE('',*,*,#1319,.T.);
#1722=ORIENTED_EDGE('',*,*,#1316,.F.);
#1723=ORIENTED_EDGE('',*,*,#1320,.T.);
#1724=ORIENTED_EDGE('',*,*,#1321,.T.);
#1725=ORIENTED_EDGE('',*,*,#1322,.T.);
#1726=ORIENTED_EDGE('',*,*,#1318,.F.);
#1727=ORIENTED_EDGE('',*,*,#1323,.T.);
#1728=ORIENTED_EDGE('',*,*,#1324,.T.);
#1729=ORIENTED_EDGE('',*,*,#1325,.T.);
#1730=ORIENTED_EDGE('',*,*,#1321,.F.);
#1731=ORIENTED_EDGE('',*,*,#1326,.T.);
#1732=ORIENTED_EDGE('',*,*,#1327,.T.);
#1733=ORIENTED_EDGE('',*,*,#1328,.T.);
#1734=ORIENTED_EDGE('',*,*,#1324,.F.);
#1735=ORIENTED_EDGE('',*,*,#1329,.T.);
#1736=ORIENTED_EDGE('',*,*,#1330,.T.);
#1737=ORIENTED_EDGE('',*,*,#1331,.T.);
#1738=ORIENTED_EDGE('',*,*,#1327,.F.);
#1739=ORIENTED_EDGE('',*,*,#1332,.T.);
#1740=ORIENTED_EDGE('',*,*,#1333,.T.);
#1741=ORIENTED_EDGE('',*,*,#1334,.T.);
#1742=ORIENTED_EDGE('',*,*,#1330,.F.);
#1743=ORIENTED_EDGE('',*,*,#1335,.T.);
#1744=ORIENTED_EDGE('',*,*,#1336,.T.);
#1745=ORIENTED_EDGE('',*,*,#1337,.T.);
#1746=ORIENTED_EDGE('',*,*,#1333,.F.);
#1747=ORIENTED_EDGE('',*,*,#1338,.T.);
#1748=ORIENTED_EDGE('',*,*,#1339,.T.);
#1749=ORIENTED_EDGE('',*,*,#1340,.T.);
#1750=ORIENTED_EDGE('',*,*,#1336,.F.);
#1751=ORIENTED_EDGE('',*,*,#1341,.T.);
#1752=ORIENTED_EDGE('',*,*,#1342,.T.);
#1753=ORIENTED_EDGE('',*,*,#1343,.T.);
#1754=ORIENTED_EDGE('',*,*,#1339,.F.);
#1755=ORIENTED_EDGE('',*,*,#1344,.T.);
#1756=ORIENTED_EDGE('',*,*,#1345,.T.);
#1757=ORIENTED_EDGE('',*,*,#1346,.T.);
#1758=ORIENTED_EDGE('',*,*,#1342,.F.);
#1759=ORIENTED_EDGE('',*,*,#1347,.T.);
#1760=ORIENTED_EDGE('',*,*,#1348,.T.);
#1761=ORIENTED_EDGE('',*,*,#1349,.T.);
#1762=ORIENTED_EDGE('',*,*,#1345,.F.);
#1763=ORIENTED_EDGE('',*,*,#1350,.T.);
#1764=ORIENTED_EDGE('',*,*,#1351,.T.);
#1765=ORIENTED_EDGE('',*,*,#1352,.T.);
#1766=ORIENTED_EDGE('',*,*,#1348,.F.);
#1767=ORIENTED_EDGE('',*,*,#1353,.T.);
#1768=ORIENTED_EDGE('',*,*,#1354,.T.);
#1769=ORIENTED_EDGE('',*,*,#1355,.T.);
#1770=ORIENTED_EDGE('',*,*,#1356,.T.);
#1771=ORIENTED_EDGE('',*,*,#1357,.T.);
#1772=ORIENTED_EDGE('',*,*,#1358,.T.);
#1773=ORIENTED_EDGE('',*,*,#1359,.T.);
#1774=ORIENTED_EDGE('',*,*,#1356,.F.);
#1775=ORIENTED_EDGE('',*,*,#1360,.T.);
#1776=ORIENTED_EDGE('',*,*,#1361,.T.);
#1777=ORIENTED_EDGE('',*,*,#1362,.T.);
#1778=ORIENTED_EDGE('',*,*,#1358,.F.);
#1779=ORIENTED_EDGE('',*,*,#1363,.T.);
#1780=ORIENTED_EDGE('',*,*,#1364,.T.);
#1781=ORIENTED_EDGE('',*,*,#1365,.T.);
#1782=ORIENTED_EDGE('',*,*,#1361,.F.);
#1783=ORIENTED_EDGE('',*,*,#1366,.T.);
#1784=ORIENTED_EDGE('',*,*,#1367,.T.);
#1785=ORIENTED_EDGE('',*,*,#1368,.T.);
#1786=ORIENTED_EDGE('',*,*,#1364,.F.);
#1787=ORIENTED_EDGE('',*,*,#1369,.T.);
#1788=ORIENTED_EDGE('',*,*,#1370,.T.);
#1789=ORIENTED_EDGE('',*,*,#1371,.T.);
#1790=ORIENTED_EDGE('',*,*,#1367,.F.);
#1791=ORIENTED_EDGE('',*,*,#1372,.T.);
#1792=ORIENTED_EDGE('',*,*,#1373,.T.);
#1793=ORIENTED_EDGE('',*,*,#1374,.T.);
#1794=ORIENTED_EDGE('',*,*,#1370,.F.);
#1795=ORIENTED_EDGE('',*,*,#1375,.T.);
#1796=ORIENTED_EDGE('',*,*,#1376,.T.);
#1797=ORIENTED_EDGE('',*,*,#1377,.T.);
#1798=ORIENTED_EDGE('',*,*,#1373,.F.);
#1799=ORIENTED_EDGE('',*,*,#1378,.T.);
#1800=ORIENTED_EDGE('',*,*,#1379,.T.);
#1801=ORIENTED_EDGE('',*,*,#1380,.T.);
#1802=ORIENTED_EDGE('',*,*,#1376,.F.);
#1803=ORIENTED_EDGE('',*,*,#1381,.T.);
#1804=ORIENTED_EDGE('',*,*,#1382,.T.);
#1805=ORIENTED_EDGE('',*,*,#1383,.T.);
#1806=ORIENTED_EDGE('',*,*,#1379,.F.);
#1807=ORIENTED_EDGE('',*,*,#1384,.T.);
#1808=ORIENTED_EDGE('',*,*,#1385,.T.);
#1809=ORIENTED_EDGE('',*,*,#1386,.T.);
#1810=ORIENTED_EDGE('',*,*,#1382,.F.);
#1811=ORIENTED_EDGE('',*,*,#1387,.T.);
#1812=ORIENTED_EDGE('',*,*,#1388,.T.);
#1813=ORIENTED_EDGE('',*,*,#1389,.T.);
#1814=ORIENTED_EDGE('',*,*,#1385,.F.);
#1815=ORIENTED_EDGE('',*,*,#1390,.T.);
#1816=ORIENTED_EDGE('',*,*,#1391,.T.);
#1817=ORIENTED_EDGE('',*,*,#1392,.T.);
#1818=ORIENTED_EDGE('',*,*,#1388,.F.);
#1819=ORIENTED_EDGE('',*,*,#1393,.T.);
#1820=ORIENTED_EDGE('',*,*,#1352,.F.);
#1821=ORIENTED_EDGE('',*,*,#1394,.T.);
#1822=ORIENTED_EDGE('',*,*,#1395,.T.);
#1823=ORIENTED_EDGE('',*,*,#1396,.T.);
#1824=ORIENTED_EDGE('',*,*,#1397,.T.);
#1825=ORIENTED_EDGE('',*,*,#1398,.T.);
#1826=ORIENTED_EDGE('',*,*,#1357,.F.);
#1827=ORIENTED_EDGE('',*,*,#1359,.F.);
#1828=ORIENTED_EDGE('',*,*,#1362,.F.);
#1829=ORIENTED_EDGE('',*,*,#1365,.F.);
#1830=ORIENTED_EDGE('',*,*,#1368,.F.);
#1831=ORIENTED_EDGE('',*,*,#1371,.F.);
#1832=ORIENTED_EDGE('',*,*,#1374,.F.);
#1833=ORIENTED_EDGE('',*,*,#1377,.F.);
#1834=ORIENTED_EDGE('',*,*,#1380,.F.);
#1835=ORIENTED_EDGE('',*,*,#1383,.F.);
#1836=ORIENTED_EDGE('',*,*,#1386,.F.);
#1837=ORIENTED_EDGE('',*,*,#1389,.F.);
#1838=ORIENTED_EDGE('',*,*,#1392,.F.);
#1839=ORIENTED_EDGE('',*,*,#1399,.T.);
#1840=ORIENTED_EDGE('',*,*,#1400,.T.);
#1841=ORIENTED_EDGE('',*,*,#1401,.T.);
#1842=ORIENTED_EDGE('',*,*,#1402,.T.);
#1843=ORIENTED_EDGE('',*,*,#1403,.T.);
#1844=ORIENTED_EDGE('',*,*,#1317,.F.);
#1845=ORIENTED_EDGE('',*,*,#1319,.F.);
#1846=ORIENTED_EDGE('',*,*,#1322,.F.);
#1847=ORIENTED_EDGE('',*,*,#1325,.F.);
#1848=ORIENTED_EDGE('',*,*,#1328,.F.);
#1849=ORIENTED_EDGE('',*,*,#1331,.F.);
#1850=ORIENTED_EDGE('',*,*,#1334,.F.);
#1851=ORIENTED_EDGE('',*,*,#1337,.F.);
#1852=ORIENTED_EDGE('',*,*,#1340,.F.);
#1853=ORIENTED_EDGE('',*,*,#1343,.F.);
#1854=ORIENTED_EDGE('',*,*,#1346,.F.);
#1855=ORIENTED_EDGE('',*,*,#1349,.F.);
#1856=ORIENTED_EDGE('',*,*,#1276,.T.);
#1857=ORIENTED_EDGE('',*,*,#1281,.T.);
#1858=ORIENTED_EDGE('',*,*,#1286,.T.);
#1859=ORIENTED_EDGE('',*,*,#1291,.T.);
#1860=ORIENTED_EDGE('',*,*,#1296,.T.);
#1861=ORIENTED_EDGE('',*,*,#1301,.T.);
#1862=ORIENTED_EDGE('',*,*,#1306,.T.);
#1863=ORIENTED_EDGE('',*,*,#1311,.T.);
#1864=ORIENTED_EDGE('',*,*,#1402,.F.);
#1865=ORIENTED_EDGE('',*,*,#1404,.T.);
#1866=ORIENTED_EDGE('',*,*,#1262,.F.);
#1867=ORIENTED_EDGE('',*,*,#1405,.F.);
#1868=ORIENTED_EDGE('',*,*,#1401,.F.);
#1869=ORIENTED_EDGE('',*,*,#1406,.T.);
#1870=ORIENTED_EDGE('',*,*,#1263,.F.);
#1871=ORIENTED_EDGE('',*,*,#1404,.F.);
#1872=ORIENTED_EDGE('',*,*,#1400,.F.);
#1873=ORIENTED_EDGE('',*,*,#1407,.T.);
#1874=ORIENTED_EDGE('',*,*,#1264,.F.);
#1875=ORIENTED_EDGE('',*,*,#1406,.F.);
#1876=ORIENTED_EDGE('',*,*,#1354,.F.);
#1877=ORIENTED_EDGE('',*,*,#1398,.F.);
#1878=ORIENTED_EDGE('',*,*,#1408,.F.);
#1879=ORIENTED_EDGE('',*,*,#1243,.T.);
#1880=ORIENTED_EDGE('',*,*,#1409,.T.);
#1881=ORIENTED_EDGE('',*,*,#1244,.F.);
#1882=ORIENTED_EDGE('',*,*,#1408,.T.);
#1883=ORIENTED_EDGE('',*,*,#1397,.F.);
#1884=ORIENTED_EDGE('',*,*,#1410,.F.);
#1885=ORIENTED_EDGE('',*,*,#1245,.T.);
#1886=ORIENTED_EDGE('',*,*,#1410,.T.);
#1887=ORIENTED_EDGE('',*,*,#1396,.F.);
#1888=ORIENTED_EDGE('',*,*,#1411,.F.);
#1889=ORIENTED_EDGE('',*,*,#1246,.F.);
#1890=ORIENTED_EDGE('',*,*,#1411,.T.);
#1891=ORIENTED_EDGE('',*,*,#1395,.F.);
#1892=ORIENTED_EDGE('',*,*,#1412,.F.);
#1893=ORIENTED_EDGE('',*,*,#1351,.F.);
#1894=ORIENTED_EDGE('',*,*,#1413,.F.);
#1895=ORIENTED_EDGE('',*,*,#1414,.F.);
#1896=ORIENTED_EDGE('',*,*,#1247,.T.);
#1897=ORIENTED_EDGE('',*,*,#1412,.T.);
#1898=ORIENTED_EDGE('',*,*,#1394,.F.);
#1899=ORIENTED_EDGE('',*,*,#1415,.T.);
#1900=ORIENTED_EDGE('',*,*,#1416,.T.);
#1901=ORIENTED_EDGE('',*,*,#1417,.T.);
#1902=ORIENTED_EDGE('',*,*,#1418,.T.);
#1903=ORIENTED_EDGE('',*,*,#1419,.T.);
#1904=ORIENTED_EDGE('',*,*,#1420,.T.);
#1905=ORIENTED_EDGE('',*,*,#1417,.F.);
#1906=ORIENTED_EDGE('',*,*,#1421,.T.);
#1907=ORIENTED_EDGE('',*,*,#1422,.T.);
#1908=ORIENTED_EDGE('',*,*,#1423,.T.);
#1909=ORIENTED_EDGE('',*,*,#1419,.F.);
#1910=ORIENTED_EDGE('',*,*,#1424,.T.);
#1911=ORIENTED_EDGE('',*,*,#1425,.T.);
#1912=ORIENTED_EDGE('',*,*,#1426,.T.);
#1913=ORIENTED_EDGE('',*,*,#1422,.F.);
#1914=ORIENTED_EDGE('',*,*,#1427,.T.);
#1915=ORIENTED_EDGE('',*,*,#1428,.T.);
#1916=ORIENTED_EDGE('',*,*,#1429,.T.);
#1917=ORIENTED_EDGE('',*,*,#1425,.F.);
#1918=ORIENTED_EDGE('',*,*,#1430,.T.);
#1919=ORIENTED_EDGE('',*,*,#1431,.T.);
#1920=ORIENTED_EDGE('',*,*,#1432,.T.);
#1921=ORIENTED_EDGE('',*,*,#1428,.F.);
#1922=ORIENTED_EDGE('',*,*,#1433,.T.);
#1923=ORIENTED_EDGE('',*,*,#1434,.T.);
#1924=ORIENTED_EDGE('',*,*,#1435,.T.);
#1925=ORIENTED_EDGE('',*,*,#1431,.F.);
#1926=ORIENTED_EDGE('',*,*,#1436,.T.);
#1927=ORIENTED_EDGE('',*,*,#1437,.T.);
#1928=ORIENTED_EDGE('',*,*,#1438,.T.);
#1929=ORIENTED_EDGE('',*,*,#1434,.F.);
#1930=ORIENTED_EDGE('',*,*,#1439,.T.);
#1931=ORIENTED_EDGE('',*,*,#1440,.T.);
#1932=ORIENTED_EDGE('',*,*,#1441,.T.);
#1933=ORIENTED_EDGE('',*,*,#1437,.F.);
#1934=ORIENTED_EDGE('',*,*,#1442,.T.);
#1935=ORIENTED_EDGE('',*,*,#1443,.T.);
#1936=ORIENTED_EDGE('',*,*,#1444,.T.);
#1937=ORIENTED_EDGE('',*,*,#1440,.F.);
#1938=ORIENTED_EDGE('',*,*,#1445,.T.);
#1939=ORIENTED_EDGE('',*,*,#1446,.T.);
#1940=ORIENTED_EDGE('',*,*,#1447,.T.);
#1941=ORIENTED_EDGE('',*,*,#1443,.F.);
#1942=ORIENTED_EDGE('',*,*,#1448,.T.);
#1943=ORIENTED_EDGE('',*,*,#1449,.T.);
#1944=ORIENTED_EDGE('',*,*,#1450,.T.);
#1945=ORIENTED_EDGE('',*,*,#1446,.F.);
#1946=ORIENTED_EDGE('',*,*,#1451,.T.);
#1947=ORIENTED_EDGE('',*,*,#1452,.T.);
#1948=ORIENTED_EDGE('',*,*,#1453,.T.);
#1949=ORIENTED_EDGE('',*,*,#1449,.F.);
#1950=ORIENTED_EDGE('',*,*,#1454,.T.);
#1951=ORIENTED_EDGE('',*,*,#1455,.T.);
#1952=ORIENTED_EDGE('',*,*,#1456,.T.);
#1953=ORIENTED_EDGE('',*,*,#1452,.F.);
#1954=ORIENTED_EDGE('',*,*,#1457,.T.);
#1955=ORIENTED_EDGE('',*,*,#1458,.T.);
#1956=ORIENTED_EDGE('',*,*,#1459,.T.);
#1957=ORIENTED_EDGE('',*,*,#1455,.F.);
#1958=ORIENTED_EDGE('',*,*,#1460,.T.);
#1959=ORIENTED_EDGE('',*,*,#1461,.T.);
#1960=ORIENTED_EDGE('',*,*,#1462,.T.);
#1961=ORIENTED_EDGE('',*,*,#1458,.F.);
#1962=ORIENTED_EDGE('',*,*,#1463,.T.);
#1963=ORIENTED_EDGE('',*,*,#1464,.T.);
#1964=ORIENTED_EDGE('',*,*,#1465,.T.);
#1965=ORIENTED_EDGE('',*,*,#1461,.F.);
#1966=ORIENTED_EDGE('',*,*,#1466,.T.);
#1967=ORIENTED_EDGE('',*,*,#1467,.T.);
#1968=ORIENTED_EDGE('',*,*,#1468,.T.);
#1969=ORIENTED_EDGE('',*,*,#1464,.F.);
#1970=ORIENTED_EDGE('',*,*,#1469,.T.);
#1971=ORIENTED_EDGE('',*,*,#1470,.T.);
#1972=ORIENTED_EDGE('',*,*,#1471,.T.);
#1973=ORIENTED_EDGE('',*,*,#1467,.F.);
#1974=ORIENTED_EDGE('',*,*,#1472,.T.);
#1975=ORIENTED_EDGE('',*,*,#1473,.T.);
#1976=ORIENTED_EDGE('',*,*,#1474,.T.);
#1977=ORIENTED_EDGE('',*,*,#1470,.F.);
#1978=ORIENTED_EDGE('',*,*,#1475,.T.);
#1979=ORIENTED_EDGE('',*,*,#1476,.T.);
#1980=ORIENTED_EDGE('',*,*,#1477,.T.);
#1981=ORIENTED_EDGE('',*,*,#1473,.F.);
#1982=ORIENTED_EDGE('',*,*,#1478,.T.);
#1983=ORIENTED_EDGE('',*,*,#1479,.T.);
#1984=ORIENTED_EDGE('',*,*,#1480,.T.);
#1985=ORIENTED_EDGE('',*,*,#1476,.F.);
#1986=ORIENTED_EDGE('',*,*,#1481,.T.);
#1987=ORIENTED_EDGE('',*,*,#1482,.T.);
#1988=ORIENTED_EDGE('',*,*,#1483,.T.);
#1989=ORIENTED_EDGE('',*,*,#1479,.F.);
#1990=ORIENTED_EDGE('',*,*,#1484,.T.);
#1991=ORIENTED_EDGE('',*,*,#1415,.F.);
#1992=ORIENTED_EDGE('',*,*,#1485,.T.);
#1993=ORIENTED_EDGE('',*,*,#1482,.F.);
#1994=ORIENTED_EDGE('',*,*,#1486,.T.);
#1995=ORIENTED_EDGE('',*,*,#1451,.F.);
#1996=ORIENTED_EDGE('',*,*,#1487,.F.);
#1997=ORIENTED_EDGE('',*,*,#1338,.F.);
#1998=ORIENTED_EDGE('',*,*,#1488,.T.);
#1999=ORIENTED_EDGE('',*,*,#1448,.F.);
#2000=ORIENTED_EDGE('',*,*,#1489,.F.);
#2001=ORIENTED_EDGE('',*,*,#1341,.F.);
#2002=ORIENTED_EDGE('',*,*,#1487,.T.);
#2003=ORIENTED_EDGE('',*,*,#1445,.F.);
#2004=ORIENTED_EDGE('',*,*,#1490,.F.);
#2005=ORIENTED_EDGE('',*,*,#1344,.F.);
#2006=ORIENTED_EDGE('',*,*,#1489,.T.);
#2007=ORIENTED_EDGE('',*,*,#1442,.F.);
#2008=ORIENTED_EDGE('',*,*,#1491,.F.);
#2009=ORIENTED_EDGE('',*,*,#1347,.F.);
#2010=ORIENTED_EDGE('',*,*,#1490,.T.);
#2011=ORIENTED_EDGE('',*,*,#1439,.F.);
#2012=ORIENTED_EDGE('',*,*,#1492,.F.);
#2013=ORIENTED_EDGE('',*,*,#1350,.F.);
#2014=ORIENTED_EDGE('',*,*,#1491,.T.);
#2015=ORIENTED_EDGE('',*,*,#1436,.F.);
#2016=ORIENTED_EDGE('',*,*,#1493,.F.);
#2017=ORIENTED_EDGE('',*,*,#1355,.F.);
#2018=ORIENTED_EDGE('',*,*,#1409,.F.);
#2019=ORIENTED_EDGE('',*,*,#1242,.T.);
#2020=ORIENTED_EDGE('',*,*,#1494,.T.);
#2021=ORIENTED_EDGE('',*,*,#1495,.T.);
#2022=ORIENTED_EDGE('',*,*,#1496,.T.);
#2023=ORIENTED_EDGE('',*,*,#1497,.T.);
#2024=ORIENTED_EDGE('',*,*,#1498,.T.);
#2025=ORIENTED_EDGE('',*,*,#1499,.T.);
#2026=ORIENTED_EDGE('',*,*,#1413,.T.);
#2027=ORIENTED_EDGE('',*,*,#1353,.F.);
#2028=ORIENTED_EDGE('',*,*,#1492,.T.);
#2029=ORIENTED_EDGE('',*,*,#1433,.F.);
#2030=ORIENTED_EDGE('',*,*,#1500,.F.);
#2031=ORIENTED_EDGE('',*,*,#1360,.F.);
#2032=ORIENTED_EDGE('',*,*,#1493,.T.);
#2033=ORIENTED_EDGE('',*,*,#1430,.F.);
#2034=ORIENTED_EDGE('',*,*,#1501,.F.);
#2035=ORIENTED_EDGE('',*,*,#1363,.F.);
#2036=ORIENTED_EDGE('',*,*,#1500,.T.);
#2037=ORIENTED_EDGE('',*,*,#1427,.F.);
#2038=ORIENTED_EDGE('',*,*,#1502,.F.);
#2039=ORIENTED_EDGE('',*,*,#1366,.F.);
#2040=ORIENTED_EDGE('',*,*,#1501,.T.);
#2041=ORIENTED_EDGE('',*,*,#1424,.F.);
#2042=ORIENTED_EDGE('',*,*,#1503,.F.);
#2043=ORIENTED_EDGE('',*,*,#1369,.F.);
#2044=ORIENTED_EDGE('',*,*,#1502,.T.);
#2045=ORIENTED_EDGE('',*,*,#1421,.F.);
#2046=ORIENTED_EDGE('',*,*,#1504,.F.);
#2047=ORIENTED_EDGE('',*,*,#1372,.F.);
#2048=ORIENTED_EDGE('',*,*,#1503,.T.);
#2049=ORIENTED_EDGE('',*,*,#1416,.F.);
#2050=ORIENTED_EDGE('',*,*,#1505,.F.);
#2051=ORIENTED_EDGE('',*,*,#1375,.F.);
#2052=ORIENTED_EDGE('',*,*,#1504,.T.);
#2053=ORIENTED_EDGE('',*,*,#1418,.F.);
#2054=ORIENTED_EDGE('',*,*,#1420,.F.);
#2055=ORIENTED_EDGE('',*,*,#1423,.F.);
#2056=ORIENTED_EDGE('',*,*,#1426,.F.);
#2057=ORIENTED_EDGE('',*,*,#1429,.F.);
#2058=ORIENTED_EDGE('',*,*,#1432,.F.);
#2059=ORIENTED_EDGE('',*,*,#1435,.F.);
#2060=ORIENTED_EDGE('',*,*,#1438,.F.);
#2061=ORIENTED_EDGE('',*,*,#1441,.F.);
#2062=ORIENTED_EDGE('',*,*,#1444,.F.);
#2063=ORIENTED_EDGE('',*,*,#1447,.F.);
#2064=ORIENTED_EDGE('',*,*,#1450,.F.);
#2065=ORIENTED_EDGE('',*,*,#1453,.F.);
#2066=ORIENTED_EDGE('',*,*,#1456,.F.);
#2067=ORIENTED_EDGE('',*,*,#1459,.F.);
#2068=ORIENTED_EDGE('',*,*,#1462,.F.);
#2069=ORIENTED_EDGE('',*,*,#1465,.F.);
#2070=ORIENTED_EDGE('',*,*,#1468,.F.);
#2071=ORIENTED_EDGE('',*,*,#1471,.F.);
#2072=ORIENTED_EDGE('',*,*,#1474,.F.);
#2073=ORIENTED_EDGE('',*,*,#1477,.F.);
#2074=ORIENTED_EDGE('',*,*,#1480,.F.);
#2075=ORIENTED_EDGE('',*,*,#1483,.F.);
#2076=ORIENTED_EDGE('',*,*,#1485,.F.);
#2077=ORIENTED_EDGE('',*,*,#1506,.T.);
#2078=ORIENTED_EDGE('',*,*,#1507,.T.);
#2079=ORIENTED_EDGE('',*,*,#1508,.T.);
#2080=ORIENTED_EDGE('',*,*,#1509,.T.);
#2081=ORIENTED_EDGE('',*,*,#1510,.T.);
#2082=ORIENTED_EDGE('',*,*,#1511,.T.);
#2083=ORIENTED_EDGE('',*,*,#1512,.T.);
#2084=ORIENTED_EDGE('',*,*,#1513,.T.);
#2085=ORIENTED_EDGE('',*,*,#1514,.T.);
#2086=ORIENTED_EDGE('',*,*,#1515,.T.);
#2087=ORIENTED_EDGE('',*,*,#1516,.T.);
#2088=ORIENTED_EDGE('',*,*,#1517,.T.);
#2089=ORIENTED_EDGE('',*,*,#1518,.T.);
#2090=ORIENTED_EDGE('',*,*,#1519,.T.);
#2091=ORIENTED_EDGE('',*,*,#1520,.T.);
#2092=ORIENTED_EDGE('',*,*,#1521,.T.);
#2093=ORIENTED_EDGE('',*,*,#1522,.T.);
#2094=ORIENTED_EDGE('',*,*,#1523,.T.);
#2095=ORIENTED_EDGE('',*,*,#1524,.T.);
#2096=ORIENTED_EDGE('',*,*,#1525,.T.);
#2097=ORIENTED_EDGE('',*,*,#1526,.T.);
#2098=ORIENTED_EDGE('',*,*,#1527,.T.);
#2099=ORIENTED_EDGE('',*,*,#1528,.T.);
#2100=ORIENTED_EDGE('',*,*,#1529,.T.);
#2101=ORIENTED_EDGE('',*,*,#1530,.F.);
#2102=ORIENTED_EDGE('',*,*,#1531,.T.);
#2103=ORIENTED_EDGE('',*,*,#1532,.F.);
#2104=ORIENTED_EDGE('',*,*,#1265,.F.);
#2105=ORIENTED_EDGE('',*,*,#1407,.F.);
#2106=ORIENTED_EDGE('',*,*,#1399,.F.);
#2107=ORIENTED_EDGE('',*,*,#1391,.F.);
#2108=ORIENTED_EDGE('',*,*,#1533,.F.);
#2109=ORIENTED_EDGE('',*,*,#1534,.T.);
#2110=ORIENTED_EDGE('',*,*,#1535,.F.);
#2111=ORIENTED_EDGE('',*,*,#1531,.F.);
#2112=ORIENTED_EDGE('',*,*,#1536,.F.);
#2113=ORIENTED_EDGE('',*,*,#1537,.T.);
#2114=ORIENTED_EDGE('',*,*,#1538,.F.);
#2115=ORIENTED_EDGE('',*,*,#1534,.F.);
#2116=ORIENTED_EDGE('',*,*,#1539,.F.);
#2117=ORIENTED_EDGE('',*,*,#1540,.T.);
#2118=ORIENTED_EDGE('',*,*,#1541,.F.);
#2119=ORIENTED_EDGE('',*,*,#1537,.F.);
#2120=ORIENTED_EDGE('',*,*,#1542,.F.);
#2121=ORIENTED_EDGE('',*,*,#1314,.F.);
#2122=ORIENTED_EDGE('',*,*,#1403,.F.);
#2123=ORIENTED_EDGE('',*,*,#1405,.T.);
#2124=ORIENTED_EDGE('',*,*,#1261,.F.);
#2125=ORIENTED_EDGE('',*,*,#1543,.F.);
#2126=ORIENTED_EDGE('',*,*,#1540,.F.);
#2127=ORIENTED_EDGE('',*,*,#1414,.T.);
#2128=ORIENTED_EDGE('',*,*,#1499,.F.);
#2129=ORIENTED_EDGE('',*,*,#1544,.T.);
#2130=ORIENTED_EDGE('',*,*,#1545,.F.);
#2131=ORIENTED_EDGE('',*,*,#1472,.F.);
#2132=ORIENTED_EDGE('',*,*,#1546,.F.);
#2133=ORIENTED_EDGE('',*,*,#1315,.F.);
#2134=ORIENTED_EDGE('',*,*,#1542,.T.);
#2135=ORIENTED_EDGE('',*,*,#1539,.T.);
#2136=ORIENTED_EDGE('',*,*,#1536,.T.);
#2137=ORIENTED_EDGE('',*,*,#1533,.T.);
#2138=ORIENTED_EDGE('',*,*,#1530,.T.);
#2139=ORIENTED_EDGE('',*,*,#1393,.F.);
#2140=ORIENTED_EDGE('',*,*,#1547,.T.);
#2141=ORIENTED_EDGE('',*,*,#1494,.F.);
#2142=ORIENTED_EDGE('',*,*,#1241,.F.);
#2143=ORIENTED_EDGE('',*,*,#1548,.F.);
#2144=ORIENTED_EDGE('',*,*,#1549,.F.);
#2145=ORIENTED_EDGE('',*,*,#1498,.F.);
#2146=ORIENTED_EDGE('',*,*,#1550,.T.);
#2147=ORIENTED_EDGE('',*,*,#1551,.F.);
#2148=ORIENTED_EDGE('',*,*,#1544,.F.);
#2149=ORIENTED_EDGE('',*,*,#1497,.F.);
#2150=ORIENTED_EDGE('',*,*,#1552,.T.);
#2151=ORIENTED_EDGE('',*,*,#1553,.F.);
#2152=ORIENTED_EDGE('',*,*,#1550,.F.);
#2153=ORIENTED_EDGE('',*,*,#1496,.F.);
#2154=ORIENTED_EDGE('',*,*,#1554,.T.);
#2155=ORIENTED_EDGE('',*,*,#1555,.F.);
#2156=ORIENTED_EDGE('',*,*,#1552,.F.);
#2157=ORIENTED_EDGE('',*,*,#1495,.F.);
#2158=ORIENTED_EDGE('',*,*,#1549,.T.);
#2159=ORIENTED_EDGE('',*,*,#1556,.F.);
#2160=ORIENTED_EDGE('',*,*,#1554,.F.);
#2161=ORIENTED_EDGE('',*,*,#1551,.T.);
#2162=ORIENTED_EDGE('',*,*,#1553,.T.);
#2163=ORIENTED_EDGE('',*,*,#1555,.T.);
#2164=ORIENTED_EDGE('',*,*,#1556,.T.);
#2165=ORIENTED_EDGE('',*,*,#1548,.T.);
#2166=ORIENTED_EDGE('',*,*,#1240,.T.);
#2167=ORIENTED_EDGE('',*,*,#1557,.T.);
#2168=ORIENTED_EDGE('',*,*,#1508,.F.);
#2169=ORIENTED_EDGE('',*,*,#1558,.F.);
#2170=ORIENTED_EDGE('',*,*,#1248,.T.);
#2171=ORIENTED_EDGE('',*,*,#1545,.T.);
#2172=ORIENTED_EDGE('',*,*,#1251,.T.);
#2173=ORIENTED_EDGE('',*,*,#1559,.T.);
#2174=ORIENTED_EDGE('',*,*,#1529,.F.);
#2175=ORIENTED_EDGE('',*,*,#1560,.F.);
#2176=ORIENTED_EDGE('',*,*,#1252,.T.);
#2177=ORIENTED_EDGE('',*,*,#1560,.T.);
#2178=ORIENTED_EDGE('',*,*,#1528,.F.);
#2179=ORIENTED_EDGE('',*,*,#1561,.F.);
#2180=ORIENTED_EDGE('',*,*,#1253,.T.);
#2181=ORIENTED_EDGE('',*,*,#1561,.T.);
#2182=ORIENTED_EDGE('',*,*,#1527,.F.);
#2183=ORIENTED_EDGE('',*,*,#1562,.F.);
#2184=ORIENTED_EDGE('',*,*,#1254,.T.);
#2185=ORIENTED_EDGE('',*,*,#1562,.T.);
#2186=ORIENTED_EDGE('',*,*,#1526,.F.);
#2187=ORIENTED_EDGE('',*,*,#1563,.F.);
#2188=ORIENTED_EDGE('',*,*,#1255,.T.);
#2189=ORIENTED_EDGE('',*,*,#1563,.T.);
#2190=ORIENTED_EDGE('',*,*,#1525,.F.);
#2191=ORIENTED_EDGE('',*,*,#1564,.F.);
#2192=ORIENTED_EDGE('',*,*,#1256,.T.);
#2193=ORIENTED_EDGE('',*,*,#1564,.T.);
#2194=ORIENTED_EDGE('',*,*,#1524,.F.);
#2195=ORIENTED_EDGE('',*,*,#1565,.F.);
#2196=ORIENTED_EDGE('',*,*,#1257,.T.);
#2197=ORIENTED_EDGE('',*,*,#1565,.T.);
#2198=ORIENTED_EDGE('',*,*,#1523,.F.);
#2199=ORIENTED_EDGE('',*,*,#1566,.F.);
#2200=ORIENTED_EDGE('',*,*,#1258,.T.);
#2201=ORIENTED_EDGE('',*,*,#1566,.T.);
#2202=ORIENTED_EDGE('',*,*,#1522,.F.);
#2203=ORIENTED_EDGE('',*,*,#1567,.F.);
#2204=ORIENTED_EDGE('',*,*,#1259,.T.);
#2205=ORIENTED_EDGE('',*,*,#1567,.T.);
#2206=ORIENTED_EDGE('',*,*,#1521,.F.);
#2207=ORIENTED_EDGE('',*,*,#1568,.F.);
#2208=ORIENTED_EDGE('',*,*,#1543,.T.);
#2209=ORIENTED_EDGE('',*,*,#1260,.T.);
#2210=ORIENTED_EDGE('',*,*,#1568,.T.);
#2211=ORIENTED_EDGE('',*,*,#1520,.F.);
#2212=ORIENTED_EDGE('',*,*,#1569,.F.);
#2213=ORIENTED_EDGE('',*,*,#1228,.T.);
#2214=ORIENTED_EDGE('',*,*,#1532,.T.);
#2215=ORIENTED_EDGE('',*,*,#1535,.T.);
#2216=ORIENTED_EDGE('',*,*,#1538,.T.);
#2217=ORIENTED_EDGE('',*,*,#1541,.T.);
#2218=ORIENTED_EDGE('',*,*,#1229,.T.);
#2219=ORIENTED_EDGE('',*,*,#1569,.T.);
#2220=ORIENTED_EDGE('',*,*,#1519,.F.);
#2221=ORIENTED_EDGE('',*,*,#1570,.F.);
#2222=ORIENTED_EDGE('',*,*,#1230,.T.);
#2223=ORIENTED_EDGE('',*,*,#1570,.T.);
#2224=ORIENTED_EDGE('',*,*,#1518,.F.);
#2225=ORIENTED_EDGE('',*,*,#1571,.F.);
#2226=ORIENTED_EDGE('',*,*,#1231,.T.);
#2227=ORIENTED_EDGE('',*,*,#1571,.T.);
#2228=ORIENTED_EDGE('',*,*,#1517,.F.);
#2229=ORIENTED_EDGE('',*,*,#1572,.F.);
#2230=ORIENTED_EDGE('',*,*,#1232,.T.);
#2231=ORIENTED_EDGE('',*,*,#1572,.T.);
#2232=ORIENTED_EDGE('',*,*,#1516,.F.);
#2233=ORIENTED_EDGE('',*,*,#1573,.F.);
#2234=ORIENTED_EDGE('',*,*,#1233,.T.);
#2235=ORIENTED_EDGE('',*,*,#1573,.T.);
#2236=ORIENTED_EDGE('',*,*,#1515,.F.);
#2237=ORIENTED_EDGE('',*,*,#1574,.F.);
#2238=ORIENTED_EDGE('',*,*,#1234,.T.);
#2239=ORIENTED_EDGE('',*,*,#1574,.T.);
#2240=ORIENTED_EDGE('',*,*,#1514,.F.);
#2241=ORIENTED_EDGE('',*,*,#1575,.F.);
#2242=ORIENTED_EDGE('',*,*,#1235,.T.);
#2243=ORIENTED_EDGE('',*,*,#1575,.T.);
#2244=ORIENTED_EDGE('',*,*,#1513,.F.);
#2245=ORIENTED_EDGE('',*,*,#1576,.F.);
#2246=ORIENTED_EDGE('',*,*,#1236,.T.);
#2247=ORIENTED_EDGE('',*,*,#1576,.T.);
#2248=ORIENTED_EDGE('',*,*,#1512,.F.);
#2249=ORIENTED_EDGE('',*,*,#1577,.F.);
#2250=ORIENTED_EDGE('',*,*,#1237,.T.);
#2251=ORIENTED_EDGE('',*,*,#1577,.T.);
#2252=ORIENTED_EDGE('',*,*,#1511,.F.);
#2253=ORIENTED_EDGE('',*,*,#1578,.F.);
#2254=ORIENTED_EDGE('',*,*,#1238,.T.);
#2255=ORIENTED_EDGE('',*,*,#1578,.T.);
#2256=ORIENTED_EDGE('',*,*,#1510,.F.);
#2257=ORIENTED_EDGE('',*,*,#1579,.F.);
#2258=ORIENTED_EDGE('',*,*,#1239,.T.);
#2259=ORIENTED_EDGE('',*,*,#1579,.T.);
#2260=ORIENTED_EDGE('',*,*,#1509,.F.);
#2261=ORIENTED_EDGE('',*,*,#1557,.F.);
#2262=ORIENTED_EDGE('',*,*,#1249,.T.);
#2263=ORIENTED_EDGE('',*,*,#1558,.T.);
#2264=ORIENTED_EDGE('',*,*,#1507,.F.);
#2265=ORIENTED_EDGE('',*,*,#1580,.F.);
#2266=ORIENTED_EDGE('',*,*,#1250,.T.);
#2267=ORIENTED_EDGE('',*,*,#1580,.T.);
#2268=ORIENTED_EDGE('',*,*,#1506,.F.);
#2269=ORIENTED_EDGE('',*,*,#1559,.F.);
#2270=ORIENTED_EDGE('',*,*,#1460,.F.);
#2271=ORIENTED_EDGE('',*,*,#1581,.F.);
#2272=ORIENTED_EDGE('',*,*,#1329,.F.);
#2273=ORIENTED_EDGE('',*,*,#1582,.F.);
#2274=ORIENTED_EDGE('',*,*,#1457,.F.);
#2275=ORIENTED_EDGE('',*,*,#1583,.F.);
#2276=ORIENTED_EDGE('',*,*,#1332,.F.);
#2277=ORIENTED_EDGE('',*,*,#1581,.T.);
#2278=ORIENTED_EDGE('',*,*,#1454,.F.);
#2279=ORIENTED_EDGE('',*,*,#1488,.F.);
#2280=ORIENTED_EDGE('',*,*,#1335,.F.);
#2281=ORIENTED_EDGE('',*,*,#1583,.T.);
#2282=ORIENTED_EDGE('',*,*,#1486,.F.);
#2283=ORIENTED_EDGE('',*,*,#1584,.F.);
#2284=ORIENTED_EDGE('',*,*,#1378,.F.);
#2285=ORIENTED_EDGE('',*,*,#1505,.T.);
#2286=ORIENTED_EDGE('',*,*,#1484,.F.);
#2287=ORIENTED_EDGE('',*,*,#1585,.F.);
#2288=ORIENTED_EDGE('',*,*,#1381,.F.);
#2289=ORIENTED_EDGE('',*,*,#1584,.T.);
#2290=ORIENTED_EDGE('',*,*,#1481,.F.);
#2291=ORIENTED_EDGE('',*,*,#1586,.F.);
#2292=ORIENTED_EDGE('',*,*,#1384,.F.);
#2293=ORIENTED_EDGE('',*,*,#1585,.T.);
#2294=ORIENTED_EDGE('',*,*,#1478,.F.);
#2295=ORIENTED_EDGE('',*,*,#1587,.F.);
#2296=ORIENTED_EDGE('',*,*,#1387,.F.);
#2297=ORIENTED_EDGE('',*,*,#1586,.T.);
#2298=ORIENTED_EDGE('',*,*,#1475,.F.);
#2299=ORIENTED_EDGE('',*,*,#1547,.F.);
#2300=ORIENTED_EDGE('',*,*,#1390,.F.);
#2301=ORIENTED_EDGE('',*,*,#1587,.T.);
#2302=ORIENTED_EDGE('',*,*,#1469,.F.);
#2303=ORIENTED_EDGE('',*,*,#1588,.F.);
#2304=ORIENTED_EDGE('',*,*,#1320,.F.);
#2305=ORIENTED_EDGE('',*,*,#1546,.T.);
#2306=ORIENTED_EDGE('',*,*,#1466,.F.);
#2307=ORIENTED_EDGE('',*,*,#1589,.F.);
#2308=ORIENTED_EDGE('',*,*,#1323,.F.);
#2309=ORIENTED_EDGE('',*,*,#1588,.T.);
#2310=ORIENTED_EDGE('',*,*,#1463,.F.);
#2311=ORIENTED_EDGE('',*,*,#1582,.T.);
#2312=ORIENTED_EDGE('',*,*,#1326,.F.);
#2313=ORIENTED_EDGE('',*,*,#1589,.T.);
#2314=PLANE('',#2518);
#2315=PLANE('',#2543);
#2316=PLANE('',#2549);
#2317=PLANE('',#2555);
#2318=PLANE('',#2561);
#2319=PLANE('',#2567);
#2320=PLANE('',#2573);
#2321=PLANE('',#2579);
#2322=PLANE('',#2585);
#2323=PLANE('',#2669);
#2324=PLANE('',#2675);
#2325=PLANE('',#2677);
#2326=PLANE('',#2679);
#2327=PLANE('',#2681);
#2328=PLANE('',#2755);
#2329=PLANE('',#2757);
#2330=PLANE('',#2759);
#2331=PLANE('',#2763);
#2332=PLANE('',#2765);
#2333=PLANE('',#2767);
#2334=PLANE('',#2768);
#2335=PLANE('',#2781);
#2336=PLANE('',#2785);
#2337=PLANE('',#2789);
#2338=PLANE('',#2790);
#2339=PLANE('',#2791);
#2340=PLANE('',#2792);
#2341=PLANE('',#2793);
#2342=PLANE('',#2796);
#2343=PLANE('',#2799);
#2344=PLANE('',#2801);
#2345=PLANE('',#2803);
#2346=PLANE('',#2805);
#2347=PLANE('',#2807);
#2348=PLANE('',#2809);
#2349=PLANE('',#2811);
#2350=PLANE('',#2813);
#2351=PLANE('',#2815);
#2352=PLANE('',#2817);
#2353=PLANE('',#2819);
#2354=PLANE('',#2822);
#2355=PLANE('',#2823);
#2356=PLANE('',#2825);
#2357=PLANE('',#2827);
#2358=PLANE('',#2829);
#2359=PLANE('',#2832);
#2360=ADVANCED_FACE('',(#138,#113,#114,#115,#116,#117,#118,#119,#120),#2314,
 .F.);
#2361=ADVANCED_FACE('',(#139,#121),#2315,.F.);
#2362=ADVANCED_FACE('',(#140),#39,.F.);
#2363=ADVANCED_FACE('',(#141),#40,.F.);
#2364=ADVANCED_FACE('',(#142,#122),#2316,.F.);
#2365=ADVANCED_FACE('',(#143),#41,.F.);
#2366=ADVANCED_FACE('',(#144),#42,.F.);
#2367=ADVANCED_FACE('',(#145,#123),#2317,.F.);
#2368=ADVANCED_FACE('',(#146),#43,.F.);
#2369=ADVANCED_FACE('',(#147),#44,.F.);
#2370=ADVANCED_FACE('',(#148,#124),#2318,.F.);
#2371=ADVANCED_FACE('',(#149),#45,.F.);
#2372=ADVANCED_FACE('',(#150),#46,.F.);
#2373=ADVANCED_FACE('',(#151,#125),#2319,.F.);
#2374=ADVANCED_FACE('',(#152),#47,.F.);
#2375=ADVANCED_FACE('',(#153),#48,.F.);
#2376=ADVANCED_FACE('',(#154,#126),#2320,.F.);
#2377=ADVANCED_FACE('',(#155),#49,.F.);
#2378=ADVANCED_FACE('',(#156),#50,.F.);
#2379=ADVANCED_FACE('',(#157,#127),#2321,.F.);
#2380=ADVANCED_FACE('',(#158),#51,.F.);
#2381=ADVANCED_FACE('',(#159),#52,.F.);
#2382=ADVANCED_FACE('',(#160,#128),#2322,.F.);
#2383=ADVANCED_FACE('',(#161),#53,.F.);
#2384=ADVANCED_FACE('',(#162),#54,.F.);
#2385=ADVANCED_FACE('',(#163),#55,.T.);
#2386=ADVANCED_FACE('',(#164),#15,.T.);
#2387=ADVANCED_FACE('',(#165),#56,.T.);
#2388=ADVANCED_FACE('',(#166),#16,.T.);
#2389=ADVANCED_FACE('',(#167),#57,.T.);
#2390=ADVANCED_FACE('',(#168),#17,.T.);
#2391=ADVANCED_FACE('',(#169),#58,.T.);
#2392=ADVANCED_FACE('',(#170),#18,.T.);
#2393=ADVANCED_FACE('',(#171),#59,.T.);
#2394=ADVANCED_FACE('',(#172),#19,.T.);
#2395=ADVANCED_FACE('',(#173),#60,.T.);
#2396=ADVANCED_FACE('',(#174),#20,.T.);
#2397=ADVANCED_FACE('',(#175),#61,.T.);
#2398=ADVANCED_FACE('',(#176),#62,.T.);
#2399=ADVANCED_FACE('',(#177),#21,.T.);
#2400=ADVANCED_FACE('',(#178),#63,.T.);
#2401=ADVANCED_FACE('',(#179),#22,.T.);
#2402=ADVANCED_FACE('',(#180),#64,.T.);
#2403=ADVANCED_FACE('',(#181),#23,.T.);
#2404=ADVANCED_FACE('',(#182),#65,.T.);
#2405=ADVANCED_FACE('',(#183),#24,.T.);
#2406=ADVANCED_FACE('',(#184),#66,.T.);
#2407=ADVANCED_FACE('',(#185),#25,.T.);
#2408=ADVANCED_FACE('',(#186),#67,.T.);
#2409=ADVANCED_FACE('',(#187),#26,.T.);
#2410=ADVANCED_FACE('',(#188),#68,.T.);
#2411=ADVANCED_FACE('',(#189,#129,#130,#131,#132,#133,#134,#135,#136),#2323,
 .T.);
#2412=ADVANCED_FACE('',(#190),#69,.F.);
#2413=ADVANCED_FACE('',(#191),#2324,.F.);
#2414=ADVANCED_FACE('',(#192),#70,.F.);
#2415=ADVANCED_FACE('',(#193),#2325,.T.);
#2416=ADVANCED_FACE('',(#194),#71,.F.);
#2417=ADVANCED_FACE('',(#195),#2326,.T.);
#2418=ADVANCED_FACE('',(#196),#72,.F.);
#2419=ADVANCED_FACE('',(#197),#2327,.T.);
#2420=ADVANCED_FACE('',(#198),#73,.T.);
#2421=ADVANCED_FACE('',(#199),#27,.T.);
#2422=ADVANCED_FACE('',(#200),#74,.T.);
#2423=ADVANCED_FACE('',(#201),#28,.T.);
#2424=ADVANCED_FACE('',(#202),#75,.T.);
#2425=ADVANCED_FACE('',(#203),#29,.T.);
#2426=ADVANCED_FACE('',(#204),#76,.T.);
#2427=ADVANCED_FACE('',(#205),#30,.T.);
#2428=ADVANCED_FACE('',(#206),#77,.T.);
#2429=ADVANCED_FACE('',(#207),#31,.T.);
#2430=ADVANCED_FACE('',(#208),#78,.T.);
#2431=ADVANCED_FACE('',(#209),#32,.T.);
#2432=ADVANCED_FACE('',(#210),#79,.T.);
#2433=ADVANCED_FACE('',(#211),#33,.T.);
#2434=ADVANCED_FACE('',(#212),#80,.T.);
#2435=ADVANCED_FACE('',(#213),#34,.T.);
#2436=ADVANCED_FACE('',(#214),#81,.T.);
#2437=ADVANCED_FACE('',(#215),#35,.T.);
#2438=ADVANCED_FACE('',(#216),#82,.T.);
#2439=ADVANCED_FACE('',(#217),#36,.T.);
#2440=ADVANCED_FACE('',(#218),#83,.T.);
#2441=ADVANCED_FACE('',(#219),#37,.T.);
#2442=ADVANCED_FACE('',(#220),#84,.T.);
#2443=ADVANCED_FACE('',(#221),#38,.T.);
#2444=ADVANCED_FACE('',(#222),#85,.T.);
#2445=ADVANCED_FACE('',(#223),#2328,.T.);
#2446=ADVANCED_FACE('',(#224),#86,.T.);
#2447=ADVANCED_FACE('',(#225),#2329,.T.);
#2448=ADVANCED_FACE('',(#226),#87,.F.);
#2449=ADVANCED_FACE('',(#227),#2330,.T.);
#2450=ADVANCED_FACE('',(#228),#88,.F.);
#2451=ADVANCED_FACE('',(#229),#2331,.T.);
#2452=ADVANCED_FACE('',(#230),#89,.T.);
#2453=ADVANCED_FACE('',(#231),#2332,.T.);
#2454=ADVANCED_FACE('',(#232),#90,.T.);
#2455=ADVANCED_FACE('',(#233),#2333,.T.);
#2456=ADVANCED_FACE('',(#234,#137),#2334,.T.);
#2457=ADVANCED_FACE('',(#235),#2335,.F.);
#2458=ADVANCED_FACE('',(#236),#91,.F.);
#2459=ADVANCED_FACE('',(#237),#2336,.F.);
#2460=ADVANCED_FACE('',(#238),#92,.F.);
#2461=ADVANCED_FACE('',(#239),#2337,.F.);
#2462=ADVANCED_FACE('',(#240),#2338,.F.);
#2463=ADVANCED_FACE('',(#241),#2339,.T.);
#2464=ADVANCED_FACE('',(#242),#2340,.F.);
#2465=ADVANCED_FACE('',(#243),#2341,.F.);
#2466=ADVANCED_FACE('',(#244),#93,.F.);
#2467=ADVANCED_FACE('',(#245),#2342,.F.);
#2468=ADVANCED_FACE('',(#246),#94,.F.);
#2469=ADVANCED_FACE('',(#247),#2343,.T.);
#2470=ADVANCED_FACE('',(#248),#95,.F.);
#2471=ADVANCED_FACE('',(#249),#2344,.T.);
#2472=ADVANCED_FACE('',(#250),#96,.F.);
#2473=ADVANCED_FACE('',(#251),#2345,.T.);
#2474=ADVANCED_FACE('',(#252),#97,.T.);
#2475=ADVANCED_FACE('',(#253),#2346,.T.);
#2476=ADVANCED_FACE('',(#254),#98,.F.);
#2477=ADVANCED_FACE('',(#255),#2347,.T.);
#2478=ADVANCED_FACE('',(#256),#99,.F.);
#2479=ADVANCED_FACE('',(#257),#2348,.T.);
#2480=ADVANCED_FACE('',(#258),#100,.F.);
#2481=ADVANCED_FACE('',(#259),#2349,.T.);
#2482=ADVANCED_FACE('',(#260),#101,.F.);
#2483=ADVANCED_FACE('',(#261),#2350,.T.);
#2484=ADVANCED_FACE('',(#262),#102,.T.);
#2485=ADVANCED_FACE('',(#263),#2351,.T.);
#2486=ADVANCED_FACE('',(#264),#103,.F.);
#2487=ADVANCED_FACE('',(#265),#2352,.T.);
#2488=ADVANCED_FACE('',(#266),#104,.F.);
#2489=ADVANCED_FACE('',(#267),#2353,.T.);
#2490=ADVANCED_FACE('',(#268),#105,.T.);
#2491=ADVANCED_FACE('',(#269),#106,.T.);
#2492=ADVANCED_FACE('',(#270),#2354,.T.);
#2493=ADVANCED_FACE('',(#271),#2355,.T.);
#2494=ADVANCED_FACE('',(#272),#107,.F.);
#2495=ADVANCED_FACE('',(#273),#2356,.T.);
#2496=ADVANCED_FACE('',(#274),#108,.F.);
#2497=ADVANCED_FACE('',(#275),#2357,.T.);
#2498=ADVANCED_FACE('',(#276),#109,.T.);
#2499=ADVANCED_FACE('',(#277),#2358,.T.);
#2500=ADVANCED_FACE('',(#278),#110,.T.);
#2501=ADVANCED_FACE('',(#279),#111,.T.);
#2502=ADVANCED_FACE('',(#280),#2359,.T.);
#2503=ADVANCED_FACE('',(#281),#112,.T.);
#2504=CLOSED_SHELL('',(#2360,#2361,#2362,#2363,#2364,#2365,#2366,#2367,
#2368,#2369,#2370,#2371,#2372,#2373,#2374,#2375,#2376,#2377,#2378,#2379,
#2380,#2381,#2382,#2383,#2384,#2385,#2386,#2387,#2388,#2389,#2390,#2391,
#2392,#2393,#2394,#2395,#2396,#2397,#2398,#2399,#2400,#2401,#2402,#2403,
#2404,#2405,#2406,#2407,#2408,#2409,#2410,#2411,#2412,#2413,#2414,#2415,
#2416,#2417,#2418,#2419,#2420,#2421,#2422,#2423,#2424,#2425,#2426,#2427,
#2428,#2429,#2430,#2431,#2432,#2433,#2434,#2435,#2436,#2437,#2438,#2439,
#2440,#2441,#2442,#2443,#2444,#2445,#2446,#2447,#2448,#2449,#2450,#2451,
#2452,#2453,#2454,#2455,#2456,#2457,#2458,#2459,#2460,#2461,#2462,#2463,
#2464,#2465,#2466,#2467,#2468,#2469,#2470,#2471,#2472,#2473,#2474,#2475,
#2476,#2477,#2478,#2479,#2480,#2481,#2482,#2483,#2484,#2485,#2486,#2487,
#2488,#2489,#2490,#2491,#2492,#2493,#2494,#2495,#2496,#2497,#2498,#2499,
#2500,#2501,#2502,#2503));
#2505=DERIVED_UNIT_ELEMENT(#2507,1.);
#2506=DERIVED_UNIT_ELEMENT(#4395,-3.);
#2507=(
MASS_UNIT()
NAMED_UNIT(*)
SI_UNIT(.KILO.,.GRAM.)
);
#2508=DERIVED_UNIT((#2505,#2506));
#2509=MEASURE_REPRESENTATION_ITEM('density measure',
POSITIVE_RATIO_MEASURE(7850.),#2508);
#2510=PROPERTY_DEFINITION_REPRESENTATION(#2515,#2512);
#2511=PROPERTY_DEFINITION_REPRESENTATION(#2516,#2513);
#2512=REPRESENTATION('material name',(#2514),#4392);
#2513=REPRESENTATION('density',(#2509),#4392);
#2514=DESCRIPTIVE_REPRESENTATION_ITEM('\X2\92FC\X0\','\X2\92FC\X0\');
#2515=PROPERTY_DEFINITION('material property','material name',#4402);
#2516=PROPERTY_DEFINITION('material property','density of part',#4402);
#2517=AXIS2_PLACEMENT_3D('',#3658,#2834,#2835);
#2518=AXIS2_PLACEMENT_3D('',#3659,#2836,#2837);
#2519=AXIS2_PLACEMENT_3D('',#3664,#2839,#2840);
#2520=AXIS2_PLACEMENT_3D('',#3668,#2842,#2843);
#2521=AXIS2_PLACEMENT_3D('',#3672,#2845,#2846);
#2522=AXIS2_PLACEMENT_3D('',#3676,#2848,#2849);
#2523=AXIS2_PLACEMENT_3D('',#3680,#2851,#2852);
#2524=AXIS2_PLACEMENT_3D('',#3684,#2854,#2855);
#2525=AXIS2_PLACEMENT_3D('',#3694,#2860,#2861);
#2526=AXIS2_PLACEMENT_3D('',#3698,#2863,#2864);
#2527=AXIS2_PLACEMENT_3D('',#3704,#2867,#2868);
#2528=AXIS2_PLACEMENT_3D('',#3708,#2870,#2871);
#2529=AXIS2_PLACEMENT_3D('',#3712,#2873,#2874);
#2530=AXIS2_PLACEMENT_3D('',#3716,#2876,#2877);
#2531=AXIS2_PLACEMENT_3D('',#3720,#2879,#2880);
#2532=AXIS2_PLACEMENT_3D('',#3724,#2882,#2883);
#2533=AXIS2_PLACEMENT_3D('',#3730,#2886,#2887);
#2534=AXIS2_PLACEMENT_3D('',#3734,#2889,#2890);
#2535=AXIS2_PLACEMENT_3D('',#3737,#2892,#2893);
#2536=AXIS2_PLACEMENT_3D('',#3739,#2894,#2895);
#2537=AXIS2_PLACEMENT_3D('',#3741,#2896,#2897);
#2538=AXIS2_PLACEMENT_3D('',#3743,#2898,#2899);
#2539=AXIS2_PLACEMENT_3D('',#3745,#2900,#2901);
#2540=AXIS2_PLACEMENT_3D('',#3747,#2902,#2903);
#2541=AXIS2_PLACEMENT_3D('',#3749,#2904,#2905);
#2542=AXIS2_PLACEMENT_3D('',#3751,#2906,#2907);
#2543=AXIS2_PLACEMENT_3D('',#3752,#2908,#2909);
#2544=AXIS2_PLACEMENT_3D('',#3754,#2910,#2911);
#2545=AXIS2_PLACEMENT_3D('',#3756,#2912,#2913);
#2546=AXIS2_PLACEMENT_3D('',#3757,#2914,#2915);
#2547=AXIS2_PLACEMENT_3D('',#3759,#2916,#2917);
#2548=AXIS2_PLACEMENT_3D('',#3761,#2919,#2920);
#2549=AXIS2_PLACEMENT_3D('',#3763,#2922,#2923);
#2550=AXIS2_PLACEMENT_3D('',#3765,#2924,#2925);
#2551=AXIS2_PLACEMENT_3D('',#3767,#2926,#2927);
#2552=AXIS2_PLACEMENT_3D('',#3768,#2928,#2929);
#2553=AXIS2_PLACEMENT_3D('',#3770,#2930,#2931);
#2554=AXIS2_PLACEMENT_3D('',#3772,#2933,#2934);
#2555=AXIS2_PLACEMENT_3D('',#3774,#2936,#2937);
#2556=AXIS2_PLACEMENT_3D('',#3776,#2938,#2939);
#2557=AXIS2_PLACEMENT_3D('',#3778,#2940,#2941);
#2558=AXIS2_PLACEMENT_3D('',#3779,#2942,#2943);
#2559=AXIS2_PLACEMENT_3D('',#3781,#2944,#2945);
#2560=AXIS2_PLACEMENT_3D('',#3783,#2947,#2948);
#2561=AXIS2_PLACEMENT_3D('',#3785,#2950,#2951);
#2562=AXIS2_PLACEMENT_3D('',#3787,#2952,#2953);
#2563=AXIS2_PLACEMENT_3D('',#3789,#2954,#2955);
#2564=AXIS2_PLACEMENT_3D('',#3790,#2956,#2957);
#2565=AXIS2_PLACEMENT_3D('',#3792,#2958,#2959);
#2566=AXIS2_PLACEMENT_3D('',#3794,#2961,#2962);
#2567=AXIS2_PLACEMENT_3D('',#3796,#2964,#2965);
#2568=AXIS2_PLACEMENT_3D('',#3798,#2966,#2967);
#2569=AXIS2_PLACEMENT_3D('',#3800,#2968,#2969);
#2570=AXIS2_PLACEMENT_3D('',#3801,#2970,#2971);
#2571=AXIS2_PLACEMENT_3D('',#3803,#2972,#2973);
#2572=AXIS2_PLACEMENT_3D('',#3805,#2975,#2976);
#2573=AXIS2_PLACEMENT_3D('',#3807,#2978,#2979);
#2574=AXIS2_PLACEMENT_3D('',#3809,#2980,#2981);
#2575=AXIS2_PLACEMENT_3D('',#3811,#2982,#2983);
#2576=AXIS2_PLACEMENT_3D('',#3812,#2984,#2985);
#2577=AXIS2_PLACEMENT_3D('',#3814,#2986,#2987);
#2578=AXIS2_PLACEMENT_3D('',#3816,#2989,#2990);
#2579=AXIS2_PLACEMENT_3D('',#3818,#2992,#2993);
#2580=AXIS2_PLACEMENT_3D('',#3820,#2994,#2995);
#2581=AXIS2_PLACEMENT_3D('',#3822,#2996,#2997);
#2582=AXIS2_PLACEMENT_3D('',#3823,#2998,#2999);
#2583=AXIS2_PLACEMENT_3D('',#3825,#3000,#3001);
#2584=AXIS2_PLACEMENT_3D('',#3827,#3003,#3004);
#2585=AXIS2_PLACEMENT_3D('',#3829,#3006,#3007);
#2586=AXIS2_PLACEMENT_3D('',#3831,#3008,#3009);
#2587=AXIS2_PLACEMENT_3D('',#3833,#3010,#3011);
#2588=AXIS2_PLACEMENT_3D('',#3834,#3012,#3013);
#2589=AXIS2_PLACEMENT_3D('',#3836,#3014,#3015);
#2590=AXIS2_PLACEMENT_3D('',#3838,#3017,#3018);
#2591=AXIS2_PLACEMENT_3D('',#3840,#3020,#3021);
#2592=AXIS2_PLACEMENT_3D('',#3843,#3022,#3023);
#2593=AXIS2_PLACEMENT_3D('',#3847,#3025,#3026);
#2594=AXIS2_PLACEMENT_3D('',#3849,#3028,#3029);
#2595=AXIS2_PLACEMENT_3D('',#3852,#3030,#3031);
#2596=AXIS2_PLACEMENT_3D('',#3853,#3032,#3033);
#2597=AXIS2_PLACEMENT_3D('',#3854,#3034,#3035);
#2598=AXIS2_PLACEMENT_3D('',#3855,#3036,#3037);
#2599=AXIS2_PLACEMENT_3D('',#3858,#3038,#3039);
#2600=AXIS2_PLACEMENT_3D('',#3861,#3042,#3043);
#2601=AXIS2_PLACEMENT_3D('',#3864,#3044,#3045);
#2602=AXIS2_PLACEMENT_3D('',#3865,#3046,#3047);
#2603=AXIS2_PLACEMENT_3D('',#3866,#3048,#3049);
#2604=AXIS2_PLACEMENT_3D('',#3867,#3050,#3051);
#2605=AXIS2_PLACEMENT_3D('',#3870,#3052,#3053);
#2606=AXIS2_PLACEMENT_3D('',#3873,#3056,#3057);
#2607=AXIS2_PLACEMENT_3D('',#3876,#3058,#3059);
#2608=AXIS2_PLACEMENT_3D('',#3877,#3060,#3061);
#2609=AXIS2_PLACEMENT_3D('',#3878,#3062,#3063);
#2610=AXIS2_PLACEMENT_3D('',#3879,#3064,#3065);
#2611=AXIS2_PLACEMENT_3D('',#3882,#3066,#3067);
#2612=AXIS2_PLACEMENT_3D('',#3885,#3070,#3071);
#2613=AXIS2_PLACEMENT_3D('',#3888,#3072,#3073);
#2614=AXIS2_PLACEMENT_3D('',#3889,#3074,#3075);
#2615=AXIS2_PLACEMENT_3D('',#3890,#3076,#3077);
#2616=AXIS2_PLACEMENT_3D('',#3891,#3078,#3079);
#2617=AXIS2_PLACEMENT_3D('',#3894,#3080,#3081);
#2618=AXIS2_PLACEMENT_3D('',#3897,#3084,#3085);
#2619=AXIS2_PLACEMENT_3D('',#3900,#3086,#3087);
#2620=AXIS2_PLACEMENT_3D('',#3901,#3088,#3089);
#2621=AXIS2_PLACEMENT_3D('',#3902,#3090,#3091);
#2622=AXIS2_PLACEMENT_3D('',#3903,#3092,#3093);
#2623=AXIS2_PLACEMENT_3D('',#3906,#3094,#3095);
#2624=AXIS2_PLACEMENT_3D('',#3909,#3098,#3099);
#2625=AXIS2_PLACEMENT_3D('',#3912,#3100,#3101);
#2626=AXIS2_PLACEMENT_3D('',#3913,#3102,#3103);
#2627=AXIS2_PLACEMENT_3D('',#3914,#3104,#3105);
#2628=AXIS2_PLACEMENT_3D('',#3915,#3106,#3107);
#2629=AXIS2_PLACEMENT_3D('',#3918,#3108,#3109);
#2630=AXIS2_PLACEMENT_3D('',#3921,#3112,#3113);
#2631=AXIS2_PLACEMENT_3D('',#3924,#3114,#3115);
#2632=AXIS2_PLACEMENT_3D('',#3928,#3117,#3118);
#2633=AXIS2_PLACEMENT_3D('',#3930,#3120,#3121);
#2634=AXIS2_PLACEMENT_3D('',#3933,#3122,#3123);
#2635=AXIS2_PLACEMENT_3D('',#3934,#3124,#3125);
#2636=AXIS2_PLACEMENT_3D('',#3935,#3126,#3127);
#2637=AXIS2_PLACEMENT_3D('',#3936,#3128,#3129);
#2638=AXIS2_PLACEMENT_3D('',#3939,#3130,#3131);
#2639=AXIS2_PLACEMENT_3D('',#3942,#3134,#3135);
#2640=AXIS2_PLACEMENT_3D('',#3945,#3136,#3137);
#2641=AXIS2_PLACEMENT_3D('',#3946,#3138,#3139);
#2642=AXIS2_PLACEMENT_3D('',#3947,#3140,#3141);
#2643=AXIS2_PLACEMENT_3D('',#3948,#3142,#3143);
#2644=AXIS2_PLACEMENT_3D('',#3951,#3144,#3145);
#2645=AXIS2_PLACEMENT_3D('',#3954,#3148,#3149);
#2646=AXIS2_PLACEMENT_3D('',#3957,#3150,#3151);
#2647=AXIS2_PLACEMENT_3D('',#3958,#3152,#3153);
#2648=AXIS2_PLACEMENT_3D('',#3959,#3154,#3155);
#2649=AXIS2_PLACEMENT_3D('',#3960,#3156,#3157);
#2650=AXIS2_PLACEMENT_3D('',#3963,#3158,#3159);
#2651=AXIS2_PLACEMENT_3D('',#3966,#3162,#3163);
#2652=AXIS2_PLACEMENT_3D('',#3969,#3164,#3165);
#2653=AXIS2_PLACEMENT_3D('',#3970,#3166,#3167);
#2654=AXIS2_PLACEMENT_3D('',#3971,#3168,#3169);
#2655=AXIS2_PLACEMENT_3D('',#3972,#3170,#3171);
#2656=AXIS2_PLACEMENT_3D('',#3975,#3172,#3173);
#2657=AXIS2_PLACEMENT_3D('',#3978,#3176,#3177);
#2658=AXIS2_PLACEMENT_3D('',#3981,#3178,#3179);
#2659=AXIS2_PLACEMENT_3D('',#3982,#3180,#3181);
#2660=AXIS2_PLACEMENT_3D('',#3983,#3182,#3183);
#2661=AXIS2_PLACEMENT_3D('',#3984,#3184,#3185);
#2662=AXIS2_PLACEMENT_3D('',#3987,#3186,#3187);
#2663=AXIS2_PLACEMENT_3D('',#3990,#3190,#3191);
#2664=AXIS2_PLACEMENT_3D('',#3993,#3192,#3193);
#2665=AXIS2_PLACEMENT_3D('',#3994,#3194,#3195);
#2666=AXIS2_PLACEMENT_3D('',#3995,#3196,#3197);
#2667=AXIS2_PLACEMENT_3D('',#3996,#3198,#3199);
#2668=AXIS2_PLACEMENT_3D('',#3999,#3200,#3201);
#2669=AXIS2_PLACEMENT_3D('',#4002,#3204,#3205);
#2670=AXIS2_PLACEMENT_3D('',#4006,#3207,#3208);
#2671=AXIS2_PLACEMENT_3D('',#4010,#3210,#3211);
#2672=AXIS2_PLACEMENT_3D('',#4015,#3214,#3215);
#2673=AXIS2_PLACEMENT_3D('',#4019,#3217,#3218);
#2674=AXIS2_PLACEMENT_3D('',#4021,#3220,#3221);
#2675=AXIS2_PLACEMENT_3D('',#4024,#3224,#3225);
#2676=AXIS2_PLACEMENT_3D('',#4026,#3227,#3228);
#2677=AXIS2_PLACEMENT_3D('',#4028,#3230,#3231);
#2678=AXIS2_PLACEMENT_3D('',#4031,#3234,#3235);
#2679=AXIS2_PLACEMENT_3D('',#4033,#3237,#3238);
#2680=AXIS2_PLACEMENT_3D('',#4035,#3240,#3241);
#2681=AXIS2_PLACEMENT_3D('',#4037,#3243,#3244);
#2682=AXIS2_PLACEMENT_3D('',#4041,#3247,#3248);
#2683=AXIS2_PLACEMENT_3D('',#4044,#3249,#3250);
#2684=AXIS2_PLACEMENT_3D('',#4048,#3252,#3253);
#2685=AXIS2_PLACEMENT_3D('',#4050,#3255,#3256);
#2686=AXIS2_PLACEMENT_3D('',#4053,#3257,#3258);
#2687=AXIS2_PLACEMENT_3D('',#4054,#3259,#3260);
#2688=AXIS2_PLACEMENT_3D('',#4055,#3261,#3262);
#2689=AXIS2_PLACEMENT_3D('',#4056,#3263,#3264);
#2690=AXIS2_PLACEMENT_3D('',#4059,#3265,#3266);
#2691=AXIS2_PLACEMENT_3D('',#4062,#3269,#3270);
#2692=AXIS2_PLACEMENT_3D('',#4065,#3271,#3272);
#2693=AXIS2_PLACEMENT_3D('',#4066,#3273,#3274);
#2694=AXIS2_PLACEMENT_3D('',#4067,#3275,#3276);
#2695=AXIS2_PLACEMENT_3D('',#4068,#3277,#3278);
#2696=AXIS2_PLACEMENT_3D('',#4071,#3279,#3280);
#2697=AXIS2_PLACEMENT_3D('',#4074,#3283,#3284);
#2698=AXIS2_PLACEMENT_3D('',#4077,#3285,#3286);
#2699=AXIS2_PLACEMENT_3D('',#4078,#3287,#3288);
#2700=AXIS2_PLACEMENT_3D('',#4079,#3289,#3290);
#2701=AXIS2_PLACEMENT_3D('',#4080,#3291,#3292);
#2702=AXIS2_PLACEMENT_3D('',#4083,#3293,#3294);
#2703=AXIS2_PLACEMENT_3D('',#4086,#3297,#3298);
#2704=AXIS2_PLACEMENT_3D('',#4089,#3299,#3300);
#2705=AXIS2_PLACEMENT_3D('',#4090,#3301,#3302);
#2706=AXIS2_PLACEMENT_3D('',#4091,#3303,#3304);
#2707=AXIS2_PLACEMENT_3D('',#4092,#3305,#3306);
#2708=AXIS2_PLACEMENT_3D('',#4095,#3307,#3308);
#2709=AXIS2_PLACEMENT_3D('',#4098,#3311,#3312);
#2710=AXIS2_PLACEMENT_3D('',#4101,#3313,#3314);
#2711=AXIS2_PLACEMENT_3D('',#4102,#3315,#3316);
#2712=AXIS2_PLACEMENT_3D('',#4103,#3317,#3318);
#2713=AXIS2_PLACEMENT_3D('',#4104,#3319,#3320);
#2714=AXIS2_PLACEMENT_3D('',#4107,#3321,#3322);
#2715=AXIS2_PLACEMENT_3D('',#4110,#3325,#3326);
#2716=AXIS2_PLACEMENT_3D('',#4113,#3327,#3328);
#2717=AXIS2_PLACEMENT_3D('',#4114,#3329,#3330);
#2718=AXIS2_PLACEMENT_3D('',#4115,#3331,#3332);
#2719=AXIS2_PLACEMENT_3D('',#4116,#3333,#3334);
#2720=AXIS2_PLACEMENT_3D('',#4119,#3335,#3336);
#2721=AXIS2_PLACEMENT_3D('',#4122,#3339,#3340);
#2722=AXIS2_PLACEMENT_3D('',#4125,#3341,#3342);
#2723=AXIS2_PLACEMENT_3D('',#4126,#3343,#3344);
#2724=AXIS2_PLACEMENT_3D('',#4127,#3345,#3346);
#2725=AXIS2_PLACEMENT_3D('',#4128,#3347,#3348);
#2726=AXIS2_PLACEMENT_3D('',#4131,#3349,#3350);
#2727=AXIS2_PLACEMENT_3D('',#4134,#3353,#3354);
#2728=AXIS2_PLACEMENT_3D('',#4137,#3355,#3356);
#2729=AXIS2_PLACEMENT_3D('',#4138,#3357,#3358);
#2730=AXIS2_PLACEMENT_3D('',#4139,#3359,#3360);
#2731=AXIS2_PLACEMENT_3D('',#4140,#3361,#3362);
#2732=AXIS2_PLACEMENT_3D('',#4143,#3363,#3364);
#2733=AXIS2_PLACEMENT_3D('',#4146,#3367,#3368);
#2734=AXIS2_PLACEMENT_3D('',#4149,#3369,#3370);
#2735=AXIS2_PLACEMENT_3D('',#4150,#3371,#3372);
#2736=AXIS2_PLACEMENT_3D('',#4151,#3373,#3374);
#2737=AXIS2_PLACEMENT_3D('',#4152,#3375,#3376);
#2738=AXIS2_PLACEMENT_3D('',#4155,#3377,#3378);
#2739=AXIS2_PLACEMENT_3D('',#4158,#3381,#3382);
#2740=AXIS2_PLACEMENT_3D('',#4161,#3383,#3384);
#2741=AXIS2_PLACEMENT_3D('',#4162,#3385,#3386);
#2742=AXIS2_PLACEMENT_3D('',#4163,#3387,#3388);
#2743=AXIS2_PLACEMENT_3D('',#4164,#3389,#3390);
#2744=AXIS2_PLACEMENT_3D('',#4167,#3391,#3392);
#2745=AXIS2_PLACEMENT_3D('',#4170,#3395,#3396);
#2746=AXIS2_PLACEMENT_3D('',#4173,#3397,#3398);
#2747=AXIS2_PLACEMENT_3D('',#4174,#3399,#3400);
#2748=AXIS2_PLACEMENT_3D('',#4175,#3401,#3402);
#2749=AXIS2_PLACEMENT_3D('',#4176,#3403,#3404);
#2750=AXIS2_PLACEMENT_3D('',#4179,#3405,#3406);
#2751=AXIS2_PLACEMENT_3D('',#4182,#3409,#3410);
#2752=AXIS2_PLACEMENT_3D('',#4183,#3411,#3412);
#2753=AXIS2_PLACEMENT_3D('',#4184,#3413,#3414);
#2754=AXIS2_PLACEMENT_3D('',#4185,#3415,#3416);
#2755=AXIS2_PLACEMENT_3D('',#4188,#3419,#3420);
#2756=AXIS2_PLACEMENT_3D('',#4190,#3422,#3423);
#2757=AXIS2_PLACEMENT_3D('',#4192,#3425,#3426);
#2758=AXIS2_PLACEMENT_3D('',#4194,#3428,#3429);
#2759=AXIS2_PLACEMENT_3D('',#4196,#3431,#3432);
#2760=AXIS2_PLACEMENT_3D('',#4201,#3435,#3436);
#2761=AXIS2_PLACEMENT_3D('',#4205,#3438,#3439);
#2762=AXIS2_PLACEMENT_3D('',#4209,#3442,#3443);
#2763=AXIS2_PLACEMENT_3D('',#4211,#3445,#3446);
#2764=AXIS2_PLACEMENT_3D('',#4213,#3448,#3449);
#2765=AXIS2_PLACEMENT_3D('',#4215,#3451,#3452);
#2766=AXIS2_PLACEMENT_3D('',#4217,#3454,#3455);
#2767=AXIS2_PLACEMENT_3D('',#4219,#3457,#3458);
#2768=AXIS2_PLACEMENT_3D('',#4221,#3460,#3461);
#2769=AXIS2_PLACEMENT_3D('',#4226,#3463,#3464);
#2770=AXIS2_PLACEMENT_3D('',#4230,#3466,#3467);
#2771=AXIS2_PLACEMENT_3D('',#4234,#3469,#3470);
#2772=AXIS2_PLACEMENT_3D('',#4238,#3472,#3473);
#2773=AXIS2_PLACEMENT_3D('',#4242,#3475,#3476);
#2774=AXIS2_PLACEMENT_3D('',#4246,#3478,#3479);
#2775=AXIS2_PLACEMENT_3D('',#4250,#3481,#3482);
#2776=AXIS2_PLACEMENT_3D('',#4254,#3484,#3485);
#2777=AXIS2_PLACEMENT_3D('',#4258,#3487,#3488);
#2778=AXIS2_PLACEMENT_3D('',#4262,#3490,#3491);
#2779=AXIS2_PLACEMENT_3D('',#4266,#3493,#3494);
#2780=AXIS2_PLACEMENT_3D('',#4269,#3496,#3497);
#2781=AXIS2_PLACEMENT_3D('',#4270,#3498,#3499);
#2782=AXIS2_PLACEMENT_3D('',#4276,#3503,#3504);
#2783=AXIS2_PLACEMENT_3D('',#4278,#3505,#3506);
#2784=AXIS2_PLACEMENT_3D('',#4281,#3508,#3509);
#2785=AXIS2_PLACEMENT_3D('',#4282,#3510,#3511);
#2786=AXIS2_PLACEMENT_3D('',#4288,#3515,#3516);
#2787=AXIS2_PLACEMENT_3D('',#4290,#3517,#3518);
#2788=AXIS2_PLACEMENT_3D('',#4293,#3520,#3521);
#2789=AXIS2_PLACEMENT_3D('',#4294,#3522,#3523);
#2790=AXIS2_PLACEMENT_3D('',#4297,#3526,#3527);
#2791=AXIS2_PLACEMENT_3D('',#4301,#3530,#3531);
#2792=AXIS2_PLACEMENT_3D('',#4304,#3534,#3535);
#2793=AXIS2_PLACEMENT_3D('',#4308,#3538,#3539);
#2794=AXIS2_PLACEMENT_3D('',#4312,#3542,#3543);
#2795=AXIS2_PLACEMENT_3D('',#4315,#3545,#3546);
#2796=AXIS2_PLACEMENT_3D('',#4316,#3547,#3548);
#2797=AXIS2_PLACEMENT_3D('',#4320,#3551,#3552);
#2798=AXIS2_PLACEMENT_3D('',#4321,#3553,#3554);
#2799=AXIS2_PLACEMENT_3D('',#4322,#3555,#3556);
#2800=AXIS2_PLACEMENT_3D('',#4325,#3559,#3560);
#2801=AXIS2_PLACEMENT_3D('',#4328,#3563,#3564);
#2802=AXIS2_PLACEMENT_3D('',#4330,#3566,#3567);
#2803=AXIS2_PLACEMENT_3D('',#4332,#3569,#3570);
#2804=AXIS2_PLACEMENT_3D('',#4334,#3572,#3573);
#2805=AXIS2_PLACEMENT_3D('',#4336,#3575,#3576);
#2806=AXIS2_PLACEMENT_3D('',#4338,#3578,#3579);
#2807=AXIS2_PLACEMENT_3D('',#4340,#3581,#3582);
#2808=AXIS2_PLACEMENT_3D('',#4342,#3584,#3585);
#2809=AXIS2_PLACEMENT_3D('',#4344,#3587,#3588);
#2810=AXIS2_PLACEMENT_3D('',#4346,#3590,#3591);
#2811=AXIS2_PLACEMENT_3D('',#4348,#3593,#3594);
#2812=AXIS2_PLACEMENT_3D('',#4350,#3596,#3597);
#2813=AXIS2_PLACEMENT_3D('',#4352,#3599,#3600);
#2814=AXIS2_PLACEMENT_3D('',#4354,#3602,#3603);
#2815=AXIS2_PLACEMENT_3D('',#4356,#3605,#3606);
#2816=AXIS2_PLACEMENT_3D('',#4358,#3608,#3609);
#2817=AXIS2_PLACEMENT_3D('',#4360,#3611,#3612);
#2818=AXIS2_PLACEMENT_3D('',#4362,#3614,#3615);
#2819=AXIS2_PLACEMENT_3D('',#4364,#3617,#3618);
#2820=AXIS2_PLACEMENT_3D('',#4366,#3620,#3621);
#2821=AXIS2_PLACEMENT_3D('',#4367,#3622,#3623);
#2822=AXIS2_PLACEMENT_3D('',#4369,#3625,#3626);
#2823=AXIS2_PLACEMENT_3D('',#4370,#3627,#3628);
#2824=AXIS2_PLACEMENT_3D('',#4373,#3631,#3632);
#2825=AXIS2_PLACEMENT_3D('',#4375,#3634,#3635);
#2826=AXIS2_PLACEMENT_3D('',#4376,#3636,#3637);
#2827=AXIS2_PLACEMENT_3D('',#4378,#3639,#3640);
#2828=AXIS2_PLACEMENT_3D('',#4380,#3642,#3643);
#2829=AXIS2_PLACEMENT_3D('',#4382,#3645,#3646);
#2830=AXIS2_PLACEMENT_3D('',#4384,#3648,#3649);
#2831=AXIS2_PLACEMENT_3D('',#4385,#3650,#3651);
#2832=AXIS2_PLACEMENT_3D('',#4387,#3653,#3654);
#2833=AXIS2_PLACEMENT_3D('',#4389,#3656,#3657);
#2834=DIRECTION('axis',(0.,0.,1.));
#2835=DIRECTION('refdir',(1.,0.,0.));
#2836=DIRECTION('center_axis',(0.,0.,-1.));
#2837=DIRECTION('ref_axis',(1.,0.,0.));
#2838=DIRECTION('',(1.,9.66657881825107E-17,0.));
#2839=DIRECTION('center_axis',(0.,0.,-1.));
#2840=DIRECTION('ref_axis',(-3.7721076135103E-14,1.,0.));
#2841=DIRECTION('',(8.24708828276004E-18,1.,0.));
#2842=DIRECTION('center_axis',(0.,0.,-1.));
#2843=DIRECTION('ref_axis',(-1.,4.89354501212191E-15,0.));
#2844=DIRECTION('',(-1.,-1.52033279647402E-16,0.));
#2845=DIRECTION('center_axis',(0.,0.,1.));
#2846=DIRECTION('ref_axis',(1.,5.76739233571507E-15,0.));
#2847=DIRECTION('',(4.66235390918701E-16,1.,0.));
#2848=DIRECTION('center_axis',(0.,0.,-1.));
#2849=DIRECTION('ref_axis',(-1.,5.01795717344707E-15,0.));
#2850=DIRECTION('',(-1.,0.,0.));
#2851=DIRECTION('center_axis',(0.,0.,-1.));
#2852=DIRECTION('ref_axis',(-2.00718286937891E-14,-1.,0.));
#2853=DIRECTION('',(-0.707106781186548,-0.707106781186548,0.));
#2854=DIRECTION('center_axis',(0.,0.,1.));
#2855=DIRECTION('ref_axis',(-3.46043540142882E-14,1.,0.));
#2856=DIRECTION('',(-1.,0.,0.));
#2857=DIRECTION('',(0.,-1.,0.));
#2858=DIRECTION('',(-1.,0.,0.));
#2859=DIRECTION('',(-2.45692508907366E-15,-1.,0.));
#2860=DIRECTION('center_axis',(0.,0.,-1.));
#2861=DIRECTION('ref_axis',(-1.,1.39870617275608E-14,0.));
#2862=DIRECTION('',(-1.,2.09971257612324E-15,0.));
#2863=DIRECTION('center_axis',(0.,0.,-1.));
#2864=DIRECTION('ref_axis',(-1.3987061727561E-14,1.,0.));
#2865=DIRECTION('',(0.,1.,0.));
#2866=DIRECTION('',(-1.,0.,0.));
#2867=DIRECTION('center_axis',(0.,0.,1.));
#2868=DIRECTION('ref_axis',(0.707110493148769,0.707103069204839,0.));
#2869=DIRECTION('',(-0.707103069204832,0.707110493148777,0.));
#2870=DIRECTION('center_axis',(0.,0.,-1.));
#2871=DIRECTION('ref_axis',(-0.707110493148772,-0.707103069204837,0.));
#2872=DIRECTION('',(-1.,-4.96498705846368E-16,0.));
#2873=DIRECTION('center_axis',(0.,0.,-1.));
#2874=DIRECTION('ref_axis',(0.,-1.,0.));
#2875=DIRECTION('',(0.,-1.,0.));
#2876=DIRECTION('center_axis',(0.,0.,1.));
#2877=DIRECTION('ref_axis',(0.,1.,0.));
#2878=DIRECTION('',(-1.,-1.52033279647402E-16,0.));
#2879=DIRECTION('center_axis',(0.,0.,-1.));
#2880=DIRECTION('ref_axis',(6.5247266828292E-15,-1.,0.));
#2881=DIRECTION('',(-5.27813650096643E-16,-1.,0.));
#2882=DIRECTION('center_axis',(0.,0.,-1.));
#2883=DIRECTION('ref_axis',(1.,-1.42728396186888E-15,0.));
#2884=DIRECTION('',(1.,9.66657881825107E-17,0.));
#2885=DIRECTION('',(0.,-1.,0.));
#2886=DIRECTION('center_axis',(0.,0.,-1.));
#2887=DIRECTION('ref_axis',(1.,-1.74838271594509E-14,0.));
#2888=DIRECTION('',(-1.,1.78205939760689E-16,0.));
#2889=DIRECTION('center_axis',(0.,0.,-1.));
#2890=DIRECTION('ref_axis',(-1.39870617275608E-14,-1.,0.));
#2891=DIRECTION('',(0.,1.,0.));
#2892=DIRECTION('center_axis',(0.,0.,-1.));
#2893=DIRECTION('ref_axis',(-1.,0.,0.));
#2894=DIRECTION('center_axis',(0.,0.,-1.));
#2895=DIRECTION('ref_axis',(-1.,0.,0.));
#2896=DIRECTION('center_axis',(0.,0.,-1.));
#2897=DIRECTION('ref_axis',(-1.,0.,0.));
#2898=DIRECTION('center_axis',(0.,0.,-1.));
#2899=DIRECTION('ref_axis',(-1.,0.,0.));
#2900=DIRECTION('center_axis',(0.,0.,-1.));
#2901=DIRECTION('ref_axis',(-1.,0.,0.));
#2902=DIRECTION('center_axis',(0.,0.,-1.));
#2903=DIRECTION('ref_axis',(-1.,0.,0.));
#2904=DIRECTION('center_axis',(0.,0.,-1.));
#2905=DIRECTION('ref_axis',(-1.,0.,0.));
#2906=DIRECTION('center_axis',(0.,0.,-1.));
#2907=DIRECTION('ref_axis',(-1.,0.,0.));
#2908=DIRECTION('center_axis',(0.,0.,1.));
#2909=DIRECTION('ref_axis',(-1.,0.,0.));
#2910=DIRECTION('center_axis',(0.,0.,1.));
#2911=DIRECTION('ref_axis',(-1.,0.,0.));
#2912=DIRECTION('center_axis',(0.,0.,1.));
#2913=DIRECTION('ref_axis',(-1.,0.,0.));
#2914=DIRECTION('center_axis',(0.,0.,1.));
#2915=DIRECTION('ref_axis',(-1.,0.,0.));
#2916=DIRECTION('center_axis',(0.,0.,1.));
#2917=DIRECTION('ref_axis',(-1.,0.,0.));
#2918=DIRECTION('',(0.,0.,1.));
#2919=DIRECTION('center_axis',(0.,0.,1.));
#2920=DIRECTION('ref_axis',(-1.,0.,0.));
#2921=DIRECTION('',(0.,0.,1.));
#2922=DIRECTION('center_axis',(0.,0.,1.));
#2923=DIRECTION('ref_axis',(-1.,0.,0.));
#2924=DIRECTION('center_axis',(0.,0.,1.));
#2925=DIRECTION('ref_axis',(-1.,0.,0.));
#2926=DIRECTION('center_axis',(0.,0.,1.));
#2927=DIRECTION('ref_axis',(-1.,0.,0.));
#2928=DIRECTION('center_axis',(0.,0.,1.));
#2929=DIRECTION('ref_axis',(-1.,0.,0.));
#2930=DIRECTION('center_axis',(0.,0.,1.));
#2931=DIRECTION('ref_axis',(-1.,0.,0.));
#2932=DIRECTION('',(0.,0.,1.));
#2933=DIRECTION('center_axis',(0.,0.,1.));
#2934=DIRECTION('ref_axis',(-1.,0.,0.));
#2935=DIRECTION('',(0.,0.,1.));
#2936=DIRECTION('center_axis',(0.,0.,1.));
#2937=DIRECTION('ref_axis',(-1.,0.,0.));
#2938=DIRECTION('center_axis',(0.,0.,1.));
#2939=DIRECTION('ref_axis',(-1.,0.,0.));
#2940=DIRECTION('center_axis',(0.,0.,1.));
#2941=DIRECTION('ref_axis',(-1.,0.,0.));
#2942=DIRECTION('center_axis',(0.,0.,1.));
#2943=DIRECTION('ref_axis',(-1.,0.,0.));
#2944=DIRECTION('center_axis',(0.,0.,1.));
#2945=DIRECTION('ref_axis',(-1.,0.,0.));
#2946=DIRECTION('',(0.,0.,1.));
#2947=DIRECTION('center_axis',(0.,0.,1.));
#2948=DIRECTION('ref_axis',(-1.,0.,0.));
#2949=DIRECTION('',(0.,0.,1.));
#2950=DIRECTION('center_axis',(0.,0.,1.));
#2951=DIRECTION('ref_axis',(-1.,0.,0.));
#2952=DIRECTION('center_axis',(0.,0.,1.));
#2953=DIRECTION('ref_axis',(-1.,0.,0.));
#2954=DIRECTION('center_axis',(0.,0.,1.));
#2955=DIRECTION('ref_axis',(-1.,0.,0.));
#2956=DIRECTION('center_axis',(0.,0.,1.));
#2957=DIRECTION('ref_axis',(-1.,0.,0.));
#2958=DIRECTION('center_axis',(0.,0.,1.));
#2959=DIRECTION('ref_axis',(-1.,0.,0.));
#2960=DIRECTION('',(0.,0.,1.));
#2961=DIRECTION('center_axis',(0.,0.,1.));
#2962=DIRECTION('ref_axis',(-1.,0.,0.));
#2963=DIRECTION('',(0.,0.,1.));
#2964=DIRECTION('center_axis',(0.,0.,1.));
#2965=DIRECTION('ref_axis',(-1.,0.,0.));
#2966=DIRECTION('center_axis',(0.,0.,1.));
#2967=DIRECTION('ref_axis',(-1.,0.,0.));
#2968=DIRECTION('center_axis',(0.,0.,1.));
#2969=DIRECTION('ref_axis',(-1.,0.,0.));
#2970=DIRECTION('center_axis',(0.,0.,1.));
#2971=DIRECTION('ref_axis',(-1.,0.,0.));
#2972=DIRECTION('center_axis',(0.,0.,1.));
#2973=DIRECTION('ref_axis',(-1.,0.,0.));
#2974=DIRECTION('',(0.,0.,1.));
#2975=DIRECTION('center_axis',(0.,0.,1.));
#2976=DIRECTION('ref_axis',(-1.,0.,0.));
#2977=DIRECTION('',(0.,0.,1.));
#2978=DIRECTION('center_axis',(0.,0.,1.));
#2979=DIRECTION('ref_axis',(-1.,0.,0.));
#2980=DIRECTION('center_axis',(0.,0.,1.));
#2981=DIRECTION('ref_axis',(-1.,0.,0.));
#2982=DIRECTION('center_axis',(0.,0.,1.));
#2983=DIRECTION('ref_axis',(-1.,0.,0.));
#2984=DIRECTION('center_axis',(0.,0.,1.));
#2985=DIRECTION('ref_axis',(-1.,0.,0.));
#2986=DIRECTION('center_axis',(0.,0.,1.));
#2987=DIRECTION('ref_axis',(-1.,0.,0.));
#2988=DIRECTION('',(0.,0.,1.));
#2989=DIRECTION('center_axis',(0.,0.,1.));
#2990=DIRECTION('ref_axis',(-1.,0.,0.));
#2991=DIRECTION('',(0.,0.,1.));
#2992=DIRECTION('center_axis',(0.,0.,1.));
#2993=DIRECTION('ref_axis',(-1.,0.,0.));
#2994=DIRECTION('center_axis',(0.,0.,1.));
#2995=DIRECTION('ref_axis',(-1.,0.,0.));
#2996=DIRECTION('center_axis',(0.,0.,1.));
#2997=DIRECTION('ref_axis',(-1.,0.,0.));
#2998=DIRECTION('center_axis',(0.,0.,1.));
#2999=DIRECTION('ref_axis',(-1.,0.,0.));
#3000=DIRECTION('center_axis',(0.,0.,1.));
#3001=DIRECTION('ref_axis',(-1.,0.,0.));
#3002=DIRECTION('',(0.,0.,1.));
#3003=DIRECTION('center_axis',(0.,0.,1.));
#3004=DIRECTION('ref_axis',(-1.,0.,0.));
#3005=DIRECTION('',(0.,0.,1.));
#3006=DIRECTION('center_axis',(0.,0.,1.));
#3007=DIRECTION('ref_axis',(-1.,0.,0.));
#3008=DIRECTION('center_axis',(0.,0.,1.));
#3009=DIRECTION('ref_axis',(-1.,0.,0.));
#3010=DIRECTION('center_axis',(0.,0.,1.));
#3011=DIRECTION('ref_axis',(-1.,0.,0.));
#3012=DIRECTION('center_axis',(0.,0.,1.));
#3013=DIRECTION('ref_axis',(-1.,0.,0.));
#3014=DIRECTION('center_axis',(0.,0.,1.));
#3015=DIRECTION('ref_axis',(-1.,0.,0.));
#3016=DIRECTION('',(0.,0.,1.));
#3017=DIRECTION('center_axis',(0.,0.,1.));
#3018=DIRECTION('ref_axis',(-1.,0.,0.));
#3019=DIRECTION('',(0.,0.,1.));
#3020=DIRECTION('center_axis',(1.,-3.36227445374063E-17,0.));
#3021=DIRECTION('ref_axis',(0.,0.707106781186547,-0.707106781186548));
#3022=DIRECTION('center_axis',(1.,0.,0.));
#3023=DIRECTION('ref_axis',(0.,0.707106781186547,-0.707106781186548));
#3024=DIRECTION('',(1.,-3.36227445374063E-17,0.));
#3025=DIRECTION('center_axis',(-1.,0.,0.));
#3026=DIRECTION('ref_axis',(0.,1.,0.));
#3027=DIRECTION('',(-1.,3.36227445374063E-17,0.));
#3028=DIRECTION('center_axis',(0.,0.,-1.));
#3029=DIRECTION('ref_axis',(-1.,0.,0.));
#3030=DIRECTION('center_axis',(7.43062654276665E-15,1.,0.));
#3031=DIRECTION('ref_axis',(1.,-7.43062654276665E-15,0.));
#3032=DIRECTION('center_axis',(0.,0.,1.));
#3033=DIRECTION('ref_axis',(0.70710678118655,0.707106781186544,0.));
#3034=DIRECTION('center_axis',(0.,0.,-1.));
#3035=DIRECTION('ref_axis',(0.70710678118655,0.707106781186544,0.));
#3036=DIRECTION('center_axis',(-5.27813650096642E-16,-1.,0.));
#3037=DIRECTION('ref_axis',(0.707106781186554,0.,-0.707106781186541));
#3038=DIRECTION('center_axis',(0.,1.,0.));
#3039=DIRECTION('ref_axis',(1.,0.,0.));
#3040=DIRECTION('',(5.27813650096642E-16,1.,0.));
#3041=DIRECTION('',(-5.27813650096642E-16,-1.,0.));
#3042=DIRECTION('center_axis',(0.,0.,-1.));
#3043=DIRECTION('ref_axis',(-1.,0.,0.));
#3044=DIRECTION('center_axis',(1.,0.,0.));
#3045=DIRECTION('ref_axis',(0.,-1.,0.));
#3046=DIRECTION('center_axis',(0.,0.,1.));
#3047=DIRECTION('ref_axis',(0.707106781186552,-0.707106781186543,0.));
#3048=DIRECTION('center_axis',(0.,0.,-1.));
#3049=DIRECTION('ref_axis',(0.707106781186552,-0.707106781186543,0.));
#3050=DIRECTION('center_axis',(-1.,-1.57422619585275E-16,0.));
#3051=DIRECTION('ref_axis',(0.,-0.707106781186549,-0.707106781186546));
#3052=DIRECTION('center_axis',(1.,0.,0.));
#3053=DIRECTION('ref_axis',(0.,-1.,0.));
#3054=DIRECTION('',(1.,1.57422619585275E-16,0.));
#3055=DIRECTION('',(-1.,-1.57422619585275E-16,0.));
#3056=DIRECTION('center_axis',(0.,0.,1.));
#3057=DIRECTION('ref_axis',(1.,0.,0.));
#3058=DIRECTION('center_axis',(2.79741234551215E-14,1.,0.));
#3059=DIRECTION('ref_axis',(1.,-2.79741234551215E-14,0.));
#3060=DIRECTION('center_axis',(0.,0.,-1.));
#3061=DIRECTION('ref_axis',(-0.707106781186559,0.707106781186536,0.));
#3062=DIRECTION('center_axis',(0.,0.,1.));
#3063=DIRECTION('ref_axis',(-0.707106781186559,0.707106781186536,0.));
#3064=DIRECTION('center_axis',(0.,-1.,0.));
#3065=DIRECTION('ref_axis',(0.707106781186554,0.,-0.707106781186541));
#3066=DIRECTION('center_axis',(0.,1.,0.));
#3067=DIRECTION('ref_axis',(1.,0.,0.));
#3068=DIRECTION('',(0.,1.,0.));
#3069=DIRECTION('',(0.,-1.,0.));
#3070=DIRECTION('center_axis',(0.,0.,-1.));
#3071=DIRECTION('ref_axis',(-1.,0.,0.));
#3072=DIRECTION('center_axis',(1.,0.,0.));
#3073=DIRECTION('ref_axis',(0.,-1.,0.));
#3074=DIRECTION('center_axis',(0.,0.,1.));
#3075=DIRECTION('ref_axis',(0.707106781186551,-0.707106781186544,0.));
#3076=DIRECTION('center_axis',(0.,0.,-1.));
#3077=DIRECTION('ref_axis',(0.707106781186551,-0.707106781186544,0.));
#3078=DIRECTION('center_axis',(-1.,9.93004740721635E-16,0.));
#3079=DIRECTION('ref_axis',(0.,-0.707106781186544,-0.707106781186551));
#3080=DIRECTION('center_axis',(1.,0.,0.));
#3081=DIRECTION('ref_axis',(0.,-1.,0.));
#3082=DIRECTION('',(1.,-9.93004740721635E-16,0.));
#3083=DIRECTION('',(-1.,9.93004740721635E-16,0.));
#3084=DIRECTION('center_axis',(0.,0.,-1.));
#3085=DIRECTION('ref_axis',(-1.,0.,0.));
#3086=DIRECTION('center_axis',(0.707139938276378,-0.707073622541868,0.));
#3087=DIRECTION('ref_axis',(-0.707073622541868,-0.707139938276378,0.));
#3088=DIRECTION('center_axis',(0.,0.,1.));
#3089=DIRECTION('ref_axis',(-0.382661770839223,-0.923888504711575,0.));
#3090=DIRECTION('center_axis',(0.,0.,-1.));
#3091=DIRECTION('ref_axis',(-0.382661770839222,-0.923888504711575,0.));
#3092=DIRECTION('center_axis',(-0.707139938276378,0.707073622541869,0.));
#3093=DIRECTION('ref_axis',(-0.499976553297494,-0.500023445603065,-0.707106781186545));
#3094=DIRECTION('center_axis',(0.707139938276378,-0.707073622541868,0.));
#3095=DIRECTION('ref_axis',(-0.707073622541868,-0.707139938276378,0.));
#3096=DIRECTION('',(0.707139938276377,-0.707073622541869,0.));
#3097=DIRECTION('',(-0.707139938276377,0.707073622541869,0.));
#3098=DIRECTION('center_axis',(0.,0.,1.));
#3099=DIRECTION('ref_axis',(1.,0.,0.));
#3100=DIRECTION('center_axis',(1.,-1.3987061727561E-14,0.));
#3101=DIRECTION('ref_axis',(-1.3987061727561E-14,-1.,0.));
#3102=DIRECTION('center_axis',(0.,0.,-1.));
#3103=DIRECTION('ref_axis',(0.382661770839216,0.923888504711578,0.));
#3104=DIRECTION('center_axis',(0.,0.,1.));
#3105=DIRECTION('ref_axis',(0.382661770839216,0.923888504711578,0.));
#3106=DIRECTION('center_axis',(-1.,0.,0.));
#3107=DIRECTION('ref_axis',(0.,-0.707106781186544,-0.707106781186551));
#3108=DIRECTION('center_axis',(1.,0.,0.));
#3109=DIRECTION('ref_axis',(0.,-0.707106781186544,-0.707106781186551));
#3110=DIRECTION('',(1.,0.,0.));
#3111=DIRECTION('',(-1.,0.,0.));
#3112=DIRECTION('center_axis',(-1.,0.,0.));
#3113=DIRECTION('ref_axis',(0.,-0.707106781186544,-0.707106781186551));
#3114=DIRECTION('center_axis',(-1.,2.45692508907366E-15,0.));
#3115=DIRECTION('ref_axis',(0.,-0.707106781186544,-0.707106781186551));
#3116=DIRECTION('',(-1.,0.,0.));
#3117=DIRECTION('center_axis',(1.,0.,0.));
#3118=DIRECTION('ref_axis',(0.,-1.,0.));
#3119=DIRECTION('',(1.,0.,0.));
#3120=DIRECTION('center_axis',(0.,0.,1.));
#3121=DIRECTION('ref_axis',(1.,0.,0.));
#3122=DIRECTION('center_axis',(0.707106781186555,0.707106781186541,0.));
#3123=DIRECTION('ref_axis',(0.707106781186541,-0.707106781186555,0.));
#3124=DIRECTION('center_axis',(0.,0.,-1.));
#3125=DIRECTION('ref_axis',(-0.382683432365093,0.923879532511285,0.));
#3126=DIRECTION('center_axis',(0.,0.,1.));
#3127=DIRECTION('ref_axis',(-0.382683432365093,0.923879532511285,0.));
#3128=DIRECTION('center_axis',(-0.707106781186548,-0.707106781186547,0.));
#3129=DIRECTION('ref_axis',(0.499999999999991,-0.500000000000001,-0.707106781186553));
#3130=DIRECTION('center_axis',(0.707106781186548,0.707106781186548,0.));
#3131=DIRECTION('ref_axis',(0.707106781186547,-0.707106781186547,0.));
#3132=DIRECTION('',(0.707106781186548,0.707106781186547,0.));
#3133=DIRECTION('',(-0.707106781186548,-0.707106781186547,0.));
#3134=DIRECTION('center_axis',(0.,0.,-1.));
#3135=DIRECTION('ref_axis',(-1.,0.,0.));
#3136=DIRECTION('center_axis',(1.,0.,0.));
#3137=DIRECTION('ref_axis',(0.,-1.,0.));
#3138=DIRECTION('center_axis',(0.,0.,1.));
#3139=DIRECTION('ref_axis',(0.382683432365089,-0.923879532511287,0.));
#3140=DIRECTION('center_axis',(0.,0.,-1.));
#3141=DIRECTION('ref_axis',(0.382683432365089,-0.923879532511287,0.));
#3142=DIRECTION('center_axis',(-1.,4.96500318937417E-16,0.));
#3143=DIRECTION('ref_axis',(0.,-0.707106781186554,-0.707106781186541));
#3144=DIRECTION('center_axis',(1.,0.,0.));
#3145=DIRECTION('ref_axis',(0.,-1.,0.));
#3146=DIRECTION('',(1.,-4.96500318937417E-16,0.));
#3147=DIRECTION('',(-1.,4.96500318937417E-16,0.));
#3148=DIRECTION('center_axis',(0.,0.,-1.));
#3149=DIRECTION('ref_axis',(-1.,0.,0.));
#3150=DIRECTION('center_axis',(1.39870617275611E-14,-1.,0.));
#3151=DIRECTION('ref_axis',(-1.,-1.39870617275611E-14,0.));
#3152=DIRECTION('center_axis',(0.,0.,1.));
#3153=DIRECTION('ref_axis',(-0.707106781186546,-0.707106781186549,0.));
#3154=DIRECTION('center_axis',(0.,0.,-1.));
#3155=DIRECTION('ref_axis',(-0.707106781186546,-0.707106781186549,0.));
#3156=DIRECTION('center_axis',(5.20925759354912E-16,1.,0.));
#3157=DIRECTION('ref_axis',(-0.707106781186544,0.,-0.707106781186551));
#3158=DIRECTION('center_axis',(0.,-1.,0.));
#3159=DIRECTION('ref_axis',(-1.,0.,0.));
#3160=DIRECTION('',(-5.20925759354912E-16,-1.,0.));
#3161=DIRECTION('',(5.20925759354912E-16,1.,0.));
#3162=DIRECTION('center_axis',(0.,0.,1.));
#3163=DIRECTION('ref_axis',(1.,0.,0.));
#3164=DIRECTION('center_axis',(1.,-6.99353086378048E-15,0.));
#3165=DIRECTION('ref_axis',(-6.99353086378048E-15,-1.,0.));
#3166=DIRECTION('center_axis',(0.,0.,-1.));
#3167=DIRECTION('ref_axis',(0.707106781186548,0.707106781186548,0.));
#3168=DIRECTION('center_axis',(0.,0.,1.));
#3169=DIRECTION('ref_axis',(0.707106781186547,0.707106781186547,0.));
#3170=DIRECTION('center_axis',(-1.,0.,0.));
#3171=DIRECTION('ref_axis',(0.,-0.707106781186549,-0.707106781186546));
#3172=DIRECTION('center_axis',(1.,0.,0.));
#3173=DIRECTION('ref_axis',(0.,-1.,0.));
#3174=DIRECTION('',(1.,0.,0.));
#3175=DIRECTION('',(-1.,0.,0.));
#3176=DIRECTION('center_axis',(0.,0.,-1.));
#3177=DIRECTION('ref_axis',(-1.,0.,0.));
#3178=DIRECTION('center_axis',(0.,-1.,0.));
#3179=DIRECTION('ref_axis',(-1.,0.,0.));
#3180=DIRECTION('center_axis',(0.,0.,1.));
#3181=DIRECTION('ref_axis',(-0.707106781186548,-0.707106781186547,0.));
#3182=DIRECTION('center_axis',(0.,0.,-1.));
#3183=DIRECTION('ref_axis',(-0.707106781186548,-0.707106781186547,0.));
#3184=DIRECTION('center_axis',(-7.42237945448404E-17,1.,0.));
#3185=DIRECTION('ref_axis',(-0.707106781186548,0.,-0.707106781186547));
#3186=DIRECTION('center_axis',(0.,-1.,0.));
#3187=DIRECTION('ref_axis',(-1.,0.,0.));
#3188=DIRECTION('',(7.42237945448404E-17,-1.,0.));
#3189=DIRECTION('',(-7.42237945448404E-17,1.,0.));
#3190=DIRECTION('center_axis',(0.,0.,-1.));
#3191=DIRECTION('ref_axis',(-1.,0.,0.));
#3192=DIRECTION('center_axis',(-1.,8.74191357972565E-16,0.));
#3193=DIRECTION('ref_axis',(8.74191357972565E-16,1.,0.));
#3194=DIRECTION('center_axis',(0.,0.,1.));
#3195=DIRECTION('ref_axis',(-0.707106781186548,0.707106781186547,0.));
#3196=DIRECTION('center_axis',(0.,0.,-1.));
#3197=DIRECTION('ref_axis',(-0.707106781186548,0.707106781186547,0.));
#3198=DIRECTION('center_axis',(1.,-3.36227445374063E-17,0.));
#3199=DIRECTION('ref_axis',(0.,0.707106781186547,-0.707106781186548));
#3200=DIRECTION('center_axis',(-1.,0.,0.));
#3201=DIRECTION('ref_axis',(0.,0.707106781186547,-0.707106781186548));
#3202=DIRECTION('',(-1.,3.36227445374063E-17,0.));
#3203=DIRECTION('',(1.,-3.36227445374063E-17,0.));
#3204=DIRECTION('center_axis',(0.,0.,-1.));
#3205=DIRECTION('ref_axis',(1.,0.,0.));
#3206=DIRECTION('',(0.,1.,0.));
#3207=DIRECTION('center_axis',(0.,0.,1.));
#3208=DIRECTION('ref_axis',(-1.3987061727561E-14,1.,0.));
#3209=DIRECTION('',(-1.,2.09971257612324E-15,0.));
#3210=DIRECTION('center_axis',(0.,0.,1.));
#3211=DIRECTION('ref_axis',(-1.,1.39870617275608E-14,0.));
#3212=DIRECTION('',(-2.45692508907366E-15,-1.,0.));
#3213=DIRECTION('',(0.,-1.,0.));
#3214=DIRECTION('center_axis',(0.,0.,1.));
#3215=DIRECTION('ref_axis',(-1.39870617275608E-14,-1.,0.));
#3216=DIRECTION('',(1.,-1.78205939760689E-16,0.));
#3217=DIRECTION('center_axis',(0.,0.,1.));
#3218=DIRECTION('ref_axis',(1.,-1.74838271594509E-14,0.));
#3219=DIRECTION('',(0.,1.,0.));
#3220=DIRECTION('center_axis',(0.,0.,1.));
#3221=DIRECTION('ref_axis',(1.,-1.74838271594509E-14,0.));
#3222=DIRECTION('',(0.,0.,1.));
#3223=DIRECTION('',(0.,0.,1.));
#3224=DIRECTION('center_axis',(-1.78205939760689E-16,-1.,0.));
#3225=DIRECTION('ref_axis',(1.,-1.78205939760689E-16,0.));
#3226=DIRECTION('',(0.,0.,1.));
#3227=DIRECTION('center_axis',(0.,0.,1.));
#3228=DIRECTION('ref_axis',(-1.39870617275608E-14,-1.,0.));
#3229=DIRECTION('',(0.,0.,1.));
#3230=DIRECTION('center_axis',(1.,-2.45692508907366E-15,0.));
#3231=DIRECTION('ref_axis',(-2.45692508907366E-15,-1.,0.));
#3232=DIRECTION('',(0.,0.,-1.));
#3233=DIRECTION('',(0.,0.,-1.));
#3234=DIRECTION('center_axis',(0.,0.,-1.));
#3235=DIRECTION('ref_axis',(-1.,1.39870617275608E-14,0.));
#3236=DIRECTION('',(0.,0.,-1.));
#3237=DIRECTION('center_axis',(-2.09971257612324E-15,-1.,0.));
#3238=DIRECTION('ref_axis',(-1.,2.09971257612324E-15,0.));
#3239=DIRECTION('',(0.,0.,-1.));
#3240=DIRECTION('center_axis',(0.,0.,-1.));
#3241=DIRECTION('ref_axis',(-1.3987061727561E-14,1.,0.));
#3242=DIRECTION('',(0.,0.,-1.));
#3243=DIRECTION('center_axis',(-1.,0.,0.));
#3244=DIRECTION('ref_axis',(0.,1.,0.));
#3245=DIRECTION('',(0.,0.,-1.));
#3246=DIRECTION('',(0.,-1.,0.));
#3247=DIRECTION('center_axis',(0.,-1.,0.));
#3248=DIRECTION('ref_axis',(-0.707106781186545,0.,0.70710678118655));
#3249=DIRECTION('center_axis',(0.,-1.,0.));
#3250=DIRECTION('ref_axis',(0.,0.,1.));
#3251=DIRECTION('',(0.,-1.,0.));
#3252=DIRECTION('center_axis',(0.,1.,0.));
#3253=DIRECTION('ref_axis',(-1.,0.,0.));
#3254=DIRECTION('',(0.,1.,0.));
#3255=DIRECTION('center_axis',(0.,0.,1.));
#3256=DIRECTION('ref_axis',(1.,0.,0.));
#3257=DIRECTION('center_axis',(-1.,0.,0.));
#3258=DIRECTION('ref_axis',(0.,-1.,0.));
#3259=DIRECTION('center_axis',(0.,0.,-1.));
#3260=DIRECTION('ref_axis',(-0.707106781186547,-0.707106781186548,0.));
#3261=DIRECTION('center_axis',(0.,0.,1.));
#3262=DIRECTION('ref_axis',(-0.707106781186547,-0.707106781186548,0.));
#3263=DIRECTION('center_axis',(1.,-4.96500318937417E-16,0.));
#3264=DIRECTION('ref_axis',(0.,-0.707106781186555,0.70710678118654));
#3265=DIRECTION('center_axis',(-1.,0.,0.));
#3266=DIRECTION('ref_axis',(0.,-1.,0.));
#3267=DIRECTION('',(-1.,4.96500318937417E-16,0.));
#3268=DIRECTION('',(1.,-4.96500318937417E-16,0.));
#3269=DIRECTION('center_axis',(0.,0.,1.));
#3270=DIRECTION('ref_axis',(1.,0.,0.));
#3271=DIRECTION('center_axis',(-0.707106781186555,-0.707106781186541,0.));
#3272=DIRECTION('ref_axis',(0.707106781186541,-0.707106781186555,0.));
#3273=DIRECTION('center_axis',(0.,0.,-1.));
#3274=DIRECTION('ref_axis',(0.382683432365089,-0.923879532511287,0.));
#3275=DIRECTION('center_axis',(0.,0.,1.));
#3276=DIRECTION('ref_axis',(0.382683432365089,-0.923879532511287,0.));
#3277=DIRECTION('center_axis',(0.707106781186548,0.707106781186548,0.));
#3278=DIRECTION('ref_axis',(0.500000000000009,-0.499999999999989,0.707106781186549));
#3279=DIRECTION('center_axis',(-0.707106781186548,-0.707106781186548,0.));
#3280=DIRECTION('ref_axis',(0.707106781186547,-0.707106781186547,0.));
#3281=DIRECTION('',(-0.707106781186548,-0.707106781186548,0.));
#3282=DIRECTION('',(0.707106781186548,0.707106781186548,0.));
#3283=DIRECTION('center_axis',(0.,0.,-1.));
#3284=DIRECTION('ref_axis',(-1.,0.,0.));
#3285=DIRECTION('center_axis',(-1.,-2.79741234551219E-14,0.));
#3286=DIRECTION('ref_axis',(2.79741234551219E-14,-1.,0.));
#3287=DIRECTION('center_axis',(0.,0.,1.));
#3288=DIRECTION('ref_axis',(-0.382683432365091,0.923879532511286,0.));
#3289=DIRECTION('center_axis',(0.,0.,-1.));
#3290=DIRECTION('ref_axis',(-0.382683432365091,0.923879532511286,0.));
#3291=DIRECTION('center_axis',(1.,0.,0.));
#3292=DIRECTION('ref_axis',(0.,-0.707106781186545,0.70710678118655));
#3293=DIRECTION('center_axis',(-1.,0.,0.));
#3294=DIRECTION('ref_axis',(0.,-1.,0.));
#3295=DIRECTION('',(-1.,0.,0.));
#3296=DIRECTION('',(1.,0.,0.));
#3297=DIRECTION('center_axis',(0.,0.,-1.));
#3298=DIRECTION('ref_axis',(-1.,0.,0.));
#3299=DIRECTION('center_axis',(-0.707139938276392,0.707073622541854,0.));
#3300=DIRECTION('ref_axis',(-0.707073622541854,-0.707139938276392,0.));
#3301=DIRECTION('center_axis',(0.,0.,1.));
#3302=DIRECTION('ref_axis',(0.38266177083922,0.923888504711576,0.));
#3303=DIRECTION('center_axis',(0.,0.,-1.));
#3304=DIRECTION('ref_axis',(0.38266177083922,0.923888504711576,0.));
#3305=DIRECTION('center_axis',(0.707139938276378,-0.707073622541869,0.));
#3306=DIRECTION('ref_axis',(-0.499976553297494,-0.500023445603066,0.707106781186544));
#3307=DIRECTION('center_axis',(-0.707139938276371,0.707073622541875,0.));
#3308=DIRECTION('ref_axis',(-0.707073622541875,-0.707139938276371,0.));
#3309=DIRECTION('',(-0.707139938276377,0.707073622541869,0.));
#3310=DIRECTION('',(0.707139938276377,-0.707073622541869,0.));
#3311=DIRECTION('center_axis',(0.,0.,1.));
#3312=DIRECTION('ref_axis',(1.,0.,0.));
#3313=DIRECTION('center_axis',(-1.,0.,0.));
#3314=DIRECTION('ref_axis',(0.,-1.,0.));
#3315=DIRECTION('center_axis',(0.,0.,-1.));
#3316=DIRECTION('ref_axis',(-0.382661770839222,-0.923888504711576,0.));
#3317=DIRECTION('center_axis',(0.,0.,1.));
#3318=DIRECTION('ref_axis',(-0.382661770839222,-0.923888504711576,0.));
#3319=DIRECTION('center_axis',(1.,-4.96502370360817E-16,0.));
#3320=DIRECTION('ref_axis',(0.,-0.707106781186555,0.70710678118654));
#3321=DIRECTION('center_axis',(-1.,0.,0.));
#3322=DIRECTION('ref_axis',(0.,-1.,0.));
#3323=DIRECTION('',(-1.,4.96502370360817E-16,0.));
#3324=DIRECTION('',(1.,-4.96502370360817E-16,0.));
#3325=DIRECTION('center_axis',(0.,0.,1.));
#3326=DIRECTION('ref_axis',(1.,0.,0.));
#3327=DIRECTION('center_axis',(0.,-1.,0.));
#3328=DIRECTION('ref_axis',(1.,0.,0.));
#3329=DIRECTION('center_axis',(0.,0.,-1.));
#3330=DIRECTION('ref_axis',(0.707106781186547,-0.707106781186547,0.));
#3331=DIRECTION('center_axis',(0.,0.,1.));
#3332=DIRECTION('ref_axis',(0.707106781186548,-0.707106781186548,0.));
#3333=DIRECTION('center_axis',(0.,1.,0.));
#3334=DIRECTION('ref_axis',(0.707106781186555,0.,0.70710678118654));
#3335=DIRECTION('center_axis',(0.,-1.,0.));
#3336=DIRECTION('ref_axis',(1.,0.,0.));
#3337=DIRECTION('',(0.,-1.,0.));
#3338=DIRECTION('',(0.,1.,0.));
#3339=DIRECTION('center_axis',(0.,0.,-1.));
#3340=DIRECTION('ref_axis',(-1.,0.,0.));
#3341=DIRECTION('center_axis',(-1.,-2.79741234551221E-14,0.));
#3342=DIRECTION('ref_axis',(2.79741234551221E-14,-1.,0.));
#3343=DIRECTION('center_axis',(0.,0.,1.));
#3344=DIRECTION('ref_axis',(-0.707106781186559,0.707106781186536,0.));
#3345=DIRECTION('center_axis',(0.,0.,-1.));
#3346=DIRECTION('ref_axis',(-0.707106781186559,0.707106781186536,0.));
#3347=DIRECTION('center_axis',(1.,3.14845239170551E-16,0.));
#3348=DIRECTION('ref_axis',(0.,-0.707106781186545,0.70710678118655));
#3349=DIRECTION('center_axis',(-1.,0.,0.));
#3350=DIRECTION('ref_axis',(0.,-1.,0.));
#3351=DIRECTION('',(-1.,-3.14845239170551E-16,0.));
#3352=DIRECTION('',(1.,3.14845239170551E-16,0.));
#3353=DIRECTION('center_axis',(0.,0.,1.));
#3354=DIRECTION('ref_axis',(1.,0.,0.));
#3355=DIRECTION('center_axis',(0.,-1.,0.));
#3356=DIRECTION('ref_axis',(1.,0.,0.));
#3357=DIRECTION('center_axis',(0.,0.,-1.));
#3358=DIRECTION('ref_axis',(0.70710678118655,-0.707106781186545,0.));
#3359=DIRECTION('center_axis',(0.,0.,1.));
#3360=DIRECTION('ref_axis',(0.70710678118655,-0.707106781186545,0.));
#3361=DIRECTION('center_axis',(5.27813650096642E-16,1.,0.));
#3362=DIRECTION('ref_axis',(0.707106781186535,0.,0.70710678118656));
#3363=DIRECTION('center_axis',(1.31128703695886E-15,-1.,0.));
#3364=DIRECTION('ref_axis',(1.,1.31128703695886E-15,0.));
#3365=DIRECTION('',(-5.27813650096642E-16,-1.,0.));
#3366=DIRECTION('',(5.27813650096642E-16,1.,0.));
#3367=DIRECTION('center_axis',(0.,0.,1.));
#3368=DIRECTION('ref_axis',(1.,0.,0.));
#3369=DIRECTION('center_axis',(1.,0.,0.));
#3370=DIRECTION('ref_axis',(0.,1.,0.));
#3371=DIRECTION('center_axis',(0.,0.,-1.));
#3372=DIRECTION('ref_axis',(0.707106781186548,0.707106781186547,0.));
#3373=DIRECTION('center_axis',(0.,0.,1.));
#3374=DIRECTION('ref_axis',(0.707106781186548,0.707106781186547,0.));
#3375=DIRECTION('center_axis',(-1.,6.30426460076368E-18,0.));
#3376=DIRECTION('ref_axis',(0.,0.707106781186548,0.707106781186547));
#3377=DIRECTION('center_axis',(1.,-1.04902962956708E-14,0.));
#3378=DIRECTION('ref_axis',(1.04902962956708E-14,1.,0.));
#3379=DIRECTION('',(1.,-6.30426460076368E-18,0.));
#3380=DIRECTION('',(-1.,6.30426460076368E-18,0.));
#3381=DIRECTION('center_axis',(0.,0.,1.));
#3382=DIRECTION('ref_axis',(1.,0.,0.));
#3383=DIRECTION('center_axis',(0.,1.,0.));
#3384=DIRECTION('ref_axis',(-1.,0.,0.));
#3385=DIRECTION('center_axis',(0.,0.,-1.));
#3386=DIRECTION('ref_axis',(-0.707106781186548,0.707106781186547,0.));
#3387=DIRECTION('center_axis',(0.,0.,1.));
#3388=DIRECTION('ref_axis',(-0.707106781186548,0.707106781186547,0.));
#3389=DIRECTION('center_axis',(1.64941765655201E-17,-1.,0.));
#3390=DIRECTION('ref_axis',(-0.707106781186548,0.,0.707106781186548));
#3391=DIRECTION('center_axis',(0.,1.,0.));
#3392=DIRECTION('ref_axis',(-1.,0.,0.));
#3393=DIRECTION('',(-1.64941765655201E-17,1.,0.));
#3394=DIRECTION('',(1.64941765655201E-17,-1.,0.));
#3395=DIRECTION('center_axis',(0.,0.,1.));
#3396=DIRECTION('ref_axis',(1.,0.,0.));
#3397=DIRECTION('center_axis',(-1.,8.7419135797256E-16,0.));
#3398=DIRECTION('ref_axis',(-8.7419135797256E-16,-1.,0.));
#3399=DIRECTION('center_axis',(0.,0.,-1.));
#3400=DIRECTION('ref_axis',(-0.707106781186548,-0.707106781186547,0.));
#3401=DIRECTION('center_axis',(0.,0.,1.));
#3402=DIRECTION('ref_axis',(-0.707106781186548,-0.707106781186547,0.));
#3403=DIRECTION('center_axis',(1.,0.,0.));
#3404=DIRECTION('ref_axis',(0.,-0.70710678118655,0.707106781186545));
#3405=DIRECTION('center_axis',(-1.,0.,0.));
#3406=DIRECTION('ref_axis',(0.,-1.,0.));
#3407=DIRECTION('',(-1.,0.,0.));
#3408=DIRECTION('',(1.,0.,0.));
#3409=DIRECTION('center_axis',(0.,0.,-1.));
#3410=DIRECTION('ref_axis',(-1.,0.,0.));
#3411=DIRECTION('center_axis',(0.,0.,1.));
#3412=DIRECTION('ref_axis',(0.707106781186545,0.70710678118655,0.));
#3413=DIRECTION('center_axis',(0.,0.,-1.));
#3414=DIRECTION('ref_axis',(0.707106781186545,0.70710678118655,0.));
#3415=DIRECTION('center_axis',(0.,0.,1.));
#3416=DIRECTION('ref_axis',(6.41284057545214E-15,-1.,0.));
#3417=DIRECTION('',(0.,0.,1.));
#3418=DIRECTION('',(0.,0.,1.));
#3419=DIRECTION('center_axis',(-4.96502370360817E-16,-1.,0.));
#3420=DIRECTION('ref_axis',(1.,-4.96502370360817E-16,0.));
#3421=DIRECTION('',(0.,0.,1.));
#3422=DIRECTION('center_axis',(0.,0.,1.));
#3423=DIRECTION('ref_axis',(-0.707073622541865,-0.707139938276381,0.));
#3424=DIRECTION('',(0.,0.,1.));
#3425=DIRECTION('center_axis',(-0.707073622541869,-0.707139938276378,0.));
#3426=DIRECTION('ref_axis',(0.707139938276377,-0.707073622541869,0.));
#3427=DIRECTION('',(0.,0.,1.));
#3428=DIRECTION('center_axis',(0.,0.,1.));
#3429=DIRECTION('ref_axis',(0.707073622541849,0.707139938276398,0.));
#3430=DIRECTION('',(0.,0.,1.));
#3431=DIRECTION('center_axis',(0.,-1.,0.));
#3432=DIRECTION('ref_axis',(1.,0.,0.));
#3433=DIRECTION('',(0.,0.,1.));
#3434=DIRECTION('',(0.,0.,1.));
#3435=DIRECTION('center_axis',(0.,1.,0.));
#3436=DIRECTION('ref_axis',(0.,0.,1.));
#3437=DIRECTION('',(1.,0.,2.88710479216944E-15));
#3438=DIRECTION('center_axis',(0.,1.,0.));
#3439=DIRECTION('ref_axis',(1.,0.,2.31660709862722E-14));
#3440=DIRECTION('',(0.,0.,-1.));
#3441=DIRECTION('',(1.,0.,0.));
#3442=DIRECTION('center_axis',(0.,0.,1.));
#3443=DIRECTION('ref_axis',(-2.30695693428593E-14,1.,0.));
#3444=DIRECTION('',(0.,0.,1.));
#3445=DIRECTION('center_axis',(0.707106781186548,-0.707106781186548,0.));
#3446=DIRECTION('ref_axis',(0.707106781186548,0.707106781186548,0.));
#3447=DIRECTION('',(0.,0.,1.));
#3448=DIRECTION('center_axis',(0.,0.,1.));
#3449=DIRECTION('ref_axis',(9.61926086317803E-15,-1.,0.));
#3450=DIRECTION('',(0.,0.,1.));
#3451=DIRECTION('center_axis',(-4.96500318937417E-16,-1.,0.));
#3452=DIRECTION('ref_axis',(1.,-4.96500318937417E-16,0.));
#3453=DIRECTION('',(0.,0.,1.));
#3454=DIRECTION('center_axis',(0.,0.,1.));
#3455=DIRECTION('ref_axis',(-1.,-3.20642028772608E-15,0.));
#3456=DIRECTION('',(0.,0.,1.));
#3457=DIRECTION('center_axis',(-1.,0.,0.));
#3458=DIRECTION('ref_axis',(0.,-1.,0.));
#3459=DIRECTION('',(0.,0.,1.));
#3460=DIRECTION('center_axis',(0.,0.,1.));
#3461=DIRECTION('ref_axis',(1.,0.,0.));
#3462=DIRECTION('',(-0.707103069204832,0.707110493148777,0.));
#3463=DIRECTION('center_axis',(0.,0.,1.));
#3464=DIRECTION('ref_axis',(0.707110493148769,0.707103069204839,0.));
#3465=DIRECTION('',(-1.,0.,0.));
#3466=DIRECTION('center_axis',(0.,0.,1.));
#3467=DIRECTION('ref_axis',(-3.46043540142882E-14,1.,0.));
#3468=DIRECTION('',(-0.707106781186548,-0.707106781186548,0.));
#3469=DIRECTION('center_axis',(0.,0.,-1.));
#3470=DIRECTION('ref_axis',(-2.00718286937891E-14,-1.,0.));
#3471=DIRECTION('',(-1.,0.,0.));
#3472=DIRECTION('center_axis',(0.,0.,-1.));
#3473=DIRECTION('ref_axis',(-1.,5.01795717344707E-15,0.));
#3474=DIRECTION('',(4.66235390918701E-16,1.,0.));
#3475=DIRECTION('center_axis',(0.,0.,1.));
#3476=DIRECTION('ref_axis',(1.,5.76739233571507E-15,0.));
#3477=DIRECTION('',(-1.,-1.52033279647402E-16,0.));
#3478=DIRECTION('center_axis',(0.,0.,-1.));
#3479=DIRECTION('ref_axis',(-1.,4.89354501212191E-15,0.));
#3480=DIRECTION('',(8.24708828276004E-18,1.,0.));
#3481=DIRECTION('center_axis',(0.,0.,-1.));
#3482=DIRECTION('ref_axis',(-3.7721076135103E-14,1.,0.));
#3483=DIRECTION('',(1.,9.66657881825107E-17,0.));
#3484=DIRECTION('center_axis',(0.,0.,-1.));
#3485=DIRECTION('ref_axis',(1.,-1.42728396186888E-15,0.));
#3486=DIRECTION('',(-5.27813650096643E-16,-1.,0.));
#3487=DIRECTION('center_axis',(0.,0.,-1.));
#3488=DIRECTION('ref_axis',(6.5247266828292E-15,-1.,0.));
#3489=DIRECTION('',(-1.,-1.52033279647402E-16,0.));
#3490=DIRECTION('center_axis',(0.,0.,1.));
#3491=DIRECTION('ref_axis',(0.,1.,0.));
#3492=DIRECTION('',(0.,-1.,0.));
#3493=DIRECTION('center_axis',(0.,0.,-1.));
#3494=DIRECTION('ref_axis',(0.,-1.,0.));
#3495=DIRECTION('',(-1.,-4.96498705846368E-16,0.));
#3496=DIRECTION('center_axis',(0.,0.,-1.));
#3497=DIRECTION('ref_axis',(-0.707110493148772,-0.707103069204837,0.));
#3498=DIRECTION('center_axis',(-1.,0.,0.));
#3499=DIRECTION('ref_axis',(0.,0.,-1.));
#3500=DIRECTION('',(0.,0.,-1.));
#3501=DIRECTION('',(0.,-1.,0.));
#3502=DIRECTION('',(0.,0.,1.));
#3503=DIRECTION('center_axis',(0.,-1.,0.));
#3504=DIRECTION('ref_axis',(-1.,0.,1.52983487645198E-14));
#3505=DIRECTION('center_axis',(-6.30426460076368E-18,-1.,0.));
#3506=DIRECTION('ref_axis',(-1.,0.,1.52983487645198E-14));
#3507=DIRECTION('',(0.,-1.,0.));
#3508=DIRECTION('center_axis',(-9.66657881825107E-17,1.,0.));
#3509=DIRECTION('ref_axis',(-1.,0.,1.52983487645198E-14));
#3510=DIRECTION('center_axis',(0.,0.,1.));
#3511=DIRECTION('ref_axis',(-1.,0.,0.));
#3512=DIRECTION('',(-1.,6.30426460076368E-18,0.));
#3513=DIRECTION('',(0.,-1.,0.));
#3514=DIRECTION('',(1.,9.66657881825107E-17,0.));
#3515=DIRECTION('center_axis',(0.,-1.,0.));
#3516=DIRECTION('ref_axis',(0.,0.,1.));
#3517=DIRECTION('center_axis',(-6.30426460076368E-18,-1.,0.));
#3518=DIRECTION('ref_axis',(0.,0.,1.));
#3519=DIRECTION('',(0.,-1.,0.));
#3520=DIRECTION('center_axis',(-9.66657881825107E-17,1.,0.));
#3521=DIRECTION('ref_axis',(0.,0.,1.));
#3522=DIRECTION('center_axis',(1.,0.,0.));
#3523=DIRECTION('ref_axis',(0.,0.,1.));
#3524=DIRECTION('',(0.,0.,1.));
#3525=DIRECTION('',(0.,0.,-1.));
#3526=DIRECTION('center_axis',(0.,0.,1.));
#3527=DIRECTION('ref_axis',(1.,0.,0.));
#3528=DIRECTION('',(0.,1.,0.));
#3529=DIRECTION('',(-1.,0.,0.));
#3530=DIRECTION('center_axis',(6.30426460076368E-18,1.,0.));
#3531=DIRECTION('ref_axis',(-1.,6.30426460076368E-18,0.));
#3532=DIRECTION('',(0.,0.,1.));
#3533=DIRECTION('',(0.,0.,1.));
#3534=DIRECTION('center_axis',(-1.,0.,0.));
#3535=DIRECTION('ref_axis',(0.,0.,1.));
#3536=DIRECTION('',(0.,0.,-1.));
#3537=DIRECTION('',(0.,1.,0.));
#3538=DIRECTION('center_axis',(1.,0.,0.));
#3539=DIRECTION('ref_axis',(0.,0.,-1.));
#3540=DIRECTION('',(0.,1.,0.));
#3541=DIRECTION('',(0.,0.,1.));
#3542=DIRECTION('center_axis',(0.,1.,0.));
#3543=DIRECTION('ref_axis',(1.,0.,2.31660709862722E-14));
#3544=DIRECTION('',(0.,1.,0.));
#3545=DIRECTION('center_axis',(0.,-1.,0.));
#3546=DIRECTION('ref_axis',(1.,0.,2.31660709862722E-14));
#3547=DIRECTION('center_axis',(-2.88710479216944E-15,0.,1.));
#3548=DIRECTION('ref_axis',(1.,0.,2.88710479216944E-15));
#3549=DIRECTION('',(0.,1.,0.));
#3550=DIRECTION('',(-1.,0.,-2.88710479216944E-15));
#3551=DIRECTION('center_axis',(0.,1.,0.));
#3552=DIRECTION('ref_axis',(0.,0.,1.));
#3553=DIRECTION('center_axis',(0.,-1.,0.));
#3554=DIRECTION('ref_axis',(0.,0.,1.));
#3555=DIRECTION('center_axis',(0.,1.,0.));
#3556=DIRECTION('ref_axis',(-1.,0.,0.));
#3557=DIRECTION('',(0.,0.,1.));
#3558=DIRECTION('',(0.,0.,1.));
#3559=DIRECTION('center_axis',(0.,0.,1.));
#3560=DIRECTION('ref_axis',(-0.707110493148772,-0.707103069204837,0.));
#3561=DIRECTION('',(0.,0.,1.));
#3562=DIRECTION('',(0.,0.,1.));
#3563=DIRECTION('center_axis',(-4.96498705846368E-16,1.,0.));
#3564=DIRECTION('ref_axis',(-1.,-4.96498705846368E-16,0.));
#3565=DIRECTION('',(0.,0.,1.));
#3566=DIRECTION('center_axis',(0.,0.,1.));
#3567=DIRECTION('ref_axis',(0.,-1.,0.));
#3568=DIRECTION('',(0.,0.,1.));
#3569=DIRECTION('center_axis',(-1.,0.,0.));
#3570=DIRECTION('ref_axis',(0.,-1.,0.));
#3571=DIRECTION('',(0.,0.,1.));
#3572=DIRECTION('center_axis',(0.,0.,1.));
#3573=DIRECTION('ref_axis',(0.,1.,0.));
#3574=DIRECTION('',(0.,0.,1.));
#3575=DIRECTION('center_axis',(-1.52033279647402E-16,1.,0.));
#3576=DIRECTION('ref_axis',(-1.,-1.52033279647402E-16,0.));
#3577=DIRECTION('',(0.,0.,1.));
#3578=DIRECTION('center_axis',(0.,0.,1.));
#3579=DIRECTION('ref_axis',(6.5247266828292E-15,-1.,0.));
#3580=DIRECTION('',(0.,0.,1.));
#3581=DIRECTION('center_axis',(-1.,5.27813650096643E-16,0.));
#3582=DIRECTION('ref_axis',(-5.27813650096643E-16,-1.,0.));
#3583=DIRECTION('',(0.,0.,1.));
#3584=DIRECTION('center_axis',(0.,0.,1.));
#3585=DIRECTION('ref_axis',(1.,-1.42728396186888E-15,0.));
#3586=DIRECTION('',(0.,0.,1.));
#3587=DIRECTION('center_axis',(9.66657881825107E-17,-1.,0.));
#3588=DIRECTION('ref_axis',(1.,9.66657881825107E-17,0.));
#3589=DIRECTION('',(0.,0.,1.));
#3590=DIRECTION('center_axis',(0.,0.,1.));
#3591=DIRECTION('ref_axis',(-3.7721076135103E-14,1.,0.));
#3592=DIRECTION('',(0.,0.,1.));
#3593=DIRECTION('center_axis',(1.,-8.24708828276004E-18,0.));
#3594=DIRECTION('ref_axis',(8.24708828276004E-18,1.,0.));
#3595=DIRECTION('',(0.,0.,1.));
#3596=DIRECTION('center_axis',(0.,0.,1.));
#3597=DIRECTION('ref_axis',(-1.,4.89354501212191E-15,0.));
#3598=DIRECTION('',(0.,0.,1.));
#3599=DIRECTION('center_axis',(-1.52033279647402E-16,1.,0.));
#3600=DIRECTION('ref_axis',(-1.,-1.52033279647402E-16,0.));
#3601=DIRECTION('',(0.,0.,1.));
#3602=DIRECTION('center_axis',(0.,0.,1.));
#3603=DIRECTION('ref_axis',(1.,5.76739233571507E-15,0.));
#3604=DIRECTION('',(0.,0.,1.));
#3605=DIRECTION('center_axis',(1.,-4.66235390918701E-16,0.));
#3606=DIRECTION('ref_axis',(4.66235390918701E-16,1.,0.));
#3607=DIRECTION('',(0.,0.,1.));
#3608=DIRECTION('center_axis',(0.,0.,1.));
#3609=DIRECTION('ref_axis',(-1.,5.01795717344707E-15,0.));
#3610=DIRECTION('',(0.,0.,1.));
#3611=DIRECTION('center_axis',(0.,1.,0.));
#3612=DIRECTION('ref_axis',(-1.,0.,0.));
#3613=DIRECTION('',(0.,0.,1.));
#3614=DIRECTION('center_axis',(0.,0.,1.));
#3615=DIRECTION('ref_axis',(-2.00718286937891E-14,-1.,0.));
#3616=DIRECTION('',(0.,0.,1.));
#3617=DIRECTION('center_axis',(-0.707106781186548,0.707106781186548,0.));
#3618=DIRECTION('ref_axis',(-0.707106781186548,-0.707106781186548,0.));
#3619=DIRECTION('',(0.,0.,1.));
#3620=DIRECTION('center_axis',(0.,0.,1.));
#3621=DIRECTION('ref_axis',(-3.46043540142882E-14,1.,0.));
#3622=DIRECTION('center_axis',(0.,0.,1.));
#3623=DIRECTION('ref_axis',(0.707110493148769,0.707103069204839,0.));
#3624=DIRECTION('',(0.,0.,1.));
#3625=DIRECTION('center_axis',(0.707110493148777,0.707103069204832,0.));
#3626=DIRECTION('ref_axis',(-0.707103069204832,0.707110493148777,0.));
#3627=DIRECTION('center_axis',(3.14845239170551E-16,-1.,0.));
#3628=DIRECTION('ref_axis',(1.,3.14845239170551E-16,0.));
#3629=DIRECTION('',(0.,0.,1.));
#3630=DIRECTION('',(0.,0.,-1.));
#3631=DIRECTION('center_axis',(0.,0.,1.));
#3632=DIRECTION('ref_axis',(-2.30695693428604E-14,1.,0.));
#3633=DIRECTION('',(0.,0.,1.));
#3634=DIRECTION('center_axis',(1.,0.,0.));
#3635=DIRECTION('ref_axis',(0.,1.,0.));
#3636=DIRECTION('center_axis',(0.,0.,1.));
#3637=DIRECTION('ref_axis',(1.,1.15347846714302E-14,0.));
#3638=DIRECTION('',(0.,0.,1.));
#3639=DIRECTION('center_axis',(0.,-1.,0.));
#3640=DIRECTION('ref_axis',(1.,0.,0.));
#3641=DIRECTION('',(0.,0.,1.));
#3642=DIRECTION('center_axis',(0.,0.,1.));
#3643=DIRECTION('ref_axis',(-1.,0.,0.));
#3644=DIRECTION('',(0.,0.,1.));
#3645=DIRECTION('center_axis',(-1.,-1.64941765655201E-17,0.));
#3646=DIRECTION('ref_axis',(1.64941765655201E-17,-1.,0.));
#3647=DIRECTION('',(0.,0.,1.));
#3648=DIRECTION('center_axis',(0.,0.,1.));
#3649=DIRECTION('ref_axis',(2.98246615077275E-16,1.,0.));
#3650=DIRECTION('center_axis',(0.,0.,1.));
#3651=DIRECTION('ref_axis',(1.,-1.1929864603091E-15,0.));
#3652=DIRECTION('',(0.,0.,1.));
#3653=DIRECTION('center_axis',(1.,-5.27813650096642E-16,0.));
#3654=DIRECTION('ref_axis',(5.27813650096642E-16,1.,0.));
#3655=DIRECTION('',(0.,0.,1.));
#3656=DIRECTION('center_axis',(0.,0.,1.));
#3657=DIRECTION('ref_axis',(4.77194584123641E-15,-1.,0.));
#3658=CARTESIAN_POINT('',(0.,0.,0.));
#3659=CARTESIAN_POINT('Origin',(136.524999955297,-50.1649999552965,2.));
#3660=CARTESIAN_POINT('',(4.44499998509912,1.00000001490116,2.));
#3661=CARTESIAN_POINT('',(129.00000192225,1.00000004470348,2.00000002980232));
#3662=CARTESIAN_POINT('',(268.60391335543,1.00000001490119,2.));
#3663=CARTESIAN_POINT('',(-1.00000001490116,-4.44499998509884,2.));
#3664=CARTESIAN_POINT('Origin',(4.44499998509932,-4.44499998509932,2.));
#3665=CARTESIAN_POINT('',(-1.00000001490116,-71.7549999850988,2.));
#3666=CARTESIAN_POINT('',(-1.00000001490116,-4.44499998509884,2.));
#3667=CARTESIAN_POINT('',(4.44499998509884,-77.1999999850989,2.));
#3668=CARTESIAN_POINT('Origin',(4.44499998509883,-71.7549999850989,2.));
#3669=CARTESIAN_POINT('',(62.8649999850988,-77.1999999850988,2.));
#3670=CARTESIAN_POINT('',(4.44499998509884,-77.1999999850989,2.));
#3671=CARTESIAN_POINT('',(64.4049999850989,-78.7399999850988,2.));
#3672=CARTESIAN_POINT('Origin',(62.8649999850988,-78.7399999850988,2.));
#3673=CARTESIAN_POINT('',(64.4049999850988,-97.7899999850989,2.));
#3674=CARTESIAN_POINT('',(64.4049999850989,-78.7399999850988,2.));
#3675=CARTESIAN_POINT('',(67.9449999850988,-101.329999985099,2.));
#3676=CARTESIAN_POINT('Origin',(67.9449999850988,-97.7899999850989,2.));
#3677=CARTESIAN_POINT('',(103.722883974298,-101.329999985099,2.));
#3678=CARTESIAN_POINT('',(67.9449999850988,-101.329999985099,2.));
#3679=CARTESIAN_POINT('',(106.226041979698,-100.293157990499,2.));
#3680=CARTESIAN_POINT('Origin',(103.722883974298,-97.789999985099,2.));
#3681=CARTESIAN_POINT('',(123.787601113292,-82.731598856906,2.));
#3682=CARTESIAN_POINT('',(106.226041979698,-100.293157990499,2.));
#3683=CARTESIAN_POINT('',(124.876545556319,-82.2805432999333,2.));
#3684=CARTESIAN_POINT('Origin',(124.876545556319,-83.8205432999334,2.));
#3685=CARTESIAN_POINT('',(131.000001952052,-82.2805432701309,2.00000002980232));
#3686=CARTESIAN_POINT('',(124.876545556319,-82.2805432999333,2.));
#3687=CARTESIAN_POINT('',(131.000001952052,-84.2805432701309,2.00000002980232));
#3688=CARTESIAN_POINT('',(131.000001952052,-67.2227716127137,2.));
#3689=CARTESIAN_POINT('',(131.008814637489,-84.2805432701309,2.));
#3690=CARTESIAN_POINT('',(147.343910056067,-84.2805432701309,2.));
#3691=CARTESIAN_POINT('',(131.008814637489,-77.0505432701309,2.));
#3692=CARTESIAN_POINT('',(131.008814637489,-77.0505432701309,2.));
#3693=CARTESIAN_POINT('',(132.278814637489,-75.7805432701309,2.));
#3694=CARTESIAN_POINT('Origin',(132.278814637489,-77.050543270131,2.));
#3695=CARTESIAN_POINT('',(140.738814637489,-75.7805432701309,2.));
#3696=CARTESIAN_POINT('',(140.738814637489,-75.7805432701309,2.));
#3697=CARTESIAN_POINT('',(142.008814637489,-77.0505432701309,2.));
#3698=CARTESIAN_POINT('Origin',(140.738814637489,-77.050543270131,2.));
#3699=CARTESIAN_POINT('',(142.008814637489,-82.2805432999333,2.));
#3700=CARTESIAN_POINT('',(142.008814637489,-84.2805432701309,2.));
#3701=CARTESIAN_POINT('',(148.172763048553,-82.2805432999333,2.));
#3702=CARTESIAN_POINT('',(124.876545556319,-82.2805432999333,2.));
#3703=CARTESIAN_POINT('',(149.261713208003,-82.7316045733578,2.));
#3704=CARTESIAN_POINT('Origin',(148.172763048553,-83.8205432999333,2.));
#3705=CARTESIAN_POINT('',(166.823069106344,-100.293144850084,2.));
#3706=CARTESIAN_POINT('',(166.823069106344,-100.293144850084,2.));
#3707=CARTESIAN_POINT('',(169.326240252091,-101.329999985099,2.));
#3708=CARTESIAN_POINT('Origin',(169.326240252091,-97.7899999850987,2.));
#3709=CARTESIAN_POINT('',(205.10391335543,-101.329999985099,2.));
#3710=CARTESIAN_POINT('',(205.10391335543,-101.329999985099,2.));
#3711=CARTESIAN_POINT('',(208.64391335543,-97.7899999850989,2.));
#3712=CARTESIAN_POINT('Origin',(205.10391335543,-97.7899999850989,2.));
#3713=CARTESIAN_POINT('',(208.64391335543,-78.7399999850988,2.));
#3714=CARTESIAN_POINT('',(208.64391335543,-97.7899999850989,2.));
#3715=CARTESIAN_POINT('',(210.18391335543,-77.1999999850989,2.));
#3716=CARTESIAN_POINT('Origin',(210.18391335543,-78.7399999850988,2.));
#3717=CARTESIAN_POINT('',(268.60391335543,-77.1999999850988,2.));
#3718=CARTESIAN_POINT('',(210.18391335543,-77.1999999850989,2.));
#3719=CARTESIAN_POINT('',(274.04891335543,-71.7549999850988,2.));
#3720=CARTESIAN_POINT('Origin',(268.60391335543,-71.7549999850988,2.));
#3721=CARTESIAN_POINT('',(274.04891335543,-4.44499998509885,2.));
#3722=CARTESIAN_POINT('',(274.04891335543,-71.7549999850988,2.));
#3723=CARTESIAN_POINT('',(268.60391335543,1.00000001490119,2.));
#3724=CARTESIAN_POINT('Origin',(268.60391335543,-4.44499998509884,2.));
#3725=CARTESIAN_POINT('',(144.000002145767,1.00000004470348,2.00000002980232));
#3726=CARTESIAN_POINT('',(268.60391335543,1.00000001490119,2.));
#3727=CARTESIAN_POINT('',(144.000002145767,-16.7300002682209,2.));
#3728=CARTESIAN_POINT('',(144.000002145767,-33.4475001117587,2.));
#3729=CARTESIAN_POINT('',(142.730002145767,-18.0000002682209,2.));
#3730=CARTESIAN_POINT('Origin',(142.730002145767,-16.7300002682209,2.));
#3731=CARTESIAN_POINT('',(130.27000192225,-18.0000002682209,2.));
#3732=CARTESIAN_POINT('',(133.397500938773,-18.0000002682209,2.));
#3733=CARTESIAN_POINT('',(129.00000192225,-16.7300002682209,2.));
#3734=CARTESIAN_POINT('Origin',(130.27000192225,-16.7300002682209,2.));
#3735=CARTESIAN_POINT('',(129.00000192225,-23.5824999552965,2.));
#3736=CARTESIAN_POINT('',(5.64499995529652,-4.44499995529652,2.));
#3737=CARTESIAN_POINT('Origin',(4.44499995529652,-4.44499995529652,2.));
#3738=CARTESIAN_POINT('',(5.64499995529652,-71.7549999552965,2.));
#3739=CARTESIAN_POINT('Origin',(4.44499995529652,-71.7549999552965,2.));
#3740=CARTESIAN_POINT('',(269.804999955297,-4.44499995529652,2.));
#3741=CARTESIAN_POINT('Origin',(268.604999955297,-4.44499995529652,2.));
#3742=CARTESIAN_POINT('',(269.804999955297,-71.7549999552965,2.));
#3743=CARTESIAN_POINT('Origin',(268.604999955297,-71.7549999552965,2.));
#3744=CARTESIAN_POINT('',(149.154999955297,-22.2249999552965,2.));
#3745=CARTESIAN_POINT('Origin',(147.954999955297,-22.2249999552965,2.));
#3746=CARTESIAN_POINT('',(126.294999955296,-22.2249999552965,2.));
#3747=CARTESIAN_POINT('Origin',(125.094999955297,-22.2249999552965,2.));
#3748=CARTESIAN_POINT('',(183.444999955296,-78.7399999552965,2.));
#3749=CARTESIAN_POINT('Origin',(182.244999955296,-78.7399999552965,2.));
#3750=CARTESIAN_POINT('',(92.0049999552965,-78.7399999552965,2.));
#3751=CARTESIAN_POINT('Origin',(90.8049999552965,-78.7399999552965,2.));
#3752=CARTESIAN_POINT('Origin',(90.8049999552965,-78.7399999552965,0.5));
#3753=CARTESIAN_POINT('',(93.0049999552965,-78.7399999552965,0.5));
#3754=CARTESIAN_POINT('Origin',(90.8049999552965,-78.7399999552965,0.5));
#3755=CARTESIAN_POINT('',(92.0049999552965,-78.7399999552965,0.5));
#3756=CARTESIAN_POINT('Origin',(90.8049999552965,-78.7399999552965,0.5));
#3757=CARTESIAN_POINT('Origin',(90.8049999552965,-78.7399999552965,0.25));
#3758=CARTESIAN_POINT('',(93.0049999552965,-78.7399999552965,0.));
#3759=CARTESIAN_POINT('Origin',(90.8049999552965,-78.7399999552965,0.));
#3760=CARTESIAN_POINT('',(93.0049999552965,-78.7399999552965,0.25));
#3761=CARTESIAN_POINT('Origin',(90.8049999552965,-78.7399999552965,1.));
#3762=CARTESIAN_POINT('',(92.0049999552965,-78.7399999552965,1.));
#3763=CARTESIAN_POINT('Origin',(182.244999955296,-78.7399999552965,0.5));
#3764=CARTESIAN_POINT('',(184.444999955296,-78.7399999552965,0.5));
#3765=CARTESIAN_POINT('Origin',(182.244999955296,-78.7399999552965,0.5));
#3766=CARTESIAN_POINT('',(183.444999955296,-78.7399999552965,0.5));
#3767=CARTESIAN_POINT('Origin',(182.244999955296,-78.7399999552965,0.5));
#3768=CARTESIAN_POINT('Origin',(182.244999955296,-78.7399999552965,0.25));
#3769=CARTESIAN_POINT('',(184.444999955296,-78.7399999552965,0.));
#3770=CARTESIAN_POINT('Origin',(182.244999955296,-78.7399999552965,0.));
#3771=CARTESIAN_POINT('',(184.444999955296,-78.7399999552965,0.25));
#3772=CARTESIAN_POINT('Origin',(182.244999955296,-78.7399999552965,1.));
#3773=CARTESIAN_POINT('',(183.444999955296,-78.7399999552965,1.));
#3774=CARTESIAN_POINT('Origin',(125.094999955297,-22.2249999552965,0.5));
#3775=CARTESIAN_POINT('',(127.294999955297,-22.2249999552965,0.5));
#3776=CARTESIAN_POINT('Origin',(125.094999955297,-22.2249999552965,0.5));
#3777=CARTESIAN_POINT('',(126.294999955296,-22.2249999552965,0.5));
#3778=CARTESIAN_POINT('Origin',(125.094999955297,-22.2249999552965,0.5));
#3779=CARTESIAN_POINT('Origin',(125.094999955297,-22.2249999552965,0.25));
#3780=CARTESIAN_POINT('',(127.294999955297,-22.2249999552965,0.));
#3781=CARTESIAN_POINT('Origin',(125.094999955297,-22.2249999552965,0.));
#3782=CARTESIAN_POINT('',(127.294999955297,-22.2249999552965,0.25));
#3783=CARTESIAN_POINT('Origin',(125.094999955297,-22.2249999552965,1.));
#3784=CARTESIAN_POINT('',(126.294999955296,-22.2249999552965,1.));
#3785=CARTESIAN_POINT('Origin',(147.954999955297,-22.2249999552965,0.5));
#3786=CARTESIAN_POINT('',(150.154999955297,-22.2249999552965,0.5));
#3787=CARTESIAN_POINT('Origin',(147.954999955297,-22.2249999552965,0.5));
#3788=CARTESIAN_POINT('',(149.154999955297,-22.2249999552965,0.5));
#3789=CARTESIAN_POINT('Origin',(147.954999955297,-22.2249999552965,0.5));
#3790=CARTESIAN_POINT('Origin',(147.954999955297,-22.2249999552965,0.25));
#3791=CARTESIAN_POINT('',(150.154999955297,-22.2249999552965,0.));
#3792=CARTESIAN_POINT('Origin',(147.954999955297,-22.2249999552965,0.));
#3793=CARTESIAN_POINT('',(150.154999955297,-22.2249999552965,0.25));
#3794=CARTESIAN_POINT('Origin',(147.954999955297,-22.2249999552965,1.));
#3795=CARTESIAN_POINT('',(149.154999955297,-22.2249999552965,1.));
#3796=CARTESIAN_POINT('Origin',(268.604999955297,-71.7549999552965,0.5));
#3797=CARTESIAN_POINT('',(270.804999955296,-71.7549999552965,0.5));
#3798=CARTESIAN_POINT('Origin',(268.604999955297,-71.7549999552965,0.5));
#3799=CARTESIAN_POINT('',(269.804999955297,-71.7549999552965,0.5));
#3800=CARTESIAN_POINT('Origin',(268.604999955297,-71.7549999552965,0.5));
#3801=CARTESIAN_POINT('Origin',(268.604999955297,-71.7549999552965,0.25));
#3802=CARTESIAN_POINT('',(270.804999955296,-71.7549999552965,0.));
#3803=CARTESIAN_POINT('Origin',(268.604999955297,-71.7549999552965,0.));
#3804=CARTESIAN_POINT('',(270.804999955296,-71.7549999552965,0.25));
#3805=CARTESIAN_POINT('Origin',(268.604999955297,-71.7549999552965,1.));
#3806=CARTESIAN_POINT('',(269.804999955297,-71.7549999552965,1.));
#3807=CARTESIAN_POINT('Origin',(268.604999955297,-4.44499995529652,0.5));
#3808=CARTESIAN_POINT('',(270.804999955297,-4.44499995529652,0.5));
#3809=CARTESIAN_POINT('Origin',(268.604999955297,-4.44499995529652,0.5));
#3810=CARTESIAN_POINT('',(269.804999955297,-4.44499995529652,0.5));
#3811=CARTESIAN_POINT('Origin',(268.604999955297,-4.44499995529652,0.5));
#3812=CARTESIAN_POINT('Origin',(268.604999955297,-4.44499995529652,0.25));
#3813=CARTESIAN_POINT('',(270.804999955297,-4.44499995529652,0.));
#3814=CARTESIAN_POINT('Origin',(268.604999955297,-4.44499995529652,0.));
#3815=CARTESIAN_POINT('',(270.804999955297,-4.44499995529652,0.25));
#3816=CARTESIAN_POINT('Origin',(268.604999955297,-4.44499995529652,1.));
#3817=CARTESIAN_POINT('',(269.804999955297,-4.44499995529652,1.));
#3818=CARTESIAN_POINT('Origin',(4.44499995529652,-71.7549999552965,0.5));
#3819=CARTESIAN_POINT('',(6.64499995529652,-71.7549999552965,0.5));
#3820=CARTESIAN_POINT('Origin',(4.44499995529652,-71.7549999552965,0.5));
#3821=CARTESIAN_POINT('',(5.64499995529652,-71.7549999552965,0.5));
#3822=CARTESIAN_POINT('Origin',(4.44499995529652,-71.7549999552965,0.5));
#3823=CARTESIAN_POINT('Origin',(4.44499995529652,-71.7549999552965,0.25));
#3824=CARTESIAN_POINT('',(6.64499995529652,-71.7549999552965,0.));
#3825=CARTESIAN_POINT('Origin',(4.44499995529652,-71.7549999552965,0.));
#3826=CARTESIAN_POINT('',(6.64499995529652,-71.7549999552965,0.25));
#3827=CARTESIAN_POINT('Origin',(4.44499995529652,-71.7549999552965,1.));
#3828=CARTESIAN_POINT('',(5.64499995529652,-71.7549999552965,1.));
#3829=CARTESIAN_POINT('Origin',(4.44499995529652,-4.44499995529652,0.5));
#3830=CARTESIAN_POINT('',(6.64499995529652,-4.44499995529652,0.5));
#3831=CARTESIAN_POINT('Origin',(4.44499995529652,-4.44499995529652,0.5));
#3832=CARTESIAN_POINT('',(5.64499995529652,-4.44499995529652,0.5));
#3833=CARTESIAN_POINT('Origin',(4.44499995529652,-4.44499995529652,0.5));
#3834=CARTESIAN_POINT('Origin',(4.44499995529652,-4.44499995529652,0.25));
#3835=CARTESIAN_POINT('',(6.64499995529652,-4.44499995529652,0.));
#3836=CARTESIAN_POINT('Origin',(4.44499995529652,-4.44499995529652,0.));
#3837=CARTESIAN_POINT('',(6.64499995529652,-4.44499995529652,0.25));
#3838=CARTESIAN_POINT('Origin',(4.44499995529652,-4.44499995529652,1.));
#3839=CARTESIAN_POINT('',(5.64499995529652,-4.44499995529652,1.));
#3840=CARTESIAN_POINT('Origin',(70.4849999552965,1.73000004470349,1.27));
#3841=CARTESIAN_POINT('',(144.000002145767,1.73000004470348,0.));
#3842=CARTESIAN_POINT('',(144.000002145767,3.00000004470348,1.27));
#3843=CARTESIAN_POINT('Origin',(144.000002145767,1.73000004470348,1.27));
#3844=CARTESIAN_POINT('',(268.604999955297,3.00000004470348,1.27));
#3845=CARTESIAN_POINT('',(70.4849999552965,3.00000004470348,1.27));
#3846=CARTESIAN_POINT('',(268.604999955297,1.73000004470348,0.));
#3847=CARTESIAN_POINT('Origin',(268.604999955297,1.73000004470348,1.27));
#3848=CARTESIAN_POINT('',(70.4849999552965,1.73000004470349,0.));
#3849=CARTESIAN_POINT('Origin',(268.604999955297,-4.44499995529647,1.27));
#3850=CARTESIAN_POINT('',(276.049999955297,-4.44499995529652,1.27));
#3851=CARTESIAN_POINT('',(274.779999955296,-4.44499995529651,0.));
#3852=CARTESIAN_POINT('Origin',(274.779999955296,-4.44499995529651,1.27));
#3853=CARTESIAN_POINT('Origin',(268.604999955297,-4.44499995529647,0.));
#3854=CARTESIAN_POINT('Origin',(268.604999955297,-4.44499995529647,1.27));
#3855=CARTESIAN_POINT('Origin',(274.779999955297,-27.3049999552966,1.27));
#3856=CARTESIAN_POINT('',(276.049999955296,-71.7549999552965,1.27));
#3857=CARTESIAN_POINT('',(274.779999955296,-71.7549999552965,0.));
#3858=CARTESIAN_POINT('Origin',(274.779999955296,-71.7549999552965,1.27));
#3859=CARTESIAN_POINT('',(274.779999955297,-27.3049999552966,0.));
#3860=CARTESIAN_POINT('',(276.049999955297,-27.3049999552966,1.27));
#3861=CARTESIAN_POINT('Origin',(268.604999955297,-71.7549999552965,1.27));
#3862=CARTESIAN_POINT('',(268.604999955297,-79.1999999552965,1.27));
#3863=CARTESIAN_POINT('',(268.604999955297,-77.9299999552965,0.));
#3864=CARTESIAN_POINT('Origin',(268.604999955297,-77.9299999552965,1.27));
#3865=CARTESIAN_POINT('Origin',(268.604999955297,-71.7549999552965,0.));
#3866=CARTESIAN_POINT('Origin',(268.604999955297,-71.7549999552965,1.27));
#3867=CARTESIAN_POINT('Origin',(202.564999955297,-77.9299999552965,1.27));
#3868=CARTESIAN_POINT('',(212.184999955296,-79.1999999552965,1.27));
#3869=CARTESIAN_POINT('',(212.184999955296,-77.9299999552965,0.));
#3870=CARTESIAN_POINT('Origin',(212.184999955296,-77.9299999552965,1.27));
#3871=CARTESIAN_POINT('',(202.564999955297,-77.9299999552965,0.));
#3872=CARTESIAN_POINT('',(202.564999955297,-79.1999999552965,1.27));
#3873=CARTESIAN_POINT('Origin',(212.184999955297,-80.7399999552966,1.27));
#3874=CARTESIAN_POINT('',(210.644999955296,-80.7399999552965,1.27));
#3875=CARTESIAN_POINT('',(209.374999955296,-80.7399999552965,0.));
#3876=CARTESIAN_POINT('Origin',(209.374999955296,-80.7399999552965,1.27));
#3877=CARTESIAN_POINT('Origin',(212.184999955297,-80.7399999552966,0.));
#3878=CARTESIAN_POINT('Origin',(212.184999955297,-80.7399999552966,1.27));
#3879=CARTESIAN_POINT('Origin',(209.374999955297,-65.4524999552965,1.27));
#3880=CARTESIAN_POINT('',(210.644999955296,-97.7899999552965,1.27));
#3881=CARTESIAN_POINT('',(209.374999955297,-97.7899999552965,0.));
#3882=CARTESIAN_POINT('Origin',(209.374999955297,-97.7899999552965,1.27));
#3883=CARTESIAN_POINT('',(209.374999955297,-65.4524999552965,0.));
#3884=CARTESIAN_POINT('',(210.644999955296,-65.4524999552965,1.27));
#3885=CARTESIAN_POINT('Origin',(205.104999955296,-97.7899999552965,1.27));
#3886=CARTESIAN_POINT('',(205.104999955297,-103.329999955297,1.27));
#3887=CARTESIAN_POINT('',(205.104999955297,-102.059999955297,0.));
#3888=CARTESIAN_POINT('Origin',(205.104999955297,-102.059999955297,1.27));
#3889=CARTESIAN_POINT('Origin',(205.104999955296,-97.7899999552965,0.));
#3890=CARTESIAN_POINT('Origin',(205.104999955296,-97.7899999552965,1.27));
#3891=CARTESIAN_POINT('Origin',(170.814999955297,-102.059999955297,1.27));
#3892=CARTESIAN_POINT('',(169.327590914745,-103.329999955297,1.27));
#3893=CARTESIAN_POINT('',(169.327590914745,-102.059999955297,0.));
#3894=CARTESIAN_POINT('Origin',(169.327590914745,-102.059999955297,1.27));
#3895=CARTESIAN_POINT('',(170.814999955297,-102.059999955297,0.));
#3896=CARTESIAN_POINT('',(170.814999955297,-103.329999955297,1.27));
#3897=CARTESIAN_POINT('Origin',(169.327590914745,-97.7899999552964,1.27));
#3898=CARTESIAN_POINT('',(165.410403045863,-101.707555213348,1.27));
#3899=CARTESIAN_POINT('',(166.308386546491,-100.809487491737,0.));
#3900=CARTESIAN_POINT('Origin',(166.308386546491,-100.809487491737,1.27));
#3901=CARTESIAN_POINT('Origin',(169.327590914745,-97.7899999552964,0.));
#3902=CARTESIAN_POINT('Origin',(169.327590914745,-97.7899999552964,1.27));
#3903=CARTESIAN_POINT('Origin',(146.200719764431,-80.7037064109644,1.27));
#3904=CARTESIAN_POINT('',(148.432803434781,-84.7315477651853,1.27));
#3905=CARTESIAN_POINT('',(149.330786935409,-83.8334800435743,0.));
#3906=CARTESIAN_POINT('Origin',(149.330786935409,-83.8334800435743,1.27));
#3907=CARTESIAN_POINT('',(146.200719764431,-80.7037064109644,0.));
#3908=CARTESIAN_POINT('',(145.302736263803,-81.6017741325754,1.27));
#3909=CARTESIAN_POINT('Origin',(147.343910056067,-85.820543270131,1.27));
#3910=CARTESIAN_POINT('',(147.343910056067,-84.2805432701309,1.27));
#3911=CARTESIAN_POINT('',(147.343910056067,-83.0105432701309,0.));
#3912=CARTESIAN_POINT('Origin',(147.343910056067,-83.0105432701309,1.27));
#3913=CARTESIAN_POINT('Origin',(147.343910056067,-85.820543270131,0.));
#3914=CARTESIAN_POINT('Origin',(147.343910056067,-85.820543270131,1.27));
#3915=CARTESIAN_POINT('Origin',(141.934455005682,-83.0105432701309,1.27));
#3916=CARTESIAN_POINT('',(142.008814637489,-84.2805432701309,1.27));
#3917=CARTESIAN_POINT('',(142.008814637489,-83.0105432701309,0.));
#3918=CARTESIAN_POINT('Origin',(142.008814637489,-83.0105432701309,1.27));
#3919=CARTESIAN_POINT('',(141.934455005682,-83.0105432701309,0.));
#3920=CARTESIAN_POINT('',(141.934455005682,-84.2805432701309,1.27));
#3921=CARTESIAN_POINT('Origin',(133.766907296393,-83.0105432701309,1.27));
#3922=CARTESIAN_POINT('',(131.008814637489,-83.0105432701309,0.));
#3923=CARTESIAN_POINT('',(131.008814637489,-84.2805432701309,1.27));
#3924=CARTESIAN_POINT('Origin',(131.008814637489,-83.0105432701309,1.27));
#3925=CARTESIAN_POINT('',(125.704645526517,-84.2805432701309,1.27));
#3926=CARTESIAN_POINT('',(133.766907296393,-84.2805432701309,1.27));
#3927=CARTESIAN_POINT('',(125.704645526517,-83.0105432701309,0.));
#3928=CARTESIAN_POINT('Origin',(125.704645526517,-83.0105432701309,1.27));
#3929=CARTESIAN_POINT('',(133.766907296393,-83.0105432701309,0.));
#3930=CARTESIAN_POINT('Origin',(125.704645526517,-85.8205432701309,1.27));
#3931=CARTESIAN_POINT('',(124.615701083489,-84.7315988271036,1.27));
#3932=CARTESIAN_POINT('',(123.717675471383,-83.8335732149967,0.));
#3933=CARTESIAN_POINT('Origin',(123.717675471383,-83.8335732149967,1.27));
#3934=CARTESIAN_POINT('Origin',(125.704645526517,-85.8205432701309,0.));
#3935=CARTESIAN_POINT('Origin',(125.704645526517,-85.8205432701309,1.27));
#3936=CARTESIAN_POINT('Origin',(135.336649907286,-72.2145987790932,1.27));
#3937=CARTESIAN_POINT('',(107.639928387523,-101.70737152307,1.27));
#3938=CARTESIAN_POINT('',(106.741902775416,-100.809345910963,0.));
#3939=CARTESIAN_POINT('Origin',(106.741902775416,-100.809345910963,1.27));
#3940=CARTESIAN_POINT('',(135.336649907286,-72.2145987790932,0.));
#3941=CARTESIAN_POINT('',(136.234675519393,-73.1126243912001,1.27));
#3942=CARTESIAN_POINT('Origin',(103.72255681975,-97.7899999552964,1.27));
#3943=CARTESIAN_POINT('',(103.72255681975,-103.329999955297,1.27));
#3944=CARTESIAN_POINT('',(103.72255681975,-102.059999955297,0.));
#3945=CARTESIAN_POINT('Origin',(103.72255681975,-102.059999955297,1.27));
#3946=CARTESIAN_POINT('Origin',(103.72255681975,-97.7899999552964,0.));
#3947=CARTESIAN_POINT('Origin',(103.72255681975,-97.7899999552964,1.27));
#3948=CARTESIAN_POINT('Origin',(120.123778387523,-102.059999955297,1.27));
#3949=CARTESIAN_POINT('',(67.9449999552965,-103.329999955297,1.27));
#3950=CARTESIAN_POINT('',(67.9449999552965,-102.059999955297,0.));
#3951=CARTESIAN_POINT('Origin',(67.9449999552965,-102.059999955297,1.27));
#3952=CARTESIAN_POINT('',(120.123778387523,-102.059999955297,0.));
#3953=CARTESIAN_POINT('',(120.123778387523,-103.329999955297,1.27));
#3954=CARTESIAN_POINT('Origin',(67.9449999552965,-97.7899999552965,1.27));
#3955=CARTESIAN_POINT('',(62.4049999552965,-97.7899999552965,1.27));
#3956=CARTESIAN_POINT('',(63.6749999552965,-97.7899999552965,0.));
#3957=CARTESIAN_POINT('Origin',(63.6749999552965,-97.7899999552965,1.27));
#3958=CARTESIAN_POINT('Origin',(67.9449999552965,-97.7899999552965,0.));
#3959=CARTESIAN_POINT('Origin',(67.9449999552965,-97.7899999552965,1.27));
#3960=CARTESIAN_POINT('Origin',(63.6749999552965,-73.9774999552965,1.27));
#3961=CARTESIAN_POINT('',(62.4049999552965,-80.7399999552965,1.27));
#3962=CARTESIAN_POINT('',(63.6749999552965,-80.7399999552965,0.));
#3963=CARTESIAN_POINT('Origin',(63.6749999552965,-80.7399999552965,1.27));
#3964=CARTESIAN_POINT('',(63.6749999552965,-73.9774999552965,0.));
#3965=CARTESIAN_POINT('',(62.4049999552965,-73.9774999552965,1.27));
#3966=CARTESIAN_POINT('Origin',(60.8649999552965,-80.7399999552965,1.27));
#3967=CARTESIAN_POINT('',(60.8649999552965,-79.1999999552965,1.27));
#3968=CARTESIAN_POINT('',(60.8649999552965,-77.9299999552965,0.));
#3969=CARTESIAN_POINT('Origin',(60.8649999552965,-77.9299999552965,1.27));
#3970=CARTESIAN_POINT('Origin',(60.8649999552965,-80.7399999552965,0.));
#3971=CARTESIAN_POINT('Origin',(60.8649999552965,-80.7399999552965,1.27));
#3972=CARTESIAN_POINT('Origin',(98.6949999552965,-77.9299999552965,1.27));
#3973=CARTESIAN_POINT('',(4.44499995529652,-79.1999999552965,1.27));
#3974=CARTESIAN_POINT('',(4.44499995529652,-77.9299999552965,0.));
#3975=CARTESIAN_POINT('Origin',(4.44499995529652,-77.9299999552965,1.27));
#3976=CARTESIAN_POINT('',(98.6949999552965,-77.9299999552965,0.));
#3977=CARTESIAN_POINT('',(98.6949999552965,-79.1999999552965,1.27));
#3978=CARTESIAN_POINT('Origin',(4.44499995529652,-71.7549999552965,1.27));
#3979=CARTESIAN_POINT('',(-3.00000004470348,-71.7549999552965,1.27));
#3980=CARTESIAN_POINT('',(-1.73000004470348,-71.7549999552965,0.));
#3981=CARTESIAN_POINT('Origin',(-1.73000004470348,-71.7549999552965,1.27));
#3982=CARTESIAN_POINT('Origin',(4.44499995529652,-71.7549999552965,0.));
#3983=CARTESIAN_POINT('Origin',(4.44499995529652,-71.7549999552965,1.27));
#3984=CARTESIAN_POINT('Origin',(-1.73000004470348,-60.9599999552965,1.27));
#3985=CARTESIAN_POINT('',(-3.00000004470348,-4.44499995529652,1.27));
#3986=CARTESIAN_POINT('',(-1.73000004470348,-4.44499995529652,0.));
#3987=CARTESIAN_POINT('Origin',(-1.73000004470348,-4.44499995529652,1.27));
#3988=CARTESIAN_POINT('',(-1.73000004470348,-60.9599999552965,0.));
#3989=CARTESIAN_POINT('',(-3.00000004470348,-60.9599999552965,1.27));
#3990=CARTESIAN_POINT('Origin',(4.44499995529651,-4.44499995529651,1.27));
#3991=CARTESIAN_POINT('',(4.44499995529652,3.00000004470349,1.27));
#3992=CARTESIAN_POINT('',(4.44499995529652,1.73000004470349,0.));
#3993=CARTESIAN_POINT('Origin',(4.44499995529652,1.73000004470349,1.27));
#3994=CARTESIAN_POINT('Origin',(4.44499995529651,-4.44499995529651,0.));
#3995=CARTESIAN_POINT('Origin',(4.44499995529651,-4.44499995529651,1.27));
#3996=CARTESIAN_POINT('Origin',(70.4849999552965,1.73000004470349,1.27));
#3997=CARTESIAN_POINT('',(129.00000192225,3.00000004470348,1.27));
#3998=CARTESIAN_POINT('',(129.00000192225,1.73000004470349,0.));
#3999=CARTESIAN_POINT('Origin',(129.00000192225,1.73000004470348,1.27));
#4000=CARTESIAN_POINT('',(70.4849999552965,1.73000004470349,0.));
#4001=CARTESIAN_POINT('',(70.4849999552965,3.00000004470348,1.27));
#4002=CARTESIAN_POINT('Origin',(136.524999955297,-50.1649999552965,0.));
#4003=CARTESIAN_POINT('',(142.008814637489,-77.0505432701309,0.));
#4004=CARTESIAN_POINT('',(142.008814637489,-84.2805432701309,0.));
#4005=CARTESIAN_POINT('',(140.738814637489,-75.7805432701309,0.));
#4006=CARTESIAN_POINT('Origin',(140.738814637489,-77.050543270131,0.));
#4007=CARTESIAN_POINT('',(132.278814637489,-75.7805432701309,0.));
#4008=CARTESIAN_POINT('',(140.738814637489,-75.7805432701309,0.));
#4009=CARTESIAN_POINT('',(131.008814637489,-77.0505432701309,0.));
#4010=CARTESIAN_POINT('Origin',(132.278814637489,-77.050543270131,0.));
#4011=CARTESIAN_POINT('',(131.008814637489,-77.0505432701309,0.));
#4012=CARTESIAN_POINT('',(129.00000192225,-16.7300002682209,0.));
#4013=CARTESIAN_POINT('',(129.00000192225,-23.5824999552965,0.));
#4014=CARTESIAN_POINT('',(130.27000192225,-18.0000002682209,0.));
#4015=CARTESIAN_POINT('Origin',(130.27000192225,-16.7300002682209,0.));
#4016=CARTESIAN_POINT('',(142.730002145767,-18.0000002682209,0.));
#4017=CARTESIAN_POINT('',(133.397500938773,-18.0000002682209,0.));
#4018=CARTESIAN_POINT('',(144.000002145767,-16.7300002682209,0.));
#4019=CARTESIAN_POINT('Origin',(142.730002145767,-16.7300002682209,0.));
#4020=CARTESIAN_POINT('',(144.000002145767,-33.4475001117587,0.));
#4021=CARTESIAN_POINT('Origin',(142.730002145767,-16.7300002682209,0.));
#4022=CARTESIAN_POINT('',(142.730002145767,-18.0000002682209,0.));
#4023=CARTESIAN_POINT('',(144.000002145767,-16.7300002682209,0.));
#4024=CARTESIAN_POINT('Origin',(130.27000192225,-18.0000002682209,0.));
#4025=CARTESIAN_POINT('',(130.27000192225,-18.0000002682209,0.));
#4026=CARTESIAN_POINT('Origin',(130.27000192225,-16.7300002682209,0.));
#4027=CARTESIAN_POINT('',(129.00000192225,-16.7300002682209,0.));
#4028=CARTESIAN_POINT('Origin',(131.008814637489,-77.0505432701309,2.));
#4029=CARTESIAN_POINT('',(131.008814637489,-77.0505432701309,2.));
#4030=CARTESIAN_POINT('',(131.008814637489,-84.2805432701309,2.));
#4031=CARTESIAN_POINT('Origin',(132.278814637489,-77.050543270131,2.));
#4032=CARTESIAN_POINT('',(132.278814637489,-75.7805432701309,2.));
#4033=CARTESIAN_POINT('Origin',(140.738814637489,-75.7805432701309,2.));
#4034=CARTESIAN_POINT('',(140.738814637489,-75.7805432701309,2.));
#4035=CARTESIAN_POINT('Origin',(140.738814637489,-77.050543270131,2.));
#4036=CARTESIAN_POINT('',(142.008814637489,-77.0505432701309,2.));
#4037=CARTESIAN_POINT('Origin',(142.008814637489,-84.2805432701309,2.));
#4038=CARTESIAN_POINT('',(142.008814637489,-84.2805432701309,2.));
#4039=CARTESIAN_POINT('',(142.008814637489,-84.2805432701309,2.));
#4040=CARTESIAN_POINT('',(142.008814637489,-67.2227716127137,2.));
#4041=CARTESIAN_POINT('Origin',(63.6749999552965,-65.4524999552965,10.73));
#4042=CARTESIAN_POINT('',(63.6749999552965,-80.7399999552965,12.));
#4043=CARTESIAN_POINT('',(62.4049999552965,-80.7399999552965,10.73));
#4044=CARTESIAN_POINT('Origin',(63.6749999552965,-80.7399999552965,10.73));
#4045=CARTESIAN_POINT('',(62.4049999552965,-97.7899999552965,10.73));
#4046=CARTESIAN_POINT('',(62.4049999552965,-65.4524999552965,10.73));
#4047=CARTESIAN_POINT('',(63.6749999552965,-97.7899999552965,12.));
#4048=CARTESIAN_POINT('Origin',(63.6749999552965,-97.7899999552965,10.73));
#4049=CARTESIAN_POINT('',(63.6749999552965,-65.4524999552965,12.));
#4050=CARTESIAN_POINT('Origin',(67.9449999552965,-97.7899999552965,10.73));
#4051=CARTESIAN_POINT('',(67.9449999552965,-103.329999955297,10.73));
#4052=CARTESIAN_POINT('',(67.9449999552965,-102.059999955297,12.));
#4053=CARTESIAN_POINT('Origin',(67.9449999552965,-102.059999955297,10.73));
#4054=CARTESIAN_POINT('Origin',(67.9449999552965,-97.7899999552965,12.));
#4055=CARTESIAN_POINT('Origin',(67.9449999552965,-97.7899999552965,10.73));
#4056=CARTESIAN_POINT('Origin',(102.234999955297,-102.059999955297,10.73));
#4057=CARTESIAN_POINT('',(103.72255681975,-103.329999955297,10.73));
#4058=CARTESIAN_POINT('',(103.72255681975,-102.059999955297,12.));
#4059=CARTESIAN_POINT('Origin',(103.72255681975,-102.059999955297,10.73));
#4060=CARTESIAN_POINT('',(102.234999955297,-102.059999955297,12.));
#4061=CARTESIAN_POINT('',(102.234999955297,-103.329999955297,10.73));
#4062=CARTESIAN_POINT('Origin',(103.72255681975,-97.7899999552964,10.73));
#4063=CARTESIAN_POINT('',(107.639928387523,-101.70737152307,10.73));
#4064=CARTESIAN_POINT('',(106.741902775416,-100.809345910963,12.));
#4065=CARTESIAN_POINT('Origin',(106.741902775416,-100.809345910963,10.73));
#4066=CARTESIAN_POINT('Origin',(103.72255681975,-97.7899999552964,12.));
#4067=CARTESIAN_POINT('Origin',(103.72255681975,-97.7899999552964,10.73));
#4068=CARTESIAN_POINT('Origin',(126.848763559303,-80.7024851270764,10.73));
#4069=CARTESIAN_POINT('',(124.615701083489,-84.7315988271036,10.73));
#4070=CARTESIAN_POINT('',(123.717675471382,-83.8335732149967,12.));
#4071=CARTESIAN_POINT('Origin',(123.717675471382,-83.8335732149967,10.73));
#4072=CARTESIAN_POINT('',(126.848763559303,-80.7024851270764,12.));
#4073=CARTESIAN_POINT('',(127.74678917141,-81.6005107391833,10.73));
#4074=CARTESIAN_POINT('Origin',(125.704645526517,-85.820543270131,10.73));
#4075=CARTESIAN_POINT('',(125.704645526517,-84.2805432701309,10.73));
#4076=CARTESIAN_POINT('',(125.704645526517,-83.0105432701309,12.));
#4077=CARTESIAN_POINT('Origin',(125.704645526517,-83.0105432701309,10.73));
#4078=CARTESIAN_POINT('Origin',(125.704645526517,-85.820543270131,12.));
#4079=CARTESIAN_POINT('Origin',(125.704645526517,-85.820543270131,10.73));
#4080=CARTESIAN_POINT('Origin',(131.114822740907,-83.0105432701309,10.73));
#4081=CARTESIAN_POINT('',(147.343910056067,-84.2805432701309,10.73));
#4082=CARTESIAN_POINT('',(147.343910056067,-83.0105432701309,12.));
#4083=CARTESIAN_POINT('Origin',(147.343910056067,-83.0105432701309,10.73));
#4084=CARTESIAN_POINT('',(131.114822740907,-83.0105432701309,12.));
#4085=CARTESIAN_POINT('',(131.114822740907,-84.2805432701309,10.73));
#4086=CARTESIAN_POINT('Origin',(147.343910056067,-85.820543270131,10.73));
#4087=CARTESIAN_POINT('',(148.432803434781,-84.7315477651853,10.73));
#4088=CARTESIAN_POINT('',(149.330786935409,-83.8334800435743,12.));
#4089=CARTESIAN_POINT('Origin',(149.330786935409,-83.8334800435743,10.73));
#4090=CARTESIAN_POINT('Origin',(147.343910056067,-85.820543270131,12.));
#4091=CARTESIAN_POINT('Origin',(147.343910056067,-85.820543270131,10.73));
#4092=CARTESIAN_POINT('Origin',(137.711919958891,-72.2157026868832,10.73));
#4093=CARTESIAN_POINT('',(165.410403045863,-101.707555213348,10.73));
#4094=CARTESIAN_POINT('',(166.308386546491,-100.809487491737,12.));
#4095=CARTESIAN_POINT('Origin',(166.308386546491,-100.809487491737,10.73));
#4096=CARTESIAN_POINT('',(137.711919958891,-72.2157026868832,12.));
#4097=CARTESIAN_POINT('',(136.813936458262,-73.1137704084942,10.73));
#4098=CARTESIAN_POINT('Origin',(169.327590914745,-97.7899999552965,10.73));
#4099=CARTESIAN_POINT('',(169.327590914745,-103.329999955297,10.73));
#4100=CARTESIAN_POINT('',(169.327590914745,-102.059999955297,12.));
#4101=CARTESIAN_POINT('Origin',(169.327590914745,-102.059999955297,10.73));
#4102=CARTESIAN_POINT('Origin',(169.327590914745,-97.7899999552965,12.));
#4103=CARTESIAN_POINT('Origin',(169.327590914745,-97.7899999552965,10.73));
#4104=CARTESIAN_POINT('Origin',(152.926295435021,-102.059999955296,10.73));
#4105=CARTESIAN_POINT('',(205.104999955297,-103.329999955297,10.73));
#4106=CARTESIAN_POINT('',(205.104999955297,-102.059999955297,12.));
#4107=CARTESIAN_POINT('Origin',(205.104999955297,-102.059999955297,10.73));
#4108=CARTESIAN_POINT('',(152.926295435021,-102.059999955296,12.));
#4109=CARTESIAN_POINT('',(152.926295435021,-103.329999955297,10.73));
#4110=CARTESIAN_POINT('Origin',(205.104999955296,-97.7899999552965,10.73));
#4111=CARTESIAN_POINT('',(210.644999955296,-97.7899999552965,10.73));
#4112=CARTESIAN_POINT('',(209.374999955297,-97.7899999552965,12.));
#4113=CARTESIAN_POINT('Origin',(209.374999955297,-97.7899999552965,10.73));
#4114=CARTESIAN_POINT('Origin',(205.104999955296,-97.7899999552965,12.));
#4115=CARTESIAN_POINT('Origin',(205.104999955296,-97.7899999552965,10.73));
#4116=CARTESIAN_POINT('Origin',(209.374999955297,-73.9774999552965,10.73));
#4117=CARTESIAN_POINT('',(210.644999955296,-80.7399999552965,10.73));
#4118=CARTESIAN_POINT('',(209.374999955297,-80.7399999552965,12.));
#4119=CARTESIAN_POINT('Origin',(209.374999955297,-80.7399999552965,10.73));
#4120=CARTESIAN_POINT('',(209.374999955297,-73.9774999552965,12.));
#4121=CARTESIAN_POINT('',(210.644999955296,-73.9774999552965,10.73));
#4122=CARTESIAN_POINT('Origin',(212.184999955297,-80.7399999552965,10.73));
#4123=CARTESIAN_POINT('',(212.184999955296,-79.1999999552965,10.73));
#4124=CARTESIAN_POINT('',(212.184999955296,-77.9299999552965,12.));
#4125=CARTESIAN_POINT('Origin',(212.184999955296,-77.9299999552965,10.73));
#4126=CARTESIAN_POINT('Origin',(212.184999955297,-80.7399999552965,12.));
#4127=CARTESIAN_POINT('Origin',(212.184999955297,-80.7399999552965,10.73));
#4128=CARTESIAN_POINT('Origin',(174.354999955297,-77.9299999552966,10.73));
#4129=CARTESIAN_POINT('',(268.604999955297,-79.1999999552965,10.73));
#4130=CARTESIAN_POINT('',(268.604999955297,-77.9299999552965,12.));
#4131=CARTESIAN_POINT('Origin',(268.604999955297,-77.9299999552965,10.73));
#4132=CARTESIAN_POINT('',(174.354999955297,-77.9299999552966,12.));
#4133=CARTESIAN_POINT('',(174.354999955297,-79.1999999552965,10.73));
#4134=CARTESIAN_POINT('Origin',(268.604999955297,-71.7549999552965,10.73));
#4135=CARTESIAN_POINT('',(276.049999955296,-71.7549999552965,10.73));
#4136=CARTESIAN_POINT('',(274.779999955296,-71.7549999552965,12.));
#4137=CARTESIAN_POINT('Origin',(274.779999955296,-71.7549999552965,10.73));
#4138=CARTESIAN_POINT('Origin',(268.604999955297,-71.7549999552965,12.));
#4139=CARTESIAN_POINT('Origin',(268.604999955297,-71.7549999552965,10.73));
#4140=CARTESIAN_POINT('Origin',(274.779999955296,-60.9599999552966,10.73));
#4141=CARTESIAN_POINT('',(276.049999955297,-4.44499995529652,10.73));
#4142=CARTESIAN_POINT('',(274.779999955297,-4.44499995529652,12.));
#4143=CARTESIAN_POINT('Origin',(274.779999955297,-4.44499995529652,10.73));
#4144=CARTESIAN_POINT('',(274.779999955296,-60.9599999552966,12.));
#4145=CARTESIAN_POINT('',(276.049999955296,-60.9599999552966,10.73));
#4146=CARTESIAN_POINT('Origin',(268.604999955297,-4.44499995529651,10.73));
#4147=CARTESIAN_POINT('',(268.604999955297,3.00000004470348,10.73));
#4148=CARTESIAN_POINT('',(268.604999955297,1.73000004470348,12.));
#4149=CARTESIAN_POINT('Origin',(268.604999955297,1.73000004470348,10.73));
#4150=CARTESIAN_POINT('Origin',(268.604999955297,-4.44499995529651,12.));
#4151=CARTESIAN_POINT('Origin',(268.604999955297,-4.44499995529651,10.73));
#4152=CARTESIAN_POINT('Origin',(202.564999955297,1.73000004470348,10.73));
#4153=CARTESIAN_POINT('',(4.44499995529652,3.00000004470348,10.73));
#4154=CARTESIAN_POINT('',(4.4449999552965,1.73000004470348,12.));
#4155=CARTESIAN_POINT('Origin',(4.4449999552965,1.73000004470348,10.73));
#4156=CARTESIAN_POINT('',(202.564999955297,1.73000004470348,12.));
#4157=CARTESIAN_POINT('',(202.564999955297,3.00000004470348,10.73));
#4158=CARTESIAN_POINT('Origin',(4.44499995529651,-4.44499995529651,10.73));
#4159=CARTESIAN_POINT('',(-3.00000004470348,-4.44499995529652,10.73));
#4160=CARTESIAN_POINT('',(-1.73000004470348,-4.44499995529652,12.));
#4161=CARTESIAN_POINT('Origin',(-1.73000004470348,-4.44499995529652,10.73));
#4162=CARTESIAN_POINT('Origin',(4.44499995529651,-4.44499995529651,12.));
#4163=CARTESIAN_POINT('Origin',(4.44499995529651,-4.44499995529651,10.73));
#4164=CARTESIAN_POINT('Origin',(-1.73000004470349,-27.3049999552965,10.73));
#4165=CARTESIAN_POINT('',(-3.00000004470348,-71.7549999552965,10.73));
#4166=CARTESIAN_POINT('',(-1.73000004470348,-71.7549999552965,12.));
#4167=CARTESIAN_POINT('Origin',(-1.73000004470348,-71.7549999552965,10.73));
#4168=CARTESIAN_POINT('',(-1.73000004470349,-27.3049999552965,12.));
#4169=CARTESIAN_POINT('',(-3.00000004470348,-27.3049999552965,10.73));
#4170=CARTESIAN_POINT('Origin',(4.44499995529652,-71.7549999552965,10.73));
#4171=CARTESIAN_POINT('',(4.44499995529652,-79.1999999552965,10.73));
#4172=CARTESIAN_POINT('',(4.44499995529652,-77.9299999552965,12.));
#4173=CARTESIAN_POINT('Origin',(4.44499995529652,-77.9299999552965,10.73));
#4174=CARTESIAN_POINT('Origin',(4.44499995529652,-71.7549999552965,12.));
#4175=CARTESIAN_POINT('Origin',(4.44499995529652,-71.7549999552965,10.73));
#4176=CARTESIAN_POINT('Origin',(70.4849999552965,-77.9299999552965,10.73));
#4177=CARTESIAN_POINT('',(60.8649999552965,-79.1999999552965,10.73));
#4178=CARTESIAN_POINT('',(60.8649999552965,-77.9299999552965,12.));
#4179=CARTESIAN_POINT('Origin',(60.8649999552965,-77.9299999552965,10.73));
#4180=CARTESIAN_POINT('',(70.4849999552965,-77.9299999552965,12.));
#4181=CARTESIAN_POINT('',(70.4849999552965,-79.1999999552965,10.73));
#4182=CARTESIAN_POINT('Origin',(60.8649999552965,-80.7399999552965,10.73));
#4183=CARTESIAN_POINT('Origin',(60.8649999552965,-80.7399999552965,12.));
#4184=CARTESIAN_POINT('Origin',(60.8649999552965,-80.7399999552965,10.73));
#4185=CARTESIAN_POINT('Origin',(205.104999955296,-97.7899999552965,2.));
#4186=CARTESIAN_POINT('',(205.104999955297,-103.329999955297,2.));
#4187=CARTESIAN_POINT('',(210.644999955296,-97.7899999552965,2.));
#4188=CARTESIAN_POINT('Origin',(169.327590914745,-103.329999955297,2.));
#4189=CARTESIAN_POINT('',(169.327590914745,-103.329999955297,2.));
#4190=CARTESIAN_POINT('Origin',(169.327590914745,-97.7899999552965,2.));
#4191=CARTESIAN_POINT('',(165.410403045863,-101.707555213348,2.));
#4192=CARTESIAN_POINT('Origin',(148.432803434781,-84.7315477651853,2.));
#4193=CARTESIAN_POINT('',(148.432803434781,-84.7315477651853,2.));
#4194=CARTESIAN_POINT('Origin',(147.343910056067,-85.820543270131,2.));
#4195=CARTESIAN_POINT('',(147.343910056067,-84.2805432701309,2.));
#4196=CARTESIAN_POINT('Origin',(125.704645526517,-84.2805432701309,2.));
#4197=CARTESIAN_POINT('',(125.704645526517,-84.2805432701309,2.));
#4198=CARTESIAN_POINT('',(131.000001952052,-84.2805432701309,4.23000002980232));
#4199=CARTESIAN_POINT('',(131.000001952052,-84.2805432701309,2.00000001490116));
#4200=CARTESIAN_POINT('',(132.270001952052,-84.2805432701309,5.50000002980231));
#4201=CARTESIAN_POINT('Origin',(132.270001952052,-84.2805432701309,4.2300000298023));
#4202=CARTESIAN_POINT('',(140.730001952052,-84.2805432701309,5.50000002980233));
#4203=CARTESIAN_POINT('',(128.987323739284,-84.2805432701309,5.5000000298023));
#4204=CARTESIAN_POINT('',(142.000001952052,-84.2805432701309,4.23000002980232));
#4205=CARTESIAN_POINT('Origin',(140.730001952052,-84.2805432701309,4.23000002980229));
#4206=CARTESIAN_POINT('',(142.000001952052,-84.2805432701309,2.00000002980232));
#4207=CARTESIAN_POINT('',(142.000001952052,-84.2805432701309,3.11500001490116));
#4208=CARTESIAN_POINT('',(125.704645526517,-84.2805432701309,2.));
#4209=CARTESIAN_POINT('Origin',(125.704645526517,-85.820543270131,2.));
#4210=CARTESIAN_POINT('',(124.615701083489,-84.7315988271036,2.));
#4211=CARTESIAN_POINT('Origin',(107.639928387523,-101.70737152307,2.));
#4212=CARTESIAN_POINT('',(107.639928387523,-101.70737152307,2.));
#4213=CARTESIAN_POINT('Origin',(103.72255681975,-97.7899999552964,2.));
#4214=CARTESIAN_POINT('',(103.72255681975,-103.329999955297,2.));
#4215=CARTESIAN_POINT('Origin',(67.9449999552965,-103.329999955297,2.));
#4216=CARTESIAN_POINT('',(67.9449999552965,-103.329999955297,2.));
#4217=CARTESIAN_POINT('Origin',(67.9449999552965,-97.7899999552965,2.));
#4218=CARTESIAN_POINT('',(62.4049999552965,-97.7899999552965,2.));
#4219=CARTESIAN_POINT('Origin',(62.4049999552965,-80.7399999552965,2.));
#4220=CARTESIAN_POINT('',(62.4049999552965,-80.7399999552965,2.));
#4221=CARTESIAN_POINT('Origin',(136.524999955297,-50.1649999552965,12.));
#4222=CARTESIAN_POINT('',(166.823069106344,-100.293144850084,12.));
#4223=CARTESIAN_POINT('',(149.261713208003,-82.7316045733578,12.));
#4224=CARTESIAN_POINT('',(166.823069106344,-100.293144850084,12.));
#4225=CARTESIAN_POINT('',(148.172763048553,-82.2805432999333,12.));
#4226=CARTESIAN_POINT('Origin',(148.172763048553,-83.8205432999333,12.));
#4227=CARTESIAN_POINT('',(124.876545556319,-82.2805432999333,12.));
#4228=CARTESIAN_POINT('',(124.876545556319,-82.2805432999333,12.));
#4229=CARTESIAN_POINT('',(123.787601113292,-82.731598856906,12.));
#4230=CARTESIAN_POINT('Origin',(124.876545556319,-83.8205432999334,12.));
#4231=CARTESIAN_POINT('',(106.226041979698,-100.293157990499,12.));
#4232=CARTESIAN_POINT('',(106.226041979698,-100.293157990499,12.));
#4233=CARTESIAN_POINT('',(103.722883974298,-101.329999985099,12.));
#4234=CARTESIAN_POINT('Origin',(103.722883974298,-97.789999985099,12.));
#4235=CARTESIAN_POINT('',(67.9449999850988,-101.329999985099,12.));
#4236=CARTESIAN_POINT('',(67.9449999850988,-101.329999985099,12.));
#4237=CARTESIAN_POINT('',(64.4049999850989,-97.7899999850989,12.));
#4238=CARTESIAN_POINT('Origin',(67.9449999850988,-97.7899999850989,12.));
#4239=CARTESIAN_POINT('',(64.4049999850989,-78.7399999850988,12.));
#4240=CARTESIAN_POINT('',(64.4049999850989,-78.7399999850988,12.));
#4241=CARTESIAN_POINT('',(62.8649999850989,-77.1999999850988,12.));
#4242=CARTESIAN_POINT('Origin',(62.8649999850988,-78.7399999850988,12.));
#4243=CARTESIAN_POINT('',(4.44499998509883,-77.1999999850989,12.));
#4244=CARTESIAN_POINT('',(4.44499998509884,-77.1999999850989,12.));
#4245=CARTESIAN_POINT('',(-1.00000001490116,-71.7549999850988,12.));
#4246=CARTESIAN_POINT('Origin',(4.44499998509883,-71.7549999850989,12.));
#4247=CARTESIAN_POINT('',(-1.00000001490116,-4.44499998509883,12.));
#4248=CARTESIAN_POINT('',(-1.00000001490116,-4.44499998509884,12.));
#4249=CARTESIAN_POINT('',(4.44499998509912,1.00000001490116,12.));
#4250=CARTESIAN_POINT('Origin',(4.44499998509932,-4.44499998509932,12.));
#4251=CARTESIAN_POINT('',(268.60391335543,1.00000001490118,12.));
#4252=CARTESIAN_POINT('',(268.60391335543,1.00000001490119,12.));
#4253=CARTESIAN_POINT('',(274.04891335543,-4.44499998509885,12.));
#4254=CARTESIAN_POINT('Origin',(268.60391335543,-4.44499998509884,12.));
#4255=CARTESIAN_POINT('',(274.04891335543,-71.7549999850988,12.));
#4256=CARTESIAN_POINT('',(274.04891335543,-71.7549999850988,12.));
#4257=CARTESIAN_POINT('',(268.60391335543,-77.1999999850988,12.));
#4258=CARTESIAN_POINT('Origin',(268.60391335543,-71.7549999850988,12.));
#4259=CARTESIAN_POINT('',(210.18391335543,-77.1999999850989,12.));
#4260=CARTESIAN_POINT('',(210.18391335543,-77.1999999850989,12.));
#4261=CARTESIAN_POINT('',(208.64391335543,-78.7399999850988,12.));
#4262=CARTESIAN_POINT('Origin',(210.18391335543,-78.7399999850988,12.));
#4263=CARTESIAN_POINT('',(208.64391335543,-97.7899999850989,12.));
#4264=CARTESIAN_POINT('',(208.64391335543,-97.7899999850989,12.));
#4265=CARTESIAN_POINT('',(205.10391335543,-101.329999985099,12.));
#4266=CARTESIAN_POINT('Origin',(205.10391335543,-97.7899999850989,12.));
#4267=CARTESIAN_POINT('',(169.326240252091,-101.329999985099,12.));
#4268=CARTESIAN_POINT('',(205.10391335543,-101.329999985099,12.));
#4269=CARTESIAN_POINT('Origin',(169.326240252091,-97.7899999850987,12.));
#4270=CARTESIAN_POINT('Origin',(129.00000192225,3.00000004470348,3.7300000745058));
#4271=CARTESIAN_POINT('',(129.00000192225,3.00000004470348,3.7300000745058));
#4272=CARTESIAN_POINT('',(129.00000192225,3.00000004470348,2.8650000372529));
#4273=CARTESIAN_POINT('',(129.00000192225,1.00000004470348,3.7300000745058));
#4274=CARTESIAN_POINT('',(129.00000192225,3.00000004470348,3.7300000745058));
#4275=CARTESIAN_POINT('',(129.00000192225,1.00000001490117,2.8650000372529));
#4276=CARTESIAN_POINT('Origin',(130.27000192225,3.00000004470348,3.73000007450579));
#4277=CARTESIAN_POINT('',(130.27000192225,3.00000004470348,5.00000007450579));
#4278=CARTESIAN_POINT('Origin',(130.27000192225,3.00000004470348,3.73000007450579));
#4279=CARTESIAN_POINT('',(130.27000192225,1.00000004470348,5.00000007450579));
#4280=CARTESIAN_POINT('',(130.27000192225,3.00000004470348,5.00000007450579));
#4281=CARTESIAN_POINT('Origin',(130.27000192225,1.00000001490116,3.73000007450579));
#4282=CARTESIAN_POINT('Origin',(142.730002145767,3.00000004470348,5.00000007450579));
#4283=CARTESIAN_POINT('',(142.730002145767,3.00000004470348,5.00000007450579));
#4284=CARTESIAN_POINT('',(205.667501050532,3.00000004470348,5.00000007450579));
#4285=CARTESIAN_POINT('',(142.730002145767,1.00000004470348,5.00000007450579));
#4286=CARTESIAN_POINT('',(142.730002145767,3.00000004470348,5.00000007450579));
#4287=CARTESIAN_POINT('',(73.5875010654332,1.00000001490117,5.00000007450579));
#4288=CARTESIAN_POINT('Origin',(142.730002145767,3.00000004470348,3.73000007450579));
#4289=CARTESIAN_POINT('',(144.000002145767,3.00000004470348,3.73000007450581));
#4290=CARTESIAN_POINT('Origin',(142.730002145767,3.00000004470348,3.73000007450579));
#4291=CARTESIAN_POINT('',(144.000002145767,1.00000004470348,3.73000007450581));
#4292=CARTESIAN_POINT('',(144.000002145767,3.00000004470348,3.73000007450581));
#4293=CARTESIAN_POINT('Origin',(142.730002145767,1.00000001490116,3.73000007450579));
#4294=CARTESIAN_POINT('Origin',(144.000002145767,3.00000004470348,2.00000002980232));
#4295=CARTESIAN_POINT('',(144.000002145767,3.00000004470348,2.00000001490116));
#4296=CARTESIAN_POINT('',(144.000002145767,1.00000001490117,2.00000001490116));
#4297=CARTESIAN_POINT('Origin',(136.524999955297,-50.1649999552965,2.));
#4298=CARTESIAN_POINT('',(142.000001952052,-82.2805432701309,2.00000002980232));
#4299=CARTESIAN_POINT('',(142.000001952052,-67.2227716127137,2.));
#4300=CARTESIAN_POINT('',(124.876545556319,-82.2805432999333,2.));
#4301=CARTESIAN_POINT('Origin',(268.604999955297,3.00000004470348,2.));
#4302=CARTESIAN_POINT('',(268.604999955297,3.00000004470348,2.));
#4303=CARTESIAN_POINT('',(4.44499995529652,3.00000004470348,2.));
#4304=CARTESIAN_POINT('Origin',(131.000001952052,-84.2805432701309,2.00000002980232));
#4305=CARTESIAN_POINT('',(131.000001952052,-82.2805432701309,4.23000002980232));
#4306=CARTESIAN_POINT('',(131.000001952052,-82.2805432999333,2.00000001490116));
#4307=CARTESIAN_POINT('',(131.000001952052,-84.2805432701309,4.23000002980232));
#4308=CARTESIAN_POINT('Origin',(142.000001952052,-84.2805432701309,4.23000002980232));
#4309=CARTESIAN_POINT('',(142.000001952052,-82.2805432701309,4.23000002980232));
#4310=CARTESIAN_POINT('',(142.000001952052,-84.2805432701309,4.23000002980232));
#4311=CARTESIAN_POINT('',(142.000001952052,-82.2805432999333,3.11500001490116));
#4312=CARTESIAN_POINT('Origin',(140.730001952052,-84.2805432701309,4.23000002980229));
#4313=CARTESIAN_POINT('',(140.730001952052,-82.2805432701309,5.50000002980233));
#4314=CARTESIAN_POINT('',(140.730001952052,-84.2805432701309,5.50000002980233));
#4315=CARTESIAN_POINT('Origin',(140.730001952052,-82.2805432999333,4.23000002980229));
#4316=CARTESIAN_POINT('Origin',(132.270001952052,-84.2805432701309,5.50000002980231));
#4317=CARTESIAN_POINT('',(132.270001952052,-82.2805432701309,5.50000002980231));
#4318=CARTESIAN_POINT('',(132.270001952052,-84.2805432701309,5.50000002980231));
#4319=CARTESIAN_POINT('',(140.221382500303,-82.2805432999333,5.50000002980233));
#4320=CARTESIAN_POINT('Origin',(132.270001952052,-84.2805432701309,4.2300000298023));
#4321=CARTESIAN_POINT('Origin',(132.270001952052,-82.2805432999333,4.2300000298023));
#4322=CARTESIAN_POINT('Origin',(148.172763048553,-82.2805432999333,2.));
#4323=CARTESIAN_POINT('',(124.876545556319,-82.2805432999333,2.));
#4324=CARTESIAN_POINT('',(148.172763048553,-82.2805432999333,2.));
#4325=CARTESIAN_POINT('Origin',(169.326240252091,-97.7899999850987,2.));
#4326=CARTESIAN_POINT('',(166.823069106344,-100.293144850084,2.));
#4327=CARTESIAN_POINT('',(169.326240252091,-101.329999985099,2.));
#4328=CARTESIAN_POINT('Origin',(205.10391335543,-101.329999985099,2.));
#4329=CARTESIAN_POINT('',(205.10391335543,-101.329999985099,2.));
#4330=CARTESIAN_POINT('Origin',(205.10391335543,-97.7899999850989,2.));
#4331=CARTESIAN_POINT('',(208.64391335543,-97.7899999850989,2.));
#4332=CARTESIAN_POINT('Origin',(208.64391335543,-78.7399999850988,2.));
#4333=CARTESIAN_POINT('',(208.64391335543,-78.7399999850988,2.));
#4334=CARTESIAN_POINT('Origin',(210.18391335543,-78.7399999850988,2.));
#4335=CARTESIAN_POINT('',(210.18391335543,-77.1999999850989,2.));
#4336=CARTESIAN_POINT('Origin',(268.60391335543,-77.1999999850988,2.));
#4337=CARTESIAN_POINT('',(268.60391335543,-77.1999999850988,2.));
#4338=CARTESIAN_POINT('Origin',(268.60391335543,-71.7549999850988,2.));
#4339=CARTESIAN_POINT('',(274.04891335543,-71.7549999850988,2.));
#4340=CARTESIAN_POINT('Origin',(274.04891335543,-4.44499998509885,2.));
#4341=CARTESIAN_POINT('',(274.04891335543,-4.44499998509885,2.));
#4342=CARTESIAN_POINT('Origin',(268.60391335543,-4.44499998509884,2.));
#4343=CARTESIAN_POINT('',(268.60391335543,1.00000001490119,2.));
#4344=CARTESIAN_POINT('Origin',(4.44499998509912,1.00000001490116,2.));
#4345=CARTESIAN_POINT('',(4.44499998509912,1.00000001490116,2.));
#4346=CARTESIAN_POINT('Origin',(4.44499998509932,-4.44499998509932,2.));
#4347=CARTESIAN_POINT('',(-1.00000001490116,-4.44499998509884,2.));
#4348=CARTESIAN_POINT('Origin',(-1.00000001490116,-71.7549999850988,2.));
#4349=CARTESIAN_POINT('',(-1.00000001490116,-71.7549999850988,2.));
#4350=CARTESIAN_POINT('Origin',(4.44499998509883,-71.7549999850989,2.));
#4351=CARTESIAN_POINT('',(4.44499998509884,-77.1999999850989,2.));
#4352=CARTESIAN_POINT('Origin',(62.8649999850988,-77.1999999850988,2.));
#4353=CARTESIAN_POINT('',(62.8649999850988,-77.1999999850988,2.));
#4354=CARTESIAN_POINT('Origin',(62.8649999850988,-78.7399999850988,2.));
#4355=CARTESIAN_POINT('',(64.4049999850989,-78.7399999850988,2.));
#4356=CARTESIAN_POINT('Origin',(64.4049999850988,-97.7899999850989,2.));
#4357=CARTESIAN_POINT('',(64.4049999850988,-97.7899999850989,2.));
#4358=CARTESIAN_POINT('Origin',(67.9449999850988,-97.7899999850989,2.));
#4359=CARTESIAN_POINT('',(67.9449999850988,-101.329999985099,2.));
#4360=CARTESIAN_POINT('Origin',(103.722883974298,-101.329999985099,2.));
#4361=CARTESIAN_POINT('',(103.722883974298,-101.329999985099,2.));
#4362=CARTESIAN_POINT('Origin',(103.722883974298,-97.789999985099,2.));
#4363=CARTESIAN_POINT('',(106.226041979698,-100.293157990499,2.));
#4364=CARTESIAN_POINT('Origin',(123.787601113292,-82.731598856906,2.));
#4365=CARTESIAN_POINT('',(123.787601113292,-82.731598856906,2.));
#4366=CARTESIAN_POINT('Origin',(124.876545556319,-83.8205432999334,2.));
#4367=CARTESIAN_POINT('Origin',(148.172763048553,-83.8205432999333,2.));
#4368=CARTESIAN_POINT('',(149.261713208003,-82.7316045733578,2.));
#4369=CARTESIAN_POINT('Origin',(166.823069106344,-100.293144850084,2.));
#4370=CARTESIAN_POINT('Origin',(212.184999955296,-79.1999999552965,2.));
#4371=CARTESIAN_POINT('',(212.184999955296,-79.1999999552965,2.));
#4372=CARTESIAN_POINT('',(268.604999955297,-79.1999999552965,2.));
#4373=CARTESIAN_POINT('Origin',(212.184999955297,-80.7399999552965,2.));
#4374=CARTESIAN_POINT('',(210.644999955296,-80.7399999552965,2.));
#4375=CARTESIAN_POINT('Origin',(210.644999955296,-97.7899999552965,2.));
#4376=CARTESIAN_POINT('Origin',(60.8649999552965,-80.7399999552965,2.));
#4377=CARTESIAN_POINT('',(60.8649999552965,-79.1999999552965,2.));
#4378=CARTESIAN_POINT('Origin',(4.44499995529652,-79.1999999552965,2.));
#4379=CARTESIAN_POINT('',(4.44499995529652,-79.1999999552965,2.));
#4380=CARTESIAN_POINT('Origin',(4.44499995529652,-71.7549999552965,2.));
#4381=CARTESIAN_POINT('',(-3.00000004470348,-71.7549999552965,2.));
#4382=CARTESIAN_POINT('Origin',(-3.00000004470348,-4.44499995529652,2.));
#4383=CARTESIAN_POINT('',(-3.00000004470348,-4.44499995529652,2.));
#4384=CARTESIAN_POINT('Origin',(4.44499995529651,-4.44499995529651,2.));
#4385=CARTESIAN_POINT('Origin',(268.604999955297,-4.44499995529651,2.));
#4386=CARTESIAN_POINT('',(276.049999955297,-4.44499995529652,2.));
#4387=CARTESIAN_POINT('Origin',(276.049999955296,-71.7549999552965,2.));
#4388=CARTESIAN_POINT('',(276.049999955296,-71.7549999552965,2.));
#4389=CARTESIAN_POINT('Origin',(268.604999955297,-71.7549999552965,2.));
#4390=UNCERTAINTY_MEASURE_WITH_UNIT(LENGTH_MEASURE(0.01),#4394,
'DISTANCE_ACCURACY_VALUE',
'Maximum model space distance between geometric entities at asserted c
onnectivities');
#4391=UNCERTAINTY_MEASURE_WITH_UNIT(LENGTH_MEASURE(0.01),#4394,
'DISTANCE_ACCURACY_VALUE',
'Maximum model space distance between geometric entities at asserted c
onnectivities');
#4392=(
GEOMETRIC_REPRESENTATION_CONTEXT(3)
GLOBAL_UNCERTAINTY_ASSIGNED_CONTEXT((#4390))
GLOBAL_UNIT_ASSIGNED_CONTEXT((#4394,#4396,#4397))
REPRESENTATION_CONTEXT('','3D')
);
#4393=(
GEOMETRIC_REPRESENTATION_CONTEXT(3)
GLOBAL_UNCERTAINTY_ASSIGNED_CONTEXT((#4391))
GLOBAL_UNIT_ASSIGNED_CONTEXT((#4394,#4396,#4397))
REPRESENTATION_CONTEXT('','3D')
);
#4394=(
LENGTH_UNIT()
NAMED_UNIT(*)
SI_UNIT(.MILLI.,.METRE.)
);
#4395=(
LENGTH_UNIT()
NAMED_UNIT(*)
SI_UNIT($,.METRE.)
);
#4396=(
NAMED_UNIT(*)
PLANE_ANGLE_UNIT()
SI_UNIT($,.RADIAN.)
);
#4397=(
NAMED_UNIT(*)
SI_UNIT($,.STERADIAN.)
SOLID_ANGLE_UNIT()
);
#4398=SHAPE_DEFINITION_REPRESENTATION(#4399,#4400);
#4399=PRODUCT_DEFINITION_SHAPE('',$,#4402);
#4400=SHAPE_REPRESENTATION('',(#2517),#4392);
#4401=PRODUCT_DEFINITION_CONTEXT('part definition',#4406,'design');
#4402=PRODUCT_DEFINITION('Fusion \X2\30B330F330DD30FC30CD30F330C8\X0\',
'Fusion \X2\30B330F330DD30FC30CD30F330C8\X0\',#4403,#4401);
#4403=PRODUCT_DEFINITION_FORMATION('',$,#4408);
#4404=PRODUCT_RELATED_PRODUCT_CATEGORY('Fusion \X2\30B330F330DD30FC30CD30F330C8\X0\',
'Fusion \X2\30B330F330DD30FC30CD30F330C8\X0\',(#4408));
#4405=APPLICATION_PROTOCOL_DEFINITION('international standard',
'automotive_design',2009,#4406);
#4406=APPLICATION_CONTEXT(
'Core Data for Automotive Mechanical Design Process');
#4407=PRODUCT_CONTEXT('part definition',#4406,'mechanical');
#4408=PRODUCT('Fusion \X2\30B330F330DD30FC30CD30F330C8\X0\',
'Fusion \X2\30B330F330DD30FC30CD30F330C8\X0\',$,(#4407));
#4409=PRESENTATION_STYLE_ASSIGNMENT((#4411));
#4410=PRESENTATION_STYLE_ASSIGNMENT((#4412));
#4411=SURFACE_STYLE_USAGE(.BOTH.,#4413);
#4412=SURFACE_STYLE_USAGE(.BOTH.,#4414);
#4413=SURFACE_SIDE_STYLE('',(#4415));
#4414=SURFACE_SIDE_STYLE('',(#4416));
#4415=SURFACE_STYLE_FILL_AREA(#4417);
#4416=SURFACE_STYLE_FILL_AREA(#4418);
#4417=FILL_AREA_STYLE('\X2\92FC\X0\ - \X2\30B530C630F3\X0\',(#4419));
#4418=FILL_AREA_STYLE(
'PA 11 - Nylon- HP 11-30 (EOS P 396 3D \X2\30D730EA30F330BF4F7F7528\X0\)',
(#4420));
#4419=FILL_AREA_STYLE_COLOUR('\X2\92FC\X0\ - \X2\30B530C630F3\X0\',#4421);
#4420=FILL_AREA_STYLE_COLOUR(
'PA 11 - Nylon- HP 11-30 (EOS P 396 3D \X2\30D730EA30F330BF4F7F7528\X0\)',
#4422);
#4421=COLOUR_RGB('\X2\92FC\X0\ - \X2\30B530C630F3\X0\',0.627450980392157,
0.627450980392157,0.627450980392157);
#4422=COLOUR_RGB(
'PA 11 - Nylon- HP 11-30 (EOS P 396 3D \X2\30D730EA30F330BF4F7F7528\X0\)',
0.247058823529412,0.247058823529412,0.247058823529412);
ENDSEC;
END-ISO-10303-21;
